client_id,Variation,completion_minutes
555,Test,2.6333333333333333
647,Test,6.283333333333333
1195,Control,4.083333333333333
1197,Control,1.5833333333333333
1336,Test,3.5166666666666666
1516,Test,15.9
1643,Test,11.466666666666667
1755,Test,3.716666666666667
1836,Test,1.95
1936,Test,3.466666666666667
3232,Test,5.333333333333333
3572,Test,4.25
3743,Control,4.866666666666666
4369,Test,10.533333333333333
4484,Test,27.866666666666667
4603,Test,2.65
4717,Test,3.05
4870,Test,6.866666666666666
5354,Control,1.5
6642,Control,7.383333333333334
6904,Test,2.0833333333333335
6977,Control,3.783333333333333
6985,Control,10.433333333333334
7020,Control,3.933333333333333
7563,Test,5.25
7567,Control,2.35
7657,Test,4.816666666666666
7723,Test,5.183333333333334
8055,Test,4.95
8101,Control,15.9
8820,Test,6.966666666666667
9767,Control,4.65
11040,Test,2.0
11054,Control,10.15
11070,Control,18.083333333333332
11122,Control,3.5166666666666666
11309,Test,3.3
11880,Test,6.333333333333333
12785,Test,33.15
13009,Control,6.616666666666666
13735,Test,2.65
15050,Test,5.733333333333333
15189,Test,2.45
16098,Test,2.033333333333333
16135,Control,12.8
16295,Test,8.483333333333333
16549,Control,6.4
16747,Control,2.6
17008,Control,5.433333333333334
17036,Control,3.35
17160,Control,5.35
17170,Test,4.416666666666667
17404,Test,1.65
18549,Test,2.55
18973,Control,13.3
19782,Control,7.65
19813,Control,11.2
19832,Control,6.85
20091,Control,4.9
20185,Test,40.983333333333334
20537,Control,3.9166666666666665
20564,Test,13.916666666666666
20643,Test,1.9666666666666666
21242,Control,1.35
21281,Test,5.316666666666666
21353,Control,4.25
21498,Control,12.2
21596,Test,7.516666666666667
21940,Control,2.6166666666666667
22007,Test,3.966666666666667
23276,Control,4.466666666666667
23864,Control,5.466666666666667
23914,Test,1.9833333333333334
24443,Test,30.3
24572,Test,6.95
24710,Control,3.783333333333333
24841,Test,3.6
25022,Test,9.466666666666667
25026,Test,7.283333333333333
25043,Control,2.05
25766,Control,5.55
26036,Test,1.0166666666666666
26070,Test,6.283333333333333
26105,Test,2.533333333333333
26211,Control,9.75
27021,Control,22.7
27075,Test,1.25
27241,Control,1.7166666666666666
27554,Control,1.5666666666666667
27764,Test,10.433333333333334
27907,Test,6.183333333333334
27988,Control,2.25
28241,Test,4.633333333333334
28371,Test,5.6
28542,Control,8.166666666666666
28705,Control,3.6333333333333333
28845,Control,2.8833333333333333
28857,Control,9.3
29227,Test,5.466666666666667
29527,Test,5.966666666666667
29595,Control,2.2666666666666666
30318,Test,4.366666666666666
30493,Test,9.966666666666667
31264,Control,2.6666666666666665
31336,Test,0.9333333333333333
31404,Test,3.3
31499,Test,12.733333333333333
31502,Control,10.6
31597,Test,3.0166666666666666
31715,Control,2.816666666666667
32197,Control,3.55
32521,Test,3.3
32746,Test,5.933333333333334
33190,Control,7.583333333333333
33265,Test,4.05
33463,Control,11.266666666666667
33472,Test,4.166666666666667
33752,Test,1.7
34067,Control,15.816666666666666
34267,Control,1.8333333333333333
34603,Control,5.516666666666667
35138,Test,6.216666666666667
35181,Test,4.55
35257,Control,1.85
35346,Control,2.8833333333333333
35417,Control,2.0166666666666666
35476,Test,5.4
35922,Test,23.483333333333334
36109,Control,15.333333333333334
36342,Test,3.8
36363,Test,4.45
36430,Test,15.85
36986,Test,2.683333333333333
37064,Control,5.866666666666666
37295,Control,6.583333333333333
37408,Control,5.583333333333333
37423,Test,9.65
37667,Test,2.05
37705,Test,5.933333333333334
37897,Test,1.6333333333333333
38283,Test,4.233333333333333
38340,Test,2.0166666666666666
38551,Test,3.816666666666667
38685,Control,3.316666666666667
38714,Control,1.9
38930,Control,5.933333333333334
38963,Control,17.966666666666665
39075,Control,2.5166666666666666
39566,Test,3.4833333333333334
40439,Test,1.1833333333333333
41122,Test,2.533333333333333
41142,Test,6.383333333333334
41199,Test,11.016666666666667
41237,Test,2.566666666666667
41516,Control,1.3166666666666667
42082,Control,6.083333333333333
42349,Test,2.4166666666666665
42725,Test,2.35
44060,Control,4.783333333333333
44216,Control,4.783333333333333
44705,Test,45.43333333333333
44860,Control,4.3
44932,Test,2.3
45131,Test,22.683333333333334
45232,Test,9.9
45485,Test,19.4
45510,Test,1.3166666666666667
47571,Control,14.7
47933,Control,7.783333333333333
48431,Control,4.366666666666666
48448,Test,1.6666666666666667
48724,Test,3.7333333333333334
49412,Control,3.0166666666666666
49450,Control,30.583333333333332
49709,Test,6.966666666666667
50053,Test,4.85
50090,Test,1.9833333333333334
50185,Control,2.8333333333333335
50271,Control,4.15
50325,Test,2.5
50643,Control,6.166666666666667
51493,Test,7.483333333333333
51526,Test,38.38333333333333
51706,Control,3.3333333333333335
51814,Control,2.316666666666667
51902,Control,1.9333333333333333
52111,Control,4.266666666666667
52456,Control,7.883333333333334
52461,Control,3.683333333333333
52743,Test,3.1166666666666667
52765,Control,3.683333333333333
53094,Control,3.716666666666667
53123,Control,4.816666666666666
53126,Control,1.65
53396,Test,1.5166666666666666
54231,Test,3.0
54291,Control,3.716666666666667
54363,Control,2.2
54893,Test,1.15
55059,Test,2.283333333333333
55265,Test,5.183333333333334
55333,Test,1.9333333333333333
55448,Control,4.716666666666667
56294,Test,3.8333333333333335
56529,Control,22.933333333333334
56923,Test,3.75
58001,Control,4.5
58194,Test,12.15
58196,Control,10.033333333333333
58456,Control,12.466666666666667
58676,Control,5.983333333333333
58867,Test,19.7
58917,Control,5.25
58962,Test,5.116666666666666
59089,Control,4.166666666666667
59152,Test,1.95
59360,Test,9.216666666666667
59782,Control,15.85
59802,Test,4.45
59860,Control,8.05
60101,Test,1.4666666666666666
60483,Test,1.9333333333333333
61487,Test,2.3833333333333333
61650,Test,4.283333333333333
61961,Test,4.316666666666666
62284,Test,7.7
62754,Test,3.35
62791,Test,2.2333333333333334
62805,Test,4.3
63377,Control,2.6666666666666665
63507,Test,3.8333333333333335
63796,Test,23.7
63879,Test,3.7
63955,Test,4.166666666666667
64020,Control,18.783333333333335
64058,Test,2.3666666666666667
64871,Control,4.883333333333334
64964,Control,9.85
65221,Test,2.6
65716,Control,3.4833333333333334
65845,Control,13.383333333333333
66160,Test,1.35
66169,Control,1.5
66539,Test,2.716666666666667
67390,Test,11.766666666666667
67452,Test,3.316666666666667
67925,Test,5.933333333333334
68276,Test,2.433333333333333
68830,Control,2.65
68854,Control,15.1
68886,Test,1.9333333333333333
68963,Control,16.583333333333332
69598,Control,5.1
70225,Control,1.5333333333333334
70576,Test,21.6
71296,Control,16.666666666666668
72074,Test,2.45
72221,Control,7.133333333333334
72395,Test,4.566666666666666
72915,Test,2.2333333333333334
72916,Test,4.066666666666666
73331,Control,2.1
73335,Control,4.833333333333333
73453,Control,14.733333333333333
73615,Test,3.7333333333333334
73648,Test,1.9666666666666666
73910,Control,2.8333333333333335
74169,Control,5.7
74976,Test,5.8
75033,Test,2.9166666666666665
75490,Test,1.35
75642,Control,7.683333333333334
76424,Control,3.75
76429,Test,4.516666666666667
76481,Test,5.583333333333333
76776,Control,3.8
77071,Control,10.833333333333334
77276,Test,1.1833333333333333
77513,Test,9.8
77933,Test,3.3666666666666667
79127,Control,5.666666666666667
79452,Test,1.6166666666666667
79571,Control,3.0833333333333335
79679,Control,4.166666666666667
79897,Test,13.1
80006,Test,5.633333333333334
80126,Test,5.116666666666666
80127,Control,3.2
80275,Test,15.883333333333333
80479,Test,3.0166666666666666
80559,Control,4.65
80915,Control,13.666666666666666
81102,Control,4.116666666666666
81303,Test,20.716666666666665
81601,Control,10.016666666666667
82206,Test,2.15
82376,Control,3.783333333333333
82566,Control,2.95
82772,Test,1.7
82869,Control,2.3666666666666667
83158,Control,8.9
83447,Control,10.516666666666667
83507,Test,1.2166666666666666
83585,Test,2.3833333333333333
83795,Test,10.9
84108,Control,3.85
84464,Test,4.266666666666667
84480,Control,31.85
84624,Control,7.35
84658,Test,2.316666666666667
84976,Test,5.983333333333333
85793,Control,4.166666666666667
86035,Test,3.75
86499,Control,2.8333333333333335
86616,Control,7.466666666666667
86699,Control,2.1
86877,Test,2.966666666666667
87162,Control,5.033333333333333
87218,Control,5.9
87300,Control,9.416666666666666
87424,Test,4.15
87449,Test,2.316666666666667
88723,Control,2.3666666666666667
88759,Control,6.133333333333334
89039,Test,3.716666666666667
89052,Control,5.883333333333334
89116,Control,2.033333333333333
89604,Test,2.1
89693,Test,2.783333333333333
89959,Test,12.533333333333333
90324,Test,4.916666666666667
90360,Test,2.816666666666667
90596,Control,2.3833333333333333
91110,Test,9.25
91254,Test,2.25
91443,Test,3.85
91633,Test,8.466666666666667
92066,Test,2.966666666666667
92137,Test,2.2666666666666666
92808,Control,2.7666666666666666
93127,Control,4.266666666666667
93137,Test,1.6166666666666667
93480,Test,8.116666666666667
93610,Test,41.733333333333334
93870,Test,7.766666666666667
93915,Test,32.0
94767,Test,5.133333333333334
94778,Control,6.7
95035,Test,12.683333333333334
95199,Test,2.0
95453,Test,3.4
96190,Test,5.25
96787,Test,10.266666666666667
97424,Test,2.066666666666667
97590,Test,5.166666666666667
97723,Control,2.1333333333333333
98337,Test,1.6666666666666667
98860,Control,1.05
99149,Control,2.3666666666666667
99208,Test,5.0
99811,Control,5.716666666666667
100250,Test,1.8333333333333333
100503,Control,5.4
100888,Control,4.733333333333333
101818,Control,5.716666666666667
103515,Control,4.733333333333333
103622,Test,3.1666666666666665
103627,Test,1.9
103669,Test,2.533333333333333
104328,Control,1.9166666666666667
104781,Control,0.9666666666666667
104884,Control,3.0833333333333335
104972,Test,2.1
105026,Control,9.383333333333333
105357,Control,5.916666666666667
105360,Control,16.583333333333332
105623,Control,5.983333333333333
106501,Test,11.4
108419,Test,4.333333333333333
108438,Control,16.133333333333333
108892,Test,4.333333333333333
109465,Control,3.55
109662,Test,29.4
109859,Control,16.066666666666666
110028,Test,7.333333333333333
110212,Test,8.583333333333334
110772,Test,18.616666666666667
111012,Control,1.7666666666666666
111304,Control,15.7
112128,Control,2.4833333333333334
112766,Test,4.7
113852,Test,2.75
113951,Test,2.45
114541,Control,5.15
114542,Test,2.5166666666666666
114566,Control,2.5833333333333335
115163,Test,2.433333333333333
115570,Test,1.3666666666666667
115973,Control,8.5
116345,Control,9.783333333333333
116384,Test,2.533333333333333
116693,Control,1.2666666666666666
117032,Test,49.71666666666667
117276,Test,2.3833333333333333
117457,Test,2.5
117520,Test,2.816666666666667
117621,Control,3.6666666666666665
117916,Test,5.683333333333334
118358,Control,6.683333333333334
118415,Control,3.1333333333333333
118446,Test,8.883333333333333
118964,Control,21.883333333333333
118966,Test,3.2
119634,Test,2.3
120089,Test,7.3
120309,Control,4.016666666666667
120351,Test,2.3833333333333333
120660,Test,1.7166666666666666
120830,Test,8.85
120872,Control,24.933333333333334
121029,Test,7.116666666666666
121238,Test,5.633333333333334
121354,Test,2.0833333333333335
121672,Test,6.8
122526,Test,10.516666666666667
122790,Test,17.133333333333333
123311,Test,9.85
124118,Control,3.0
124572,Control,9.466666666666667
124614,Test,2.8666666666666667
124624,Control,2.566666666666667
124916,Control,1.9833333333333334
125022,Control,4.766666666666667
125305,Control,1.75
125679,Control,2.6666666666666665
126171,Control,6.116666666666666
126259,Test,10.0
126285,Control,7.216666666666667
126288,Test,5.366666666666666
126524,Test,7.45
126758,Test,4.416666666666667
126759,Control,11.833333333333334
126853,Test,4.883333333333334
127331,Test,5.55
127396,Test,2.6
127825,Test,3.5833333333333335
127921,Test,5.983333333333333
128230,Test,45.63333333333333
128801,Control,12.383333333333333
128919,Test,23.65
129549,Control,4.25
129659,Control,16.016666666666666
130031,Control,6.916666666666667
130452,Test,20.183333333333334
130952,Test,10.2
133096,Test,5.0
133394,Test,3.933333333333333
133471,Control,1.8666666666666667
133522,Control,8.566666666666666
133631,Control,2.6333333333333333
133742,Test,12.55
134207,Control,11.333333333333334
134282,Test,5.383333333333334
134582,Control,13.916666666666666
134657,Control,5.983333333333333
134829,Control,6.666666666666667
135199,Control,7.0
135917,Test,3.55
135969,Test,1.2
136138,Control,4.766666666666667
136237,Control,25.883333333333333
136978,Test,2.1
137016,Test,2.6666666666666665
137061,Test,5.816666666666666
137412,Test,3.1666666666666665
137555,Test,3.033333333333333
137816,Test,2.816666666666667
138002,Test,1.8833333333333333
138741,Test,3.5
138790,Test,5.983333333333333
139079,Control,2.95
139808,Test,9.616666666666667
139979,Test,1.3833333333333333
140020,Test,9.516666666666667
140116,Control,2.25
140488,Control,9.2
140489,Control,4.516666666666667
140683,Test,5.2
141417,Test,3.65
141602,Control,3.1166666666666667
141643,Test,2.7333333333333334
142579,Control,2.6
142725,Control,5.016666666666667
143218,Control,2.4833333333333334
143267,Test,2.4833333333333334
143271,Test,4.483333333333333
143610,Control,3.066666666666667
143688,Control,34.583333333333336
144169,Control,6.166666666666667
144244,Control,4.25
144678,Control,4.4
144773,Control,1.0666666666666667
145106,Test,3.1666666666666665
145810,Test,6.316666666666666
146072,Test,21.7
146205,Control,1.8333333333333333
146317,Control,10.8
146390,Test,3.45
146579,Test,4.983333333333333
147033,Control,2.1333333333333333
147077,Control,10.6
147316,Control,10.6
148037,Control,3.8833333333333333
148099,Control,10.916666666666666
148217,Test,1.8666666666666667
148347,Test,10.583333333333334
148369,Test,4.783333333333333
148391,Test,19.233333333333334
148445,Control,10.066666666666666
148448,Test,3.35
148850,Test,2.033333333333333
148954,Control,2.933333333333333
149108,Test,2.683333333333333
150095,Test,4.966666666666667
151897,Test,4.316666666666666
152661,Test,4.3
153841,Control,4.866666666666666
154143,Test,3.316666666666667
154147,Test,2.3333333333333335
154150,Control,10.35
154640,Control,3.6666666666666665
154809,Test,8.6
155526,Control,2.466666666666667
156105,Test,3.3666666666666667
157106,Test,2.1333333333333333
157209,Test,4.65
158047,Test,117.35
158141,Test,5.7
159268,Control,14.766666666666667
159558,Test,5.1
159617,Control,3.65
159687,Test,10.9
159823,Control,8.45
159875,Test,3.716666666666667
160144,Test,7.033333333333333
160466,Control,28.166666666666668
160616,Control,7.45
160654,Test,9.5
160741,Test,49.1
161127,Control,7.316666666666666
161440,Test,6.066666666666666
161491,Control,8.383333333333333
161771,Test,2.2
162127,Test,11.316666666666666
162575,Control,3.85
162894,Test,4.266666666666667
163907,Test,8.366666666666667
165301,Control,7.25
165428,Control,6.55
165765,Test,10.866666666666667
165890,Control,7.883333333333334
165900,Test,6.983333333333333
166017,Test,11.216666666666667
166289,Control,9.083333333333334
166315,Test,3.033333333333333
166702,Control,4.15
168266,Test,4.2
168539,Test,2.3333333333333335
168727,Control,1.3
168989,Test,10.116666666666667
169185,Test,3.7
169620,Test,8.55
170383,Test,12.516666666666667
170507,Control,6.75
170660,Control,3.0
170798,Test,11.216666666666667
170865,Control,4.533333333333333
170895,Control,5.033333333333333
170896,Control,5.9
171096,Test,2.05
171484,Test,4.833333333333333
171492,Test,3.7333333333333334
171583,Test,3.6666666666666665
171597,Test,4.95
171971,Test,3.0166666666666666
172858,Test,1.8833333333333333
173122,Control,5.916666666666667
173784,Control,1.8333333333333333
174238,Test,2.15
174244,Test,2.45
174800,Control,2.1666666666666665
174806,Control,3.55
175033,Control,12.35
175752,Test,7.183333333333334
175784,Control,6.183333333333334
176114,Test,27.583333333333332
176808,Control,2.6166666666666667
176963,Test,16.966666666666665
176966,Test,3.433333333333333
177581,Control,6.7
177765,Test,5.833333333333333
177876,Control,1.75
177990,Control,17.7
178125,Test,2.033333333333333
178214,Test,12.233333333333333
178493,Control,9.683333333333334
179076,Control,23.166666666666668
179119,Test,2.2333333333333334
179489,Control,3.0
180142,Control,10.316666666666666
180381,Control,7.133333333333334
180404,Control,2.9
180425,Test,4.15
180953,Control,3.35
181125,Test,1.8
181254,Test,2.3333333333333335
182074,Test,2.7666666666666666
182574,Control,4.833333333333333
182739,Test,1.3666666666666667
183077,Test,6.483333333333333
183287,Control,1.6833333333333333
183399,Control,7.05
183720,Test,1.3833333333333333
183855,Control,12.283333333333333
184127,Test,2.033333333333333
184211,Control,3.7
184216,Test,2.6166666666666667
184701,Test,4.666666666666667
184963,Control,1.3666666666666667
185096,Test,2.5833333333333335
185675,Test,21.483333333333334
185881,Control,6.15
185963,Test,4.166666666666667
186246,Control,3.2333333333333334
186612,Control,3.3833333333333333
186857,Test,15.5
187498,Test,2.816666666666667
187547,Test,4.35
187837,Control,2.7333333333333334
187901,Control,3.033333333333333
188427,Control,6.783333333333333
189267,Control,1.8666666666666667
189299,Control,8.7
189571,Control,1.7166666666666666
189572,Test,2.9
190001,Test,21.35
190197,Control,9.333333333333334
190246,Test,6.883333333333334
190580,Test,6.95
190598,Test,3.35
191373,Control,6.266666666666667
191619,Test,3.4166666666666665
191749,Control,3.066666666666667
191877,Test,8.333333333333334
192518,Test,2.4833333333333334
192577,Test,5.516666666666667
193111,Test,3.0166666666666666
193303,Test,4.133333333333334
193305,Test,4.633333333333334
193457,Test,3.566666666666667
193835,Control,4.016666666666667
194329,Control,2.2666666666666666
194686,Control,46.68333333333333
194784,Test,2.85
195166,Test,1.3
195310,Control,4.35
195446,Control,6.4
195655,Test,3.7333333333333334
195714,Control,2.1333333333333333
196053,Control,2.45
196103,Control,11.8
196286,Control,2.95
196635,Test,5.95
196675,Control,4.316666666666666
197374,Test,2.966666666666667
197518,Control,4.083333333333333
197560,Test,1.1833333333333333
197793,Test,2.85
198652,Test,3.0166666666666666
198857,Control,1.5666666666666667
198932,Control,2.316666666666667
198935,Test,16.016666666666666
199386,Test,31.333333333333332
200352,Control,8.666666666666666
200372,Control,8.733333333333333
200598,Test,4.083333333333333
200604,Control,2.9166666666666665
200698,Test,2.533333333333333
200707,Test,6.4
201392,Control,10.516666666666667
201394,Test,3.716666666666667
201447,Test,5.45
201641,Test,1.0833333333333333
201909,Test,1.15
202371,Test,9.866666666666667
202856,Control,4.833333333333333
202865,Control,4.9
202973,Test,1.6333333333333333
204212,Control,1.6166666666666667
204361,Control,2.7666666666666666
204445,Test,2.0833333333333335
204784,Test,37.95
204888,Test,2.716666666666667
205273,Test,2.75
205429,Test,6.4
205563,Test,4.25
206428,Test,2.85
206829,Control,2.45
207261,Test,8.783333333333333
207299,Control,3.0166666666666666
207416,Control,3.966666666666667
207721,Control,1.6
208156,Test,1.5333333333333334
208237,Control,2.85
208505,Test,1.6666666666666667
208784,Test,6.066666666666666
209099,Test,7.733333333333333
209462,Test,3.933333333333333
209511,Control,14.016666666666667
210140,Test,1.2166666666666666
210141,Test,7.85
210347,Control,3.35
210473,Control,11.55
210667,Test,5.883333333333334
211023,Test,4.883333333333334
211694,Test,3.85
211709,Control,9.1
212071,Control,11.866666666666667
212654,Test,8.316666666666666
214594,Control,2.566666666666667
214998,Control,4.383333333333334
215411,Test,10.183333333333334
215661,Test,2.65
216445,Control,1.4833333333333334
217308,Test,3.6333333333333333
217500,Control,3.9
217547,Test,4.3
218589,Test,2.3333333333333335
218777,Test,1.5166666666666666
219306,Control,1.6166666666666667
219592,Test,5.65
219851,Control,7.133333333333334
219909,Test,2.8
220394,Control,4.3
220594,Test,2.066666666666667
220644,Control,8.9
220901,Control,6.883333333333334
221092,Test,4.416666666666667
221296,Test,1.35
221354,Control,5.55
221385,Test,1.0166666666666666
221558,Control,3.1666666666666665
221734,Control,4.966666666666667
221779,Test,3.683333333333333
222111,Test,1.4
222726,Control,8.85
223224,Control,13.266666666666667
224102,Control,19.016666666666666
225103,Control,4.633333333333334
225928,Control,3.8333333333333335
226198,Test,4.55
226234,Control,11.333333333333334
226818,Test,3.3666666666666667
226853,Test,3.783333333333333
227588,Test,2.3833333333333333
227610,Test,2.2
227629,Control,4.766666666666667
227631,Test,3.216666666666667
227805,Test,5.15
228465,Test,7.066666666666666
228662,Test,3.183333333333333
228868,Test,3.3
229123,Test,1.5833333333333333
229242,Control,6.666666666666667
229490,Test,1.2833333333333334
229500,Control,5.65
229522,Test,2.7666666666666666
229701,Control,0.8166666666666667
229800,Test,4.7
230423,Test,2.433333333333333
230492,Control,5.733333333333333
230538,Test,2.1
230560,Control,2.65
230950,Control,4.583333333333333
233145,Test,4.583333333333333
233249,Control,4.75
233312,Test,3.75
233344,Test,3.0833333333333335
233391,Test,3.9833333333333334
233429,Test,2.8666666666666667
233601,Control,2.0166666666666666
233799,Control,3.183333333333333
233965,Control,1.5
234014,Test,2.9833333333333334
234316,Test,4.966666666666667
234619,Test,14.683333333333334
235037,Test,3.783333333333333
235331,Control,21.6
235342,Test,6.166666666666667
236486,Control,2.933333333333333
236511,Test,2.5166666666666666
236546,Control,3.683333333333333
236696,Test,2.1
237511,Test,12.216666666666667
237525,Control,7.933333333333334
237611,Test,0.8666666666666667
237822,Control,2.75
237927,Control,4.15
238091,Test,13.3
238154,Control,3.566666666666667
238490,Control,3.183333333333333
239136,Control,13.45
239291,Test,1.7666666666666666
239772,Control,3.4833333333333334
239815,Control,1.2
240288,Control,2.0833333333333335
240400,Control,12.266666666666667
240468,Control,13.466666666666667
240560,Test,12.3
241057,Control,2.066666666666667
241085,Test,4.2
241571,Control,11.5
242197,Test,7.516666666666667
242235,Test,1.6833333333333333
242262,Control,4.9
242576,Test,2.933333333333333
242833,Control,34.05
242922,Control,3.4166666666666665
243705,Test,3.283333333333333
244011,Test,2.1166666666666667
244304,Control,3.216666666666667
244487,Test,2.316666666666667
244941,Test,33.75
245270,Control,4.25
245646,Control,4.2
246429,Test,15.116666666666667
246710,Test,1.3833333333333333
246812,Test,6.333333333333333
246901,Test,3.15
246911,Control,2.95
247960,Test,3.8
248317,Test,13.666666666666666
248485,Control,5.783333333333333
248531,Test,2.85
248569,Test,2.6333333333333333
249333,Control,2.05
249632,Test,16.85
249743,Control,2.8666666666666667
250165,Control,3.25
250645,Test,1.9666666666666666
250763,Control,1.55
250924,Test,11.15
251184,Control,24.216666666666665
251414,Test,7.283333333333333
251748,Test,2.0833333333333335
252002,Control,1.5166666666666666
252509,Control,2.65
252667,Test,3.9833333333333334
252898,Test,0.9833333333333333
253049,Test,4.866666666666666
253639,Test,3.7
253737,Control,5.5
253977,Control,4.366666666666666
254266,Control,9.8
254302,Test,2.0166666666666666
254417,Test,2.533333333333333
254491,Control,8.366666666666667
254505,Test,1.4333333333333333
254529,Control,2.25
254604,Test,4.583333333333333
254909,Control,3.9
254955,Test,2.9
255743,Control,7.866666666666666
256277,Test,4.883333333333334
257116,Test,1.9
257259,Test,1.4166666666666667
257597,Control,7.75
257840,Test,2.1666666666666665
257907,Test,2.0166666666666666
258144,Test,8.65
258198,Control,3.1666666666666665
258829,Control,48.35
258909,Test,8.15
259061,Control,15.766666666666667
259228,Test,4.05
260044,Test,2.7666666666666666
260336,Test,3.0833333333333335
260668,Test,4.383333333333334
260727,Test,2.65
260843,Test,2.5833333333333335
261852,Test,7.25
262054,Control,1.1333333333333333
262503,Test,7.233333333333333
262535,Control,4.933333333333334
262702,Test,1.25
263217,Control,9.25
263861,Test,8.866666666666667
264049,Test,9.45
265715,Test,4.383333333333334
266183,Control,6.116666666666666
266232,Test,2.6666666666666665
266404,Test,7.1
267299,Control,9.183333333333334
267341,Test,2.566666666666667
267391,Test,2.433333333333333
267446,Control,6.233333333333333
267576,Control,5.083333333333333
267928,Test,8.483333333333333
268386,Control,3.15
268415,Test,2.433333333333333
268441,Control,7.133333333333334
268908,Control,3.566666666666667
268972,Control,6.066666666666666
269352,Control,3.05
269373,Control,2.8
269520,Control,12.833333333333334
269529,Test,1.7833333333333334
269636,Control,4.45
269660,Test,4.733333333333333
270013,Test,3.5166666666666666
270173,Test,1.3333333333333333
270527,Control,16.866666666666667
270539,Test,25.766666666666666
270682,Control,2.8666666666666667
271343,Test,4.85
271577,Control,16.933333333333334
271955,Control,5.566666666666666
272934,Control,3.933333333333333
273319,Control,1.3333333333333333
273469,Test,1.8333333333333333
274453,Control,11.833333333333334
274476,Test,2.8333333333333335
274798,Control,2.35
275144,Test,7.316666666666666
275210,Test,3.6166666666666667
276792,Test,1.5333333333333334
277068,Test,5.666666666666667
277251,Control,1.9833333333333334
278017,Test,3.0833333333333335
278457,Test,2.9166666666666665
279311,Test,5.05
279675,Test,3.066666666666667
280389,Test,7.25
280881,Test,2.75
281095,Test,15.733333333333333
281100,Test,4.266666666666667
282077,Control,4.233333333333333
282081,Control,12.166666666666666
282393,Control,5.516666666666667
283127,Test,11.316666666666666
283734,Test,2.316666666666667
283840,Test,3.9166666666666665
284427,Test,1.75
284648,Test,6.133333333333334
285338,Test,3.783333333333333
285619,Control,4.666666666666667
286645,Test,17.066666666666666
286837,Test,3.2333333333333334
286957,Test,1.8166666666666667
287006,Control,4.416666666666667
287010,Test,5.766666666666667
287195,Test,4.683333333333334
287360,Test,2.4833333333333334
287817,Test,14.983333333333333
291182,Control,4.683333333333334
291411,Control,1.4333333333333333
292165,Control,7.4
292370,Control,2.9166666666666665
292583,Test,26.5
292742,Test,2.5833333333333335
292788,Test,10.283333333333333
292954,Control,14.2
293075,Test,2.1333333333333333
293500,Control,2.7666666666666666
294034,Test,11.833333333333334
294716,Control,2.8
294956,Test,5.116666666666666
295552,Test,6.383333333333334
295858,Test,2.783333333333333
296131,Test,18.816666666666666
296154,Control,38.38333333333333
296161,Control,3.2333333333333334
296285,Control,7.733333333333333
296314,Test,12.5
296527,Control,2.4833333333333334
297011,Control,2.4
297220,Control,5.766666666666667
297253,Test,5.733333333333333
297472,Control,9.166666666666666
297511,Test,9.1
297721,Test,3.4166666666666665
297788,Test,10.533333333333333
298442,Control,3.7666666666666666
298708,Test,8.566666666666666
298786,Test,5.483333333333333
298925,Control,13.533333333333333
299060,Control,4.183333333333334
299462,Control,2.4
299523,Control,4.633333333333334
299563,Control,2.05
299872,Control,7.583333333333333
300527,Test,4.266666666666667
301141,Control,25.066666666666666
301165,Test,2.2666666666666666
301330,Control,1.6666666666666667
301637,Test,1.1666666666666667
301969,Test,8.166666666666666
302069,Control,2.283333333333333
302083,Test,6.7
302140,Test,3.1166666666666667
303136,Test,1.1333333333333333
303497,Test,3.3666666666666667
303920,Test,5.5
304915,Test,1.3
305028,Test,2.7
305251,Test,1.7333333333333334
305572,Control,10.833333333333334
305648,Test,5.583333333333333
306118,Test,4.466666666666667
306459,Test,3.6166666666666667
306592,Test,7.516666666666667
307667,Control,8.166666666666666
307881,Test,2.4833333333333334
308060,Test,2.283333333333333
308167,Test,3.066666666666667
308531,Test,2.1333333333333333
309009,Test,2.85
309362,Test,4.633333333333334
309508,Control,3.9
309715,Control,8.433333333333334
309979,Control,4.983333333333333
310181,Test,1.9833333333333334
310380,Control,3.3833333333333333
310721,Test,39.016666666666666
311251,Test,1.4
311794,Control,7.983333333333333
312042,Test,7.616666666666666
312094,Control,8.466666666666667
312199,Test,5.2
312698,Control,2.3666666666666667
312726,Control,1.8666666666666667
312781,Test,3.8333333333333335
312799,Control,2.05
312887,Test,1.7666666666666666
312984,Control,5.666666666666667
313570,Test,9.2
313591,Test,11.55
313763,Control,7.466666666666667
313789,Control,4.15
314189,Test,6.066666666666666
314209,Test,2.033333333333333
314673,Test,15.8
314958,Control,5.166666666666667
314959,Control,7.516666666666667
315324,Test,5.333333333333333
316017,Test,5.0
316463,Control,3.45
316514,Test,3.3833333333333333
316689,Control,16.783333333333335
316989,Test,6.55
317043,Control,1.9333333333333333
317351,Test,18.333333333333332
318182,Control,4.05
318535,Test,2.5
318849,Test,5.383333333333334
318876,Test,7.116666666666666
319514,Test,9.633333333333333
319648,Test,1.5666666666666667
319971,Control,14.566666666666666
320094,Test,3.2666666666666666
320321,Test,3.3666666666666667
320499,Control,18.166666666666668
320586,Control,3.35
320617,Test,0.85
320786,Control,3.0166666666666666
321523,Test,1.3166666666666667
322007,Test,23.05
322453,Control,1.6
322874,Control,3.3
322927,Control,4.116666666666666
323290,Control,3.066666666666667
323407,Control,5.75
323720,Test,5.233333333333333
323753,Test,16.1
323950,Control,2.466666666666667
323999,Test,4.75
324516,Control,4.633333333333334
325301,Control,5.566666666666666
325933,Test,3.3666666666666667
326039,Control,3.1
327337,Control,12.333333333333334
327511,Test,5.233333333333333
327539,Test,10.233333333333333
327568,Test,2.45
328027,Control,7.483333333333333
328050,Control,2.783333333333333
329062,Test,7.016666666666667
329574,Test,2.066666666666667
329631,Control,2.533333333333333
329693,Control,1.7666666666666666
329730,Test,24.166666666666668
330024,Control,14.25
330035,Test,2.8
330666,Control,6.433333333333334
331139,Test,2.9
331379,Control,2.7
331795,Control,7.45
332073,Control,22.45
332101,Test,2.0
332287,Test,1.8333333333333333
332658,Test,2.75
333023,Test,1.65
333392,Test,5.7
334181,Test,4.0
334941,Control,2.433333333333333
335080,Control,8.266666666666667
335335,Test,4.683333333333334
335389,Control,6.45
336166,Control,11.75
336203,Control,2.8666666666666667
336265,Test,3.9166666666666665
336279,Control,4.016666666666667
336414,Control,18.033333333333335
337421,Test,3.0833333333333335
337729,Control,6.2
337878,Test,3.216666666666667
338164,Control,14.65
338292,Test,2.9833333333333334
338607,Test,5.733333333333333
339004,Control,3.033333333333333
339396,Control,2.1333333333333333
339684,Test,2.433333333333333
340192,Test,6.05
341429,Control,2.05
342070,Test,6.05
342283,Test,3.5166666666666666
342322,Test,2.4
342333,Control,11.833333333333334
342341,Control,4.283333333333333
342517,Control,12.45
342684,Control,2.1
342757,Test,3.25
343583,Control,5.0
343881,Control,5.916666666666667
343906,Control,4.083333333333333
344514,Test,2.566666666666667
344960,Control,5.85
346106,Control,2.15
346406,Test,4.0
346409,Control,10.516666666666667
346781,Test,0.9166666666666666
347328,Control,2.1666666666666665
347452,Test,2.716666666666667
347861,Test,12.433333333333334
347874,Test,10.266666666666667
348166,Control,3.933333333333333
348330,Control,2.8333333333333335
348355,Control,12.533333333333333
348888,Control,2.3333333333333335
349305,Control,22.4
349379,Control,2.5166666666666666
350524,Test,3.316666666666667
350673,Test,2.85
351038,Test,2.4
351093,Control,3.283333333333333
351247,Test,2.3333333333333335
351533,Control,4.0
351690,Control,3.9
351701,Control,1.4
351792,Control,4.133333333333334
351901,Test,3.9166666666666665
352020,Test,14.75
352172,Test,5.766666666666667
353727,Control,4.233333333333333
353896,Control,5.033333333333333
354541,Test,8.55
355337,Control,13.783333333333333
356363,Control,12.416666666666666
356581,Control,2.8833333333333333
356780,Control,16.85
357090,Control,2.933333333333333
357318,Test,5.316666666666666
357553,Test,3.2
358176,Control,3.9833333333333334
358189,Control,4.533333333333333
358223,Test,1.7333333333333334
358456,Test,2.0833333333333335
358827,Control,3.3
359736,Test,16.366666666666667
359922,Test,3.5833333333333335
360511,Control,5.516666666666667
360674,Test,4.333333333333333
360816,Control,2.4166666666666665
360872,Control,3.4
361296,Control,1.8166666666666667
361484,Control,2.6
361728,Control,3.3333333333333335
362107,Test,1.0333333333333334
362727,Test,4.333333333333333
363128,Test,3.2666666666666666
363428,Control,7.3
363451,Test,2.0
363461,Control,10.683333333333334
363631,Control,7.033333333333333
363952,Test,19.266666666666666
365203,Test,2.85
365420,Test,2.1166666666666667
365525,Test,7.533333333333333
365534,Test,2.2333333333333334
365583,Control,15.05
365845,Test,10.066666666666666
366858,Control,3.15
366887,Test,4.0
367295,Test,8.683333333333334
367331,Control,3.8333333333333335
367638,Control,2.65
367642,Control,3.6166666666666667
367874,Control,4.716666666666667
368473,Control,8.45
369046,Test,9.2
369940,Test,1.7833333333333334
369968,Control,4.616666666666666
370021,Test,2.2333333333333334
370053,Test,2.85
370067,Control,6.066666666666666
370201,Test,20.3
370238,Test,1.6
370651,Control,5.183333333333334
370773,Test,3.7333333333333334
371162,Test,2.55
372126,Test,12.25
372139,Test,2.1166666666666667
372207,Test,16.533333333333335
372517,Test,21.233333333333334
372523,Control,5.133333333333334
372698,Control,5.366666666666666
372755,Test,3.6666666666666665
372780,Test,6.85
373190,Test,4.866666666666666
373345,Test,1.9666666666666666
373361,Test,5.3
373454,Control,4.383333333333334
373863,Test,3.25
373892,Control,3.7666666666666666
374255,Control,2.033333333333333
374585,Test,2.55
374721,Control,2.7
374835,Control,11.25
374896,Control,6.766666666666667
375176,Test,1.2166666666666666
375257,Test,6.0
375492,Control,6.316666666666666
375504,Test,2.0833333333333335
376294,Test,1.2
376559,Control,2.9
378530,Control,3.95
378556,Test,4.9
379137,Control,1.1833333333333333
379788,Control,7.316666666666666
380170,Control,4.35
380583,Control,11.833333333333334
381102,Test,2.75
381123,Control,9.966666666666667
381655,Control,5.866666666666666
381660,Test,15.65
381711,Control,7.233333333333333
381793,Test,8.833333333333334
382202,Test,4.316666666666666
382316,Test,19.783333333333335
382434,Control,3.8
382734,Control,3.6333333333333333
382897,Test,3.8333333333333335
383009,Test,5.416666666666667
383141,Test,6.5
383168,Test,11.7
383674,Test,14.05
385337,Test,2.033333333333333
385456,Test,3.1
385623,Control,7.983333333333333
385802,Test,103.9
386336,Test,5.2
386383,Test,2.066666666666667
386570,Control,4.633333333333334
386822,Control,4.8
387056,Control,1.8
387539,Test,20.716666666666665
387579,Test,1.6
387839,Control,12.35
388395,Test,4.3
388801,Test,9.816666666666666
389384,Test,5.133333333333334
390635,Test,3.566666666666667
390650,Test,1.6666666666666667
391025,Control,2.2333333333333334
391209,Test,5.55
391472,Control,7.316666666666666
391817,Control,5.2
391821,Test,4.416666666666667
392273,Control,19.7
392459,Test,5.983333333333333
392725,Test,3.7666666666666666
393005,Control,20.933333333333334
393252,Control,6.5
394311,Test,16.566666666666666
394458,Test,12.883333333333333
394629,Test,1.5333333333333334
394951,Control,3.55
395074,Test,2.1666666666666665
395814,Control,1.0833333333333333
395960,Test,6.15
395988,Control,7.85
396393,Test,2.9
396523,Control,2.2
396549,Test,1.6833333333333333
396876,Test,1.4833333333333334
397404,Control,4.1
397574,Control,3.2666666666666666
398317,Test,1.65
398973,Test,7.716666666666667
399065,Control,15.566666666666666
399211,Test,4.566666666666666
399694,Test,3.183333333333333
399707,Test,3.75
399780,Test,1.6166666666666667
400082,Control,13.866666666666667
400613,Control,3.8666666666666667
400621,Control,2.7
401147,Test,1.6
401260,Test,5.75
401723,Test,4.683333333333334
401737,Test,2.0833333333333335
401964,Test,3.1166666666666667
402340,Test,1.9666666666666666
402509,Test,2.183333333333333
403658,Control,6.533333333333333
403735,Test,6.166666666666667
404861,Control,5.7
405107,Test,1.9
405451,Test,7.633333333333334
406224,Test,10.55
406265,Test,10.516666666666667
406877,Test,3.1166666666666667
406992,Control,4.033333333333333
407146,Control,1.8333333333333333
407327,Control,6.1
407433,Test,1.2666666666666666
408180,Control,2.05
408266,Test,1.8666666666666667
408411,Test,56.43333333333333
408685,Test,6.3
409432,Control,9.233333333333333
409450,Control,8.1
409787,Test,9.95
409876,Test,9.15
409953,Control,33.733333333333334
409987,Test,39.93333333333333
410298,Test,1.25
410327,Test,11.85
410421,Test,3.6166666666666667
410527,Control,4.583333333333333
410682,Test,2.2
410752,Test,1.8166666666666667
411463,Test,1.8
411480,Control,11.45
413001,Control,1.4166666666666667
413157,Control,4.416666666666667
413583,Control,2.8666666666666667
414149,Test,1.9666666666666666
415158,Control,2.9166666666666665
415277,Control,10.5
415523,Test,3.716666666666667
415987,Test,8.066666666666666
416346,Test,5.15
416724,Test,2.316666666666667
416876,Control,7.95
417189,Control,9.683333333333334
417204,Test,6.3
418569,Test,7.066666666666666
419848,Test,2.0
419969,Control,2.55
420495,Test,10.45
420722,Test,3.816666666666667
420825,Control,3.566666666666667
421097,Test,8.333333333333334
421124,Test,24.25
421209,Test,3.0
421795,Control,11.85
422464,Test,7.3
422661,Control,2.4166666666666665
423183,Control,7.05
423508,Control,2.533333333333333
423947,Test,2.183333333333333
424206,Test,7.266666666666667
424267,Control,4.716666666666667
424760,Control,1.9333333333333333
425987,Control,6.3
426074,Test,4.466666666666667
426432,Control,11.05
426901,Test,1.5666666666666667
427013,Test,12.3
427194,Control,3.65
427628,Test,1.9
427824,Control,5.15
427931,Control,2.4166666666666665
428064,Control,1.65
428109,Test,23.783333333333335
428135,Test,3.5166666666666666
428170,Control,2.9166666666666665
428201,Test,4.05
428485,Control,18.75
428635,Control,2.7333333333333334
428698,Control,5.216666666666667
428852,Test,1.5
429189,Control,4.2
429598,Test,2.1
429908,Test,8.016666666666667
430070,Test,2.4833333333333334
430101,Test,2.3333333333333335
430812,Control,5.066666666666666
430868,Control,13.366666666666667
431429,Test,1.9666666666666666
431626,Test,2.6333333333333333
431627,Test,1.9333333333333333
431651,Control,4.2
432171,Control,8.783333333333333
432265,Control,11.133333333333333
432606,Control,5.283333333333333
432789,Test,4.566666666666666
432793,Control,4.516666666666667
432803,Control,5.7
433098,Control,2.283333333333333
433332,Test,2.7333333333333334
433417,Test,3.0
433443,Test,2.816666666666667
434673,Test,2.3333333333333335
434941,Control,5.316666666666666
435340,Test,6.366666666666666
435580,Control,19.033333333333335
436146,Test,13.216666666666667
437728,Control,14.466666666666667
437914,Test,5.9
438539,Test,2.683333333333333
438567,Test,2.533333333333333
438886,Test,1.6
438959,Test,3.2333333333333334
439963,Test,11.15
440328,Test,2.566666666666667
440483,Test,6.7
440704,Test,12.7
440861,Test,13.083333333333334
442320,Control,6.05
442340,Test,2.933333333333333
443921,Test,3.8666666666666667
444558,Control,2.5
446185,Control,6.95
446577,Test,6.55
447439,Control,4.066666666666666
447488,Control,4.6
447494,Control,2.75
447498,Control,2.95
447683,Control,8.166666666666666
447850,Test,5.966666666666667
448522,Test,1.8833333333333333
449421,Test,3.3333333333333335
449709,Test,9.116666666666667
450002,Test,3.066666666666667
450232,Control,6.05
450614,Control,3.316666666666667
450673,Test,10.483333333333333
451019,Control,1.5666666666666667
451443,Control,12.8
451603,Control,7.45
451682,Test,7.833333333333333
451805,Control,3.4833333333333334
452274,Control,1.7
452359,Test,13.6
452582,Test,4.416666666666667
452583,Control,4.633333333333334
452875,Control,4.65
453167,Control,2.35
453226,Test,3.933333333333333
454816,Test,4.333333333333333
455069,Test,2.5166666666666666
455078,Test,7.133333333333334
455226,Test,3.25
455278,Control,4.516666666666667
455589,Test,10.5
456002,Control,4.633333333333334
456150,Test,8.05
456369,Test,4.4
456416,Test,1.5166666666666666
456925,Test,6.833333333333333
457069,Control,2.8333333333333335
458225,Test,2.9
458326,Test,2.1166666666666667
458484,Control,1.5333333333333334
458670,Test,2.9833333333333334
458796,Control,2.433333333333333
459156,Control,5.933333333333334
459234,Test,6.683333333333334
459733,Test,17.216666666666665
460269,Test,6.533333333333333
460291,Control,2.0833333333333335
460505,Control,5.616666666666666
460755,Control,5.1
460912,Control,21.683333333333334
461547,Test,6.5
461591,Control,4.85
461846,Control,27.966666666666665
462526,Test,5.916666666666667
462674,Control,2.466666666666667
462910,Test,2.55
463023,Test,7.15
463029,Test,3.6333333333333333
463030,Control,3.5
463396,Test,5.35
463414,Test,2.066666666666667
463459,Test,1.45
464620,Control,1.6833333333333333
465162,Control,5.766666666666667
465367,Control,7.933333333333334
465564,Control,3.783333333333333
465607,Test,1.8
465749,Control,5.283333333333333
466140,Test,1.9833333333333334
466142,Control,3.9166666666666665
466526,Control,4.6
466588,Test,16.8
467103,Test,5.85
467229,Test,13.95
467367,Control,13.616666666666667
467409,Test,7.266666666666667
468090,Test,15.35
468336,Control,2.75
468355,Test,4.8
468776,Test,5.766666666666667
470239,Control,11.583333333333334
470365,Test,3.966666666666667
470897,Test,3.7333333333333334
471506,Control,5.666666666666667
471520,Control,3.15
472078,Control,7.283333333333333
472352,Test,2.3333333333333335
472433,Control,11.2
472754,Test,20.533333333333335
473328,Test,14.633333333333333
473638,Test,19.766666666666666
473920,Test,2.966666666666667
474067,Control,2.65
475258,Control,9.916666666666666
475350,Control,28.433333333333334
475362,Control,5.966666666666667
475431,Test,1.5833333333333333
475544,Test,4.583333333333333
475897,Test,1.3333333333333333
475911,Test,3.5
476642,Test,4.666666666666667
477029,Test,8.05
477588,Control,8.383333333333333
477656,Test,1.0666666666666667
478156,Test,2.4833333333333334
478194,Test,1.8
478733,Test,3.05
478735,Test,32.31666666666667
478808,Test,5.45
479136,Control,5.133333333333334
480272,Test,1.3166666666666667
480393,Test,1.1666666666666667
480458,Test,1.8666666666666667
480811,Control,4.883333333333334
480836,Control,1.2666666666666666
480944,Control,5.933333333333334
480995,Test,11.016666666666667
481539,Test,18.466666666666665
481553,Control,3.0166666666666666
482346,Control,1.7
482558,Test,7.033333333333333
482692,Control,3.066666666666667
483041,Control,1.1833333333333333
483080,Control,10.883333333333333
483156,Test,12.0
483740,Test,3.433333333333333
484375,Control,8.983333333333333
485005,Test,10.133333333333333
485353,Test,8.6
485476,Test,1.5
485533,Control,18.133333333333333
485563,Control,4.683333333333334
486476,Test,2.55
486496,Control,7.116666666666666
486643,Control,1.3833333333333333
486844,Test,13.166666666666666
487056,Test,17.216666666666665
487248,Control,1.7833333333333334
487255,Control,3.15
487462,Test,2.5
487469,Test,8.483333333333333
487901,Control,3.05
488573,Test,4.416666666666667
488930,Control,7.066666666666666
489091,Control,4.283333333333333
489500,Control,9.566666666666666
490151,Test,2.1166666666666667
491596,Test,4.133333333333334
491620,Control,4.316666666666666
491779,Control,10.733333333333333
492655,Control,2.6
492751,Control,5.466666666666667
493083,Control,5.266666666666667
493194,Control,1.8333333333333333
493311,Control,10.683333333333334
493608,Test,11.5
494159,Control,7.45
494367,Test,1.8666666666666667
494597,Test,1.9166666666666667
495241,Test,13.9
495317,Control,2.1333333333333333
495547,Test,2.95
496578,Control,4.366666666666666
497019,Test,0.7166666666666667
497209,Test,2.2666666666666666
497746,Test,2.816666666666667
497986,Control,0.9166666666666666
499278,Control,7.983333333333333
499330,Control,3.9833333333333334
499699,Test,7.25
500449,Test,2.5
500483,Test,3.7666666666666666
500488,Test,22.7
501190,Test,4.1
501214,Test,2.316666666666667
501426,Test,3.9166666666666665
501472,Test,7.716666666666667
501496,Test,1.7
502017,Control,2.5833333333333335
502969,Test,2.85
504980,Test,2.7
505572,Control,1.5166666666666666
505918,Test,2.7666666666666666
506107,Control,11.316666666666666
506320,Control,2.283333333333333
506333,Control,3.5166666666666666
506615,Test,2.6
507138,Control,1.4666666666666666
507290,Test,12.0
507390,Control,2.8333333333333335
507610,Control,17.033333333333335
507618,Test,13.733333333333333
507874,Control,3.066666666666667
507915,Test,6.583333333333333
509310,Control,2.1666666666666665
509544,Control,3.2333333333333334
509746,Test,3.3333333333333335
510186,Test,2.7
510497,Test,12.866666666666667
510580,Test,4.833333333333333
510867,Test,9.3
510941,Control,3.466666666666667
511272,Test,43.43333333333333
511528,Test,2.2
511535,Test,2.15
511906,Test,14.883333333333333
512432,Control,1.7
512588,Test,2.966666666666667
512590,Test,2.1166666666666667
512721,Control,2.1166666666666667
512833,Control,1.8833333333333333
512883,Control,3.7333333333333334
513275,Control,10.566666666666666
513599,Test,4.316666666666666
513864,Control,1.75
513961,Test,1.5166666666666666
514667,Test,5.666666666666667
516129,Test,6.8
516235,Test,5.933333333333334
516417,Test,10.65
516594,Control,3.0833333333333335
517105,Test,10.383333333333333
517186,Control,3.033333333333333
517259,Control,1.95
517547,Test,93.26666666666667
517707,Control,3.55
517835,Control,1.7333333333333334
518097,Control,3.1
518664,Control,2.3
519096,Control,6.333333333333333
519927,Control,10.666666666666666
519971,Control,3.7
520210,Test,1.8833333333333333
520539,Test,12.8
520592,Test,1.6833333333333333
520693,Control,6.4
521204,Control,1.3
521225,Test,5.916666666666667
522064,Control,6.7
522181,Test,2.283333333333333
522187,Test,2.783333333333333
522508,Control,3.283333333333333
522661,Test,4.816666666666666
523263,Test,2.4
523530,Test,7.5
523822,Test,7.883333333333334
523988,Test,1.5166666666666666
524126,Control,9.716666666666667
524152,Control,4.166666666666667
524388,Control,2.5166666666666666
524510,Control,3.2333333333333334
524675,Test,1.4833333333333334
525234,Control,3.3666666666666667
525332,Control,13.65
525348,Control,7.016666666666667
525401,Control,5.166666666666667
525775,Control,7.983333333333333
525973,Control,2.466666666666667
526419,Test,8.266666666666667
526852,Control,3.2333333333333334
527026,Test,3.15
528117,Control,7.416666666666667
528496,Control,5.283333333333333
528504,Control,5.716666666666667
528600,Test,2.433333333333333
528622,Test,5.566666666666666
529008,Test,4.383333333333334
529225,Control,7.033333333333333
529380,Test,3.35
529554,Test,2.6166666666666667
529710,Test,4.283333333333333
530396,Control,12.6
530579,Test,3.6333333333333333
530965,Test,3.55
531099,Control,6.383333333333334
531896,Control,4.516666666666667
532200,Control,2.0
532913,Test,20.85
533091,Control,25.916666666666668
533113,Test,3.533333333333333
533116,Test,8.65
533147,Test,24.45
533320,Control,2.466666666666667
533553,Test,6.05
533703,Test,14.683333333333334
533966,Control,1.6833333333333333
534083,Control,2.25
534419,Control,1.9833333333333334
534481,Control,9.433333333333334
534616,Control,4.183333333333334
534729,Control,27.533333333333335
534843,Control,1.55
534878,Control,1.9166666666666667
535260,Test,3.9
535273,Control,1.4666666666666666
535308,Control,2.5
535456,Test,4.583333333333333
535673,Control,6.65
535999,Control,1.15
536431,Test,2.0833333333333335
537200,Test,4.083333333333333
537221,Control,1.7
537662,Control,12.7
537901,Control,15.6
538519,Test,1.4333333333333333
538600,Test,3.066666666666667
538801,Test,27.783333333333335
539094,Control,4.2
540589,Test,1.9833333333333334
541015,Test,1.8833333333333333
541159,Test,2.9166666666666665
541395,Test,1.8833333333333333
541976,Test,2.716666666666667
541979,Test,5.05
542527,Control,3.9
542536,Test,7.716666666666667
542563,Control,1.3333333333333333
543460,Test,7.766666666666667
543787,Test,5.633333333333334
543812,Control,5.383333333333334
543916,Control,1.4166666666666667
544420,Test,5.9
544943,Test,18.533333333333335
545252,Control,3.6166666666666667
545273,Test,3.75
545350,Test,2.2666666666666666
545449,Test,7.666666666666667
545824,Control,13.25
545887,Control,7.833333333333333
546110,Control,7.55
546146,Control,15.183333333333334
546158,Test,10.583333333333334
546244,Test,2.566666666666667
546337,Control,11.783333333333333
546461,Test,4.283333333333333
546664,Control,8.25
547156,Control,5.6
547252,Control,16.85
547427,Control,5.566666666666666
547839,Control,9.95
547868,Control,10.1
548028,Control,9.75
548340,Control,1.5833333333333333
548398,Control,2.45
549038,Control,1.4
549182,Control,3.316666666666667
549217,Test,25.966666666666665
549586,Test,5.05
549848,Test,6.083333333333333
549987,Control,9.883333333333333
550099,Control,6.783333333333333
550126,Test,6.333333333333333
550255,Test,13.85
550276,Control,12.783333333333333
550508,Control,2.566666666666667
550793,Test,5.9
550819,Control,5.75
550876,Control,2.3333333333333335
550953,Control,4.083333333333333
550960,Test,21.0
551780,Control,5.083333333333333
551983,Control,3.5166666666666666
552360,Test,8.783333333333333
552481,Test,3.5833333333333335
552720,Test,1.8166666666666667
552898,Test,7.433333333333334
553313,Test,10.1
553410,Test,1.8833333333333333
553433,Control,3.75
553718,Control,1.9666666666666666
553887,Test,1.6833333333333333
553978,Control,2.75
554244,Test,2.283333333333333
554955,Test,6.316666666666666
555410,Test,2.5166666666666666
555975,Test,1.5833333333333333
556046,Test,0.9166666666666666
556258,Test,5.833333333333333
556488,Test,6.483333333333333
556775,Control,10.783333333333333
556786,Control,1.7
557273,Test,2.05
557311,Test,1.5166666666666666
557659,Test,15.633333333333333
557808,Test,9.933333333333334
558109,Test,4.75
559432,Test,9.316666666666666
559435,Control,2.9166666666666665
559468,Test,6.066666666666666
559881,Control,2.1333333333333333
559937,Test,8.033333333333333
560486,Test,4.95
560548,Control,2.2666666666666666
560675,Test,5.35
560810,Test,3.35
560848,Control,2.75
560955,Control,6.266666666666667
561499,Test,3.65
561544,Test,1.8166666666666667
562145,Test,13.6
562427,Control,14.766666666666667
562592,Test,11.6
563419,Test,2.533333333333333
563572,Test,8.183333333333334
563663,Test,1.2
563851,Test,1.0
563859,Control,2.4166666666666665
564529,Test,41.983333333333334
564806,Control,1.6
564880,Control,5.216666666666667
565576,Control,10.45
566009,Test,4.4
566137,Test,4.1
567050,Test,7.166666666666667
567520,Test,20.816666666666666
567717,Control,6.4
568159,Control,21.766666666666666
568680,Test,3.5
568867,Test,9.833333333333334
570484,Control,20.733333333333334
571600,Test,1.5333333333333334
571660,Control,3.933333333333333
571941,Control,1.25
572266,Control,20.5
572522,Test,16.783333333333335
572542,Test,1.5666666666666667
572617,Test,2.75
573200,Test,4.516666666666667
573355,Test,2.9166666666666665
574136,Control,4.966666666666667
574163,Test,4.366666666666666
574571,Test,1.7166666666666666
574728,Test,6.65
574898,Test,10.566666666666666
575199,Test,5.85
575804,Test,3.533333333333333
576605,Control,4.816666666666666
577051,Control,8.3
577427,Test,3.8333333333333335
578478,Control,2.9166666666666665
578735,Test,6.266666666666667
578841,Test,3.3333333333333335
579429,Control,6.633333333333334
579500,Test,28.383333333333333
580208,Test,5.733333333333333
580395,Test,1.9666666666666666
580584,Control,5.366666666666666
580619,Test,1.7833333333333334
580849,Test,1.9666666666666666
581041,Test,1.8833333333333333
581655,Test,2.5833333333333335
581882,Control,2.75
582215,Test,12.316666666666666
582327,Test,1.7333333333333334
582438,Control,1.4
582548,Test,5.016666666666667
582696,Control,6.533333333333333
582813,Test,5.55
583024,Test,5.1
583207,Control,7.333333333333333
583570,Control,10.166666666666666
583825,Test,9.65
583917,Control,3.033333333333333
584202,Test,4.433333333333334
585261,Test,1.4
585691,Control,3.1333333333333333
585865,Test,19.216666666666665
587145,Test,5.8
587200,Control,3.2
587256,Control,5.05
587314,Control,7.0
588058,Control,19.583333333333332
588240,Control,34.95
588254,Test,6.966666666666667
588424,Test,37.483333333333334
589292,Test,2.1166666666666667
589815,Control,3.7333333333333334
590121,Control,2.7
590304,Test,3.8333333333333335
590336,Control,5.766666666666667
590464,Control,3.966666666666667
590476,Test,2.0
590547,Control,5.45
591018,Test,6.983333333333333
591020,Test,1.7333333333333334
591106,Control,2.1
591271,Control,1.4166666666666667
591528,Test,9.45
591595,Control,6.85
591597,Test,4.133333333333334
592018,Test,9.866666666666667
593044,Control,4.1
593238,Test,4.8
593969,Test,1.7833333333333334
594012,Control,2.2
594139,Test,3.933333333333333
594380,Test,3.2666666666666666
594677,Test,18.716666666666665
595413,Control,3.8666666666666667
595922,Control,4.633333333333334
596352,Control,6.2
596540,Control,11.75
596662,Control,2.3333333333333335
596962,Test,2.5
597136,Test,7.383333333333334
597177,Test,2.966666666666667
597792,Test,3.35
598421,Test,2.816666666666667
598508,Control,5.233333333333333
598943,Control,23.55
598976,Test,2.566666666666667
599231,Test,4.816666666666666
599446,Test,1.85
599602,Control,14.333333333333334
599938,Control,6.816666666666666
600087,Test,1.9666666666666666
600221,Test,5.95
600711,Control,3.1666666666666665
600754,Test,5.883333333333334
601217,Control,2.433333333333333
601954,Control,3.533333333333333
602591,Control,3.316666666666667
602792,Control,15.7
603457,Control,16.516666666666666
603774,Test,5.583333333333333
603924,Test,10.7
604096,Control,19.516666666666666
604915,Test,4.6
606023,Test,1.5333333333333334
606139,Test,2.3
606220,Test,14.283333333333333
606892,Control,19.683333333333334
607427,Control,6.9
607561,Test,20.8
608002,Control,15.683333333333334
608170,Test,2.75
608431,Control,3.966666666666667
608749,Test,34.06666666666667
609294,Control,10.766666666666667
609351,Control,2.533333333333333
609661,Test,1.6166666666666667
609702,Control,1.7166666666666666
609897,Test,2.2666666666666666
609917,Control,2.45
610338,Test,1.35
610587,Control,9.266666666666667
610835,Test,1.55
611108,Test,3.533333333333333
611119,Test,3.683333333333333
611342,Control,7.366666666666666
612452,Test,8.766666666666667
612481,Control,2.2
612745,Test,1.1666666666666667
613009,Test,6.55
613134,Control,5.816666666666666
613420,Test,1.3166666666666667
613635,Control,2.8833333333333333
613804,Test,5.783333333333333
613885,Control,6.033333333333333
613899,Test,5.016666666666667
613972,Control,3.216666666666667
614008,Test,2.4
614096,Test,2.783333333333333
614170,Control,5.733333333333333
614255,Test,3.433333333333333
614307,Control,7.383333333333334
614793,Control,6.216666666666667
614865,Test,1.55
614896,Control,3.066666666666667
615001,Control,4.183333333333334
616089,Test,39.71666666666667
616093,Test,3.8666666666666667
616094,Control,4.1
617080,Test,3.183333333333333
617840,Control,8.65
617979,Control,1.3666666666666667
618178,Test,5.566666666666666
618262,Test,1.3
618322,Test,3.033333333333333
618725,Test,2.433333333333333
619309,Control,5.416666666666667
619342,Control,21.1
619573,Control,12.083333333333334
619597,Control,3.433333333333333
620269,Control,1.6666666666666667
620734,Control,2.316666666666667
622280,Test,1.4666666666666666
622947,Test,5.283333333333333
623101,Control,4.166666666666667
623339,Control,1.9666666666666666
623607,Test,1.4833333333333334
624300,Test,5.033333333333333
624766,Control,11.566666666666666
624947,Control,8.733333333333333
625002,Test,3.1166666666666667
625038,Control,6.216666666666667
626185,Test,2.7666666666666666
626263,Test,5.316666666666666
626458,Test,23.966666666666665
626494,Test,2.3666666666666667
626497,Test,3.6
626839,Control,2.183333333333333
626894,Test,3.05
627034,Test,1.8666666666666667
627647,Test,7.233333333333333
627840,Control,9.116666666666667
627897,Control,5.033333333333333
628058,Test,10.183333333333334
628431,Control,6.5
628743,Control,5.633333333333334
628776,Test,7.933333333333334
628955,Test,4.316666666666666
629259,Control,2.5
629268,Test,1.95
629394,Control,1.8166666666666667
629429,Test,13.05
629539,Test,2.1166666666666667
629666,Test,2.0166666666666666
630034,Control,5.433333333333334
630446,Test,11.516666666666667
630512,Control,5.716666666666667
631366,Test,2.6166666666666667
632316,Test,4.833333333333333
632711,Control,2.05
633140,Control,1.5833333333333333
633185,Control,5.45
633752,Control,4.783333333333333
634072,Test,3.1
634434,Test,3.1
634557,Control,2.55
635224,Test,7.683333333333334
635356,Test,6.783333333333333
635924,Test,1.5166666666666666
636219,Test,4.933333333333334
636947,Control,16.383333333333333
637858,Control,3.6666666666666665
638491,Test,3.05
638557,Test,1.95
639127,Test,3.2
639155,Control,3.3333333333333335
639427,Control,3.25
639639,Test,13.25
640215,Test,1.4333333333333333
640378,Test,2.783333333333333
640390,Test,3.5166666666666666
640995,Test,3.3666666666666667
641191,Control,2.2666666666666666
641775,Control,2.2666666666666666
641786,Control,4.083333333333333
641978,Test,14.233333333333333
643419,Control,5.983333333333333
643544,Test,1.3833333333333333
643862,Test,2.966666666666667
643892,Control,1.4833333333333334
644006,Control,1.5666666666666667
644138,Test,1.9666666666666666
644419,Control,2.45
644423,Control,2.0
644449,Test,15.716666666666667
644625,Test,15.233333333333333
644901,Control,8.216666666666667
644936,Test,1.2666666666666666
646758,Control,3.216666666666667
647081,Test,4.95
647450,Test,2.316666666666667
647824,Control,5.933333333333334
648162,Control,19.733333333333334
648612,Control,4.166666666666667
648881,Test,11.533333333333333
648890,Control,4.366666666666666
648934,Test,3.05
649569,Control,1.8333333333333333
649596,Control,2.2666666666666666
649624,Test,3.0833333333333335
649643,Control,4.633333333333334
649748,Control,2.2
649821,Control,2.65
649865,Test,4.25
650109,Control,15.083333333333334
650176,Test,5.516666666666667
650551,Control,1.9833333333333334
650791,Control,1.55
651357,Test,5.633333333333334
651801,Test,7.3
651865,Test,1.6166666666666667
651975,Test,6.983333333333333
652990,Control,10.25
653009,Test,3.9166666666666665
653399,Test,1.8333333333333333
653513,Control,2.0
653767,Control,5.666666666666667
654022,Control,2.2
654632,Test,2.283333333333333
654835,Control,1.6333333333333333
654897,Control,4.066666666666666
655189,Test,2.033333333333333
655223,Test,26.466666666666665
655546,Control,4.333333333333333
656298,Test,6.1
656481,Control,20.95
656489,Test,5.566666666666666
656935,Control,28.45
656947,Test,2.7333333333333334
657033,Test,2.4833333333333334
657728,Control,1.9333333333333333
657787,Test,2.0166666666666666
657800,Test,9.45
657899,Test,2.4
658038,Control,5.266666666666667
658163,Control,5.266666666666667
658732,Control,2.85
658934,Control,4.383333333333334
659594,Control,3.533333333333333
660147,Control,24.95
660424,Control,3.05
660484,Test,11.083333333333334
660540,Test,3.2
660556,Test,4.116666666666666
660908,Control,2.5166666666666666
660953,Control,3.6666666666666665
661172,Control,1.45
661527,Control,3.3
662234,Control,3.283333333333333
663690,Test,34.266666666666666
663694,Test,7.55
663711,Test,3.816666666666667
663873,Test,3.3833333333333333
664106,Test,3.1333333333333333
664154,Test,8.533333333333333
664244,Test,1.7
664352,Control,27.616666666666667
664480,Test,3.5
664982,Test,6.133333333333334
665193,Test,3.1
665645,Test,8.85
665986,Control,4.233333333333333
666430,Test,4.9
666453,Control,6.3
666879,Test,3.1666666666666665
667494,Control,3.3666666666666667
667534,Test,5.25
667664,Test,3.1333333333333333
668529,Test,11.983333333333333
668594,Control,3.216666666666667
669068,Test,5.55
669111,Control,2.65
669361,Control,1.7166666666666666
669732,Test,4.65
670189,Test,8.483333333333333
670602,Test,4.766666666666667
670680,Control,7.016666666666667
670772,Control,5.733333333333333
670774,Control,10.05
671304,Control,2.716666666666667
671383,Test,17.183333333333334
671965,Test,1.9833333333333334
672250,Test,1.2666666666666666
672407,Control,7.933333333333334
672484,Control,6.916666666666667
672644,Test,2.3
672827,Control,3.283333333333333
672908,Control,1.4
673188,Test,21.166666666666668
673653,Control,3.3
673678,Control,12.083333333333334
673924,Control,3.683333333333333
674617,Test,54.266666666666666
674772,Control,3.4833333333333334
675111,Test,1.8833333333333333
675128,Test,1.9
675622,Test,3.6166666666666667
675841,Test,1.2166666666666666
676128,Control,4.2
676187,Test,3.3666666666666667
676989,Control,3.4
677546,Test,3.4166666666666665
677548,Control,2.2333333333333334
677876,Test,4.266666666666667
678292,Test,1.6333333333333333
678560,Control,1.1
678792,Control,2.75
679426,Control,8.55
679865,Test,7.666666666666667
681269,Test,9.283333333333333
681364,Control,4.65
681368,Test,1.0
681824,Test,4.85
682129,Control,24.866666666666667
682367,Control,7.816666666666666
682400,Test,2.4166666666666665
682949,Test,3.1
684071,Control,9.5
684181,Test,6.016666666666667
684475,Control,0.9833333333333333
684639,Test,2.0
684687,Test,7.183333333333334
685080,Control,27.133333333333333
685244,Control,4.466666666666667
685442,Control,6.566666666666666
685706,Control,3.216666666666667
685752,Test,11.85
687186,Control,14.85
687567,Control,9.016666666666667
688347,Test,4.766666666666667
688969,Control,3.1
689136,Control,17.533333333333335
689179,Control,1.95
689808,Test,1.5166666666666666
690186,Test,11.9
690383,Control,3.1666666666666665
690815,Test,6.516666666666667
690874,Control,6.633333333333334
691598,Control,11.233333333333333
691929,Test,1.9166666666666667
691954,Test,3.5
692011,Test,0.6333333333333333
692622,Control,2.7666666666666666
692949,Test,13.383333333333333
693101,Test,2.5
693478,Test,5.616666666666666
693500,Control,3.9833333333333334
693528,Test,2.933333333333333
693757,Control,3.466666666666667
693975,Control,4.766666666666667
694071,Test,2.6166666666666667
694239,Control,2.1
694281,Test,2.25
694381,Test,4.566666666666666
694557,Control,4.166666666666667
694766,Control,1.8166666666666667
694873,Test,10.233333333333333
694911,Control,3.0166666666666666
695350,Control,10.8
695870,Control,4.966666666666667
696227,Control,3.566666666666667
696399,Test,5.75
696491,Control,6.116666666666666
697632,Test,1.1833333333333333
697991,Control,3.5833333333333335
698205,Control,5.3
698266,Test,4.733333333333333
698440,Test,3.45
698834,Test,2.5166666666666666
699013,Test,24.533333333333335
699117,Control,6.0
699687,Test,2.8
699753,Test,3.3666666666666667
699807,Test,6.35
700005,Control,10.983333333333333
700043,Control,2.466666666666667
700142,Control,3.5
700435,Test,7.2
700448,Control,2.7333333333333334
700804,Test,2.05
701455,Test,2.183333333333333
702159,Control,13.766666666666667
703228,Test,8.266666666666667
703403,Control,1.0666666666666667
703574,Control,5.933333333333334
704150,Control,3.0
704508,Test,2.45
704762,Test,2.25
704777,Control,2.85
705584,Test,32.0
706123,Control,6.05
706633,Control,5.966666666666667
706799,Control,5.116666666666666
707340,Control,14.033333333333333
707497,Test,6.35
708197,Control,7.416666666666667
708333,Test,6.316666666666666
708995,Test,3.9
709015,Control,32.6
709919,Control,1.7333333333333334
710837,Test,2.1666666666666665
711827,Control,23.5
711862,Test,3.716666666666667
712670,Control,9.383333333333333
712774,Control,2.4
713054,Control,3.45
714067,Control,1.2666666666666666
714189,Test,21.45
714316,Test,14.283333333333333
714320,Control,3.0833333333333335
715018,Test,15.066666666666666
715086,Test,8.983333333333333
715636,Test,1.55
715813,Control,5.083333333333333
715865,Control,7.866666666666666
716144,Test,2.65
716233,Control,5.883333333333334
716497,Test,2.2
716605,Control,4.233333333333333
717126,Control,3.966666666666667
717217,Test,3.8
717242,Test,10.433333333333334
717527,Control,3.3
718189,Test,2.25
718239,Test,2.7
718647,Test,1.1833333333333333
718700,Test,3.8666666666666667
719113,Control,12.0
719630,Test,13.7
719719,Control,2.5833333333333335
719790,Test,7.866666666666666
719792,Test,1.6166666666666667
719883,Control,5.333333333333333
720284,Test,4.616666666666666
720325,Control,3.9166666666666665
720446,Control,9.016666666666667
720470,Control,5.583333333333333
720749,Test,3.183333333333333
720825,Test,4.05
720985,Test,5.0
721104,Control,1.9833333333333334
721414,Test,5.15
722552,Control,2.933333333333333
722623,Test,2.15
722818,Control,4.7
722917,Test,7.45
723243,Control,2.5166666666666666
723259,Test,4.0
723583,Test,8.633333333333333
723833,Control,7.316666666666666
724004,Test,18.066666666666666
724679,Test,11.816666666666666
724704,Control,13.466666666666667
724809,Control,1.7
725169,Test,9.016666666666667
725170,Test,1.4666666666666666
725387,Test,22.483333333333334
725895,Control,1.7333333333333334
726659,Test,2.0166666666666666
727133,Control,7.383333333333334
728102,Test,5.633333333333334
728530,Control,9.066666666666666
730429,Test,16.233333333333334
730497,Control,7.533333333333333
730546,Test,2.466666666666667
730714,Test,1.0166666666666666
730801,Test,5.433333333333334
731715,Control,2.8666666666666667
732082,Test,20.066666666666666
732198,Control,2.65
732599,Test,4.983333333333333
732778,Control,24.466666666666665
734032,Test,5.516666666666667
734462,Test,5.066666666666666
734803,Test,6.416666666666667
734952,Test,4.083333333333333
734963,Test,9.133333333333333
735147,Control,2.216666666666667
735555,Test,2.033333333333333
736578,Control,1.9833333333333334
737256,Control,25.816666666666666
737959,Control,12.8
738015,Control,28.15
738931,Control,1.6333333333333333
739194,Control,10.466666666666667
739415,Test,6.2
739485,Control,11.183333333333334
739719,Control,8.0
739806,Test,8.4
739944,Test,8.033333333333333
740217,Test,11.066666666666666
741020,Test,7.45
741074,Test,3.4833333333333334
741142,Test,11.966666666666667
741561,Test,0.9666666666666667
741642,Control,8.466666666666667
741656,Test,1.2
741785,Control,3.35
743445,Control,3.2
743608,Test,5.05
743720,Test,4.4
744132,Test,1.3
744140,Test,4.766666666666667
744365,Control,3.15
745087,Control,2.05
745711,Test,3.3333333333333335
745986,Test,11.033333333333333
745998,Test,5.516666666666667
746622,Test,2.3
746652,Test,6.266666666666667
746892,Test,3.3666666666666667
747109,Test,2.033333333333333
747601,Test,7.016666666666667
747959,Test,2.95
747984,Test,2.2333333333333334
748233,Test,3.783333333333333
748334,Test,3.9
748984,Test,1.4333333333333333
749270,Control,4.066666666666666
749650,Test,2.55
750766,Test,4.083333333333333
751201,Control,3.0833333333333335
751262,Test,9.116666666666667
751327,Test,3.1
751354,Control,4.216666666666667
751538,Test,8.133333333333333
751629,Control,5.383333333333334
751833,Control,1.55
751948,Test,3.9166666666666665
753017,Test,14.016666666666667
753431,Test,1.6833333333333333
753523,Test,2.3333333333333335
754331,Test,2.4833333333333334
754626,Control,4.15
754954,Test,5.833333333333333
755076,Control,10.383333333333333
755285,Control,9.483333333333333
755544,Test,1.8666666666666667
755807,Control,4.966666666666667
756058,Control,7.933333333333334
757118,Test,1.6666666666666667
757353,Control,5.816666666666666
758728,Control,11.066666666666666
758915,Test,1.85
759459,Test,8.65
760016,Control,5.833333333333333
760027,Test,5.9
760258,Control,2.466666666666667
760259,Control,3.8833333333333333
760441,Control,4.833333333333333
760532,Control,4.133333333333334
760554,Test,4.183333333333334
760905,Control,4.25
761072,Test,1.7833333333333334
761315,Test,6.783333333333333
761884,Test,2.85
762230,Test,4.15
762846,Control,1.4333333333333333
763301,Test,2.95
763305,Control,3.3666666666666667
763479,Test,3.2
763889,Control,3.033333333333333
765263,Test,10.566666666666666
765467,Test,2.033333333333333
765501,Control,4.733333333333333
765875,Test,1.9
766464,Test,5.233333333333333
766467,Control,5.6
766856,Test,1.55
766981,Control,4.216666666666667
766994,Control,1.8333333333333333
767670,Control,16.533333333333335
767696,Test,3.566666666666667
768105,Test,2.533333333333333
768381,Control,6.466666666666667
768793,Control,1.9333333333333333
768936,Test,2.45
769230,Test,7.733333333333333
769431,Test,4.516666666666667
769715,Control,2.2666666666666666
770810,Control,2.216666666666667
771061,Test,1.95
771234,Control,5.083333333333333
771778,Test,19.95
772441,Control,2.7333333333333334
772498,Test,1.15
772587,Control,7.716666666666667
772872,Control,8.716666666666667
772961,Control,2.3
773274,Test,2.216666666666667
773462,Control,3.65
773868,Test,1.7666666666666666
774098,Test,1.7166666666666666
774276,Test,2.85
774581,Test,7.433333333333334
774703,Test,2.433333333333333
775176,Control,4.066666666666666
775603,Control,8.466666666666667
776137,Test,9.133333333333333
776238,Control,11.95
776242,Test,9.883333333333333
777118,Test,2.5166666666666666
777716,Test,4.833333333333333
777736,Control,5.183333333333334
777737,Control,6.3
777766,Test,2.933333333333333
777859,Control,6.283333333333333
777998,Test,1.9166666666666667
778067,Test,6.8
778306,Test,5.95
778534,Test,2.75
778795,Test,4.533333333333333
778886,Control,2.183333333333333
779389,Control,3.8833333333333333
779606,Test,2.0166666666666666
780112,Test,3.3833333333333333
780557,Test,2.05
780723,Test,11.85
781811,Test,3.35
782609,Test,4.083333333333333
783094,Test,1.3833333333333333
783521,Control,5.733333333333333
783823,Test,5.7
784619,Test,5.25
784880,Control,3.466666666666667
784897,Control,18.083333333333332
785135,Test,3.15
785965,Test,5.216666666666667
786321,Control,4.266666666666667
786535,Test,10.233333333333333
786681,Control,1.45
786840,Test,9.2
786975,Test,6.033333333333333
787036,Control,6.083333333333333
787468,Test,4.283333333333333
787475,Test,7.533333333333333
787861,Test,3.933333333333333
787956,Test,63.4
789006,Control,13.566666666666666
789355,Control,4.916666666666667
789614,Test,16.066666666666666
789856,Test,4.35
790472,Test,2.0166666666666666
790710,Test,1.6833333333333333
790935,Control,2.033333333333333
791775,Test,8.916666666666666
792110,Test,3.4833333333333334
792775,Test,4.283333333333333
793199,Control,6.033333333333333
793692,Test,6.266666666666667
793989,Test,1.8833333333333333
794595,Control,4.966666666666667
794649,Control,8.716666666666667
794763,Test,1.45
794844,Test,1.2833333333333334
795203,Test,6.65
795341,Control,4.166666666666667
795509,Control,7.216666666666667
795621,Control,6.45
795682,Control,3.1333333333333333
796031,Control,4.383333333333334
796524,Control,8.85
797005,Test,2.1333333333333333
797007,Test,1.2833333333333334
797212,Control,9.266666666666667
797911,Test,4.866666666666666
798202,Control,2.216666666666667
798375,Test,8.616666666666667
798688,Test,2.8666666666666667
798716,Test,1.2833333333333334
798999,Test,8.383333333333333
799810,Test,2.5166666666666666
799901,Test,12.333333333333334
800712,Control,12.333333333333334
800776,Test,9.633333333333333
800827,Control,3.9166666666666665
801206,Control,3.6333333333333333
802023,Test,3.2333333333333334
802406,Control,3.1666666666666665
802785,Test,14.466666666666667
803814,Test,3.55
803868,Test,3.4166666666666665
804318,Control,21.25
804701,Control,4.45
804894,Control,3.183333333333333
805150,Test,2.5
805850,Control,3.533333333333333
805889,Test,3.216666666666667
806404,Test,2.216666666666667
806546,Control,3.2
806792,Control,13.366666666666667
806955,Test,1.7833333333333334
806960,Test,3.8666666666666667
807075,Test,2.2666666666666666
807085,Control,5.433333333333334
807290,Control,10.5
807316,Test,24.216666666666665
807550,Test,1.5833333333333333
807572,Test,1.8666666666666667
807768,Test,13.2
807898,Control,2.5166666666666666
808084,Test,13.916666666666666
808085,Test,1.6166666666666667
808261,Test,2.3
808536,Test,6.166666666666667
808729,Test,2.2666666666666666
808964,Control,6.35
809012,Test,3.4
809082,Test,26.616666666666667
809360,Test,2.7666666666666666
809426,Test,1.9
809545,Test,2.2333333333333334
809578,Test,6.066666666666666
809658,Control,2.2333333333333334
809835,Control,3.7333333333333334
810575,Test,9.666666666666666
810930,Test,5.5
812425,Control,2.566666666666667
812596,Control,1.85
813507,Control,3.6
815158,Control,2.5
815731,Test,3.75
816165,Control,7.366666666666666
816508,Control,8.4
816572,Test,4.716666666666667
816595,Test,3.9833333333333334
817200,Control,6.75
817297,Test,7.533333333333333
817310,Test,7.416666666666667
817525,Test,3.3666666666666667
818084,Control,4.316666666666666
818487,Control,5.35
818914,Test,2.4833333333333334
819286,Test,6.066666666666666
819412,Control,5.183333333333334
819730,Control,4.116666666666666
819839,Test,1.35
819870,Test,1.3666666666666667
820255,Test,2.3
820349,Control,18.133333333333333
820519,Test,4.1
820629,Test,2.4
820937,Control,12.25
821422,Control,8.733333333333333
821574,Control,3.6166666666666667
821604,Test,2.033333333333333
821836,Test,6.516666666666667
822119,Test,17.066666666666666
822281,Test,4.283333333333333
822313,Test,10.966666666666667
822741,Control,2.066666666666667
823147,Test,2.2333333333333334
823482,Control,2.9833333333333334
823538,Test,2.816666666666667
823619,Test,1.6666666666666667
823726,Test,2.783333333333333
823839,Test,3.2333333333333334
824375,Test,1.5666666666666667
824604,Control,5.683333333333334
824914,Control,1.15
824923,Control,4.383333333333334
825006,Control,2.3833333333333333
825443,Test,2.816666666666667
826202,Control,5.7
826259,Test,14.7
826542,Test,3.033333333333333
826682,Control,7.033333333333333
826807,Test,1.4
827080,Test,14.483333333333333
827141,Test,3.066666666666667
827403,Control,10.833333333333334
827472,Control,1.9666666666666666
828166,Test,5.233333333333333
828337,Test,8.433333333333334
828638,Test,5.15
828776,Test,8.6
828790,Test,8.233333333333333
829201,Test,2.3333333333333335
829482,Test,5.083333333333333
829855,Test,1.8666666666666667
829902,Test,2.1333333333333333
829911,Test,2.566666666666667
830129,Test,4.933333333333334
830971,Control,1.6833333333333333
831125,Control,7.416666666666667
831379,Test,4.583333333333333
831546,Test,3.15
831738,Test,4.316666666666666
831819,Test,4.366666666666666
832313,Test,5.266666666666667
832777,Control,3.8333333333333335
834551,Test,9.35
834594,Test,2.566666666666667
834856,Test,3.15
834893,Test,7.4
835034,Control,5.633333333333334
835607,Control,12.05
836164,Test,5.883333333333334
836311,Control,6.65
836422,Test,2.6166666666666667
836976,Test,25.283333333333335
836990,Test,7.0
837151,Test,7.05
837291,Test,5.733333333333333
837349,Control,2.45
837361,Control,2.783333333333333
837625,Control,4.416666666666667
838364,Control,2.15
838584,Test,4.183333333333334
838619,Test,2.283333333333333
838653,Control,3.6
838750,Test,2.6666666666666665
839179,Control,4.366666666666666
839585,Control,3.05
840320,Control,6.683333333333334
840501,Test,2.7333333333333334
840643,Test,3.0833333333333335
840838,Control,12.466666666666667
841242,Control,5.35
841486,Control,1.4666666666666666
841699,Test,1.95
841738,Test,8.116666666666667
841843,Control,3.533333333333333
842059,Test,3.1
842266,Control,5.05
842300,Control,5.733333333333333
842319,Test,5.25
842497,Control,2.183333333333333
842512,Control,5.85
842569,Test,3.533333333333333
843228,Control,7.8
843640,Test,4.983333333333333
843805,Test,5.4
844162,Control,7.716666666666667
844271,Test,19.516666666666666
844566,Control,5.116666666666666
845251,Test,3.7
846090,Test,9.316666666666666
846205,Test,3.6
847220,Test,70.06666666666666
847857,Control,3.4833333333333334
848241,Test,1.7666666666666666
848559,Test,1.5333333333333334
848570,Control,3.4
848594,Control,1.75
848688,Test,2.7333333333333334
848708,Control,3.566666666666667
849489,Test,2.0833333333333335
849561,Control,8.183333333333334
850828,Test,6.45
851626,Test,1.3666666666666667
851703,Test,1.6666666666666667
851930,Control,5.116666666666666
852615,Test,2.9833333333333334
852877,Test,2.05
853071,Test,2.55
853241,Test,7.5
853404,Control,4.55
853541,Control,2.9833333333333334
853743,Control,5.683333333333334
853948,Test,5.816666666666666
855543,Control,8.016666666666667
855556,Control,10.916666666666666
855588,Control,4.616666666666666
856961,Test,4.183333333333334
857273,Control,1.75
857522,Test,2.216666666666667
857556,Control,12.466666666666667
858511,Test,4.766666666666667
858693,Test,4.95
858742,Control,3.183333333333333
858812,Test,8.733333333333333
859069,Test,3.95
859795,Control,12.416666666666666
859913,Test,13.883333333333333
860752,Control,1.8833333333333333
860831,Test,10.416666666666666
861217,Test,8.366666666666667
861316,Test,3.95
861392,Control,2.9833333333333334
861552,Test,5.616666666666666
861720,Test,2.45
861889,Control,4.216666666666667
861904,Test,6.633333333333334
861973,Test,8.083333333333334
862662,Control,5.3
863368,Control,1.7
863407,Control,4.516666666666667
863452,Test,2.25
863963,Test,2.8666666666666667
864074,Test,3.3666666666666667
864378,Test,4.216666666666667
864721,Control,4.8
865025,Control,6.8
866133,Test,1.1166666666666667
866150,Control,3.9833333333333334
866292,Test,1.9166666666666667
866794,Test,4.1
867433,Test,4.883333333333334
867469,Test,1.25
868124,Control,1.5833333333333333
868443,Control,9.25
869520,Control,37.28333333333333
869837,Test,5.383333333333334
870600,Test,1.45
870999,Test,2.6666666666666665
871185,Control,5.383333333333334
871246,Control,6.566666666666666
871456,Test,2.8
871652,Control,6.333333333333333
871796,Test,4.433333333333334
872056,Control,5.166666666666667
872464,Control,59.766666666666666
872784,Control,4.183333333333334
872979,Control,2.0166666666666666
873040,Test,20.133333333333333
873471,Test,3.5166666666666666
873650,Test,5.266666666666667
873963,Control,2.683333333333333
874566,Test,2.8333333333333335
874759,Test,4.716666666666667
875221,Test,2.35
875259,Test,1.8166666666666667
875534,Test,2.5
875915,Control,11.683333333333334
875920,Test,1.1166666666666667
876235,Test,1.8166666666666667
876316,Control,11.383333333333333
876785,Test,1.8666666666666667
877351,Test,2.683333333333333
878114,Control,5.833333333333333
878571,Test,9.166666666666666
878675,Control,1.75
879034,Test,2.316666666666667
879087,Test,2.05
879099,Control,4.733333333333333
879641,Test,1.85
879664,Control,5.65
879684,Control,26.566666666666666
880523,Test,2.283333333333333
880925,Test,2.85
881057,Test,3.033333333333333
881563,Test,2.4
882086,Control,7.3
882183,Control,4.483333333333333
882354,Test,1.7833333333333334
882612,Test,3.15
882985,Test,7.016666666666667
883011,Test,2.033333333333333
883189,Test,38.18333333333333
883254,Test,0.8666666666666667
883426,Control,2.9
883500,Control,2.566666666666667
883773,Test,2.6
884588,Control,8.433333333333334
884881,Test,3.933333333333333
885564,Test,23.866666666666667
885589,Test,2.4833333333333334
886185,Test,7.866666666666666
886333,Control,2.033333333333333
886616,Test,14.283333333333333
886924,Test,2.0833333333333335
887021,Test,2.0166666666666666
887319,Test,14.583333333333334
887605,Test,6.483333333333333
887671,Test,2.0833333333333335
888119,Test,1.9166666666666667
888133,Control,1.8833333333333333
888529,Control,7.766666666666667
888682,Control,11.066666666666666
888738,Test,19.666666666666668
888744,Test,4.416666666666667
888809,Control,8.35
888904,Test,4.15
889211,Test,3.933333333333333
889260,Control,12.55
889271,Test,2.3666666666666667
889773,Test,2.3833333333333333
890263,Control,3.3666666666666667
890755,Control,4.066666666666666
893278,Control,3.7333333333333334
893384,Control,2.3833333333333333
893426,Test,10.15
893686,Test,5.1
893856,Control,3.9
893876,Test,1.7166666666666666
894813,Test,6.683333333333334
895221,Control,8.116666666666667
896369,Control,11.9
897243,Test,7.783333333333333
897407,Test,2.75
897477,Control,4.466666666666667
897598,Test,2.35
898300,Test,2.183333333333333
898595,Test,8.283333333333333
898960,Test,3.683333333333333
899327,Test,10.283333333333333
899884,Test,18.683333333333334
899958,Test,2.2666666666666666
900576,Control,3.25
900681,Test,2.933333333333333
902056,Control,4.666666666666667
902073,Control,2.316666666666667
902294,Control,12.416666666666666
903191,Control,12.566666666666666
903350,Test,8.933333333333334
904007,Test,4.433333333333334
904374,Test,4.2
904711,Control,5.166666666666667
905413,Test,1.9833333333333334
905532,Control,3.6333333333333333
905694,Control,4.316666666666666
905755,Control,2.933333333333333
906669,Control,22.5
907562,Test,1.9333333333333333
907968,Test,2.466666666666667
908415,Test,14.0
908660,Test,7.983333333333333
908709,Test,44.016666666666666
909050,Control,9.7
909969,Control,8.25
910275,Control,3.0166666666666666
910877,Test,3.283333333333333
911208,Test,2.7333333333333334
911666,Test,1.8
911891,Control,12.0
912638,Control,3.75
912673,Test,6.216666666666667
913238,Control,2.683333333333333
913446,Test,4.283333333333333
914160,Control,3.6333333333333333
914309,Test,5.116666666666666
914926,Test,3.5833333333333335
915274,Test,6.75
915300,Test,4.183333333333334
915511,Test,7.816666666666666
915584,Test,8.166666666666666
915892,Test,3.8333333333333335
916366,Test,4.366666666666666
916483,Test,2.433333333333333
917202,Test,20.966666666666665
917269,Control,3.466666666666667
917800,Control,2.05
918053,Control,3.95
918073,Test,7.266666666666667
918500,Control,28.416666666666668
918538,Control,4.7
918615,Control,5.466666666666667
918996,Test,15.416666666666666
919048,Test,3.0833333333333335
919081,Test,3.6166666666666667
920103,Test,6.05
921907,Control,6.966666666666667
922098,Control,4.7
923066,Control,21.183333333333334
923946,Control,3.65
924852,Test,7.9
924916,Control,3.1666666666666665
925081,Test,2.0833333333333335
925305,Control,7.25
925323,Test,6.833333333333333
925707,Test,3.566666666666667
926432,Control,4.233333333333333
926593,Control,10.666666666666666
926737,Control,8.116666666666667
927516,Test,1.7166666666666666
927541,Test,5.233333333333333
927661,Control,3.6666666666666665
927703,Test,5.233333333333333
927899,Test,5.05
928125,Control,4.283333333333333
928205,Test,3.7333333333333334
928670,Test,5.033333333333333
928927,Control,2.966666666666667
929038,Test,4.1
929347,Control,43.45
929350,Control,7.716666666666667
929741,Test,26.35
930021,Test,6.983333333333333
930347,Test,8.283333333333333
930489,Test,2.45
930596,Test,5.033333333333333
931254,Test,9.35
931561,Test,2.283333333333333
933031,Test,8.983333333333333
933462,Test,3.7666666666666666
933538,Control,6.033333333333333
933636,Control,4.383333333333334
934229,Test,1.6666666666666667
934442,Control,4.183333333333334
934487,Control,11.133333333333333
934584,Control,14.133333333333333
934840,Test,1.05
935909,Test,5.933333333333334
935940,Control,7.95
935970,Test,4.333333333333333
936505,Test,3.283333333333333
936595,Test,7.533333333333333
936963,Test,8.15
937647,Control,4.216666666666667
937877,Test,4.65
937927,Control,21.516666666666666
938227,Test,7.583333333333333
938268,Test,2.933333333333333
938741,Test,1.7833333333333334
938858,Control,1.9833333333333334
938970,Test,5.433333333333334
939103,Control,5.933333333333334
939298,Test,14.6
939325,Control,3.2
939540,Control,2.5833333333333335
940063,Control,5.183333333333334
940064,Test,2.8666666666666667
940136,Test,8.45
940211,Control,1.4666666666666666
940664,Test,9.316666666666666
940850,Test,17.766666666666666
941279,Control,4.716666666666667
941284,Test,65.93333333333334
941913,Control,7.033333333333333
941935,Control,4.666666666666667
942272,Test,3.6333333333333333
942896,Test,14.633333333333333
943955,Control,6.8
944052,Control,2.3833333333333333
944222,Test,5.333333333333333
945979,Test,2.4833333333333334
946169,Control,1.7166666666666666
946577,Control,9.883333333333333
946828,Control,3.283333333333333
947221,Control,7.2
947529,Control,7.183333333333334
948823,Control,1.6666666666666667
948941,Control,3.1666666666666665
948952,Test,5.15
950138,Test,9.266666666666667
951158,Control,5.633333333333334
951327,Test,9.55
951910,Control,4.433333333333334
952223,Control,2.4833333333333334
952435,Control,4.166666666666667
952673,Test,2.966666666666667
952747,Test,1.5666666666666667
953023,Test,13.816666666666666
953053,Test,2.2666666666666666
953368,Test,9.266666666666667
953375,Test,7.333333333333333
953658,Test,8.066666666666666
953722,Control,1.8
954023,Control,6.75
954858,Test,1.8166666666666667
955190,Test,13.816666666666666
955510,Control,3.5166666666666666
955922,Control,1.5833333333333333
956129,Control,17.566666666666666
956435,Control,4.783333333333333
956460,Control,5.666666666666667
956630,Control,15.95
957204,Test,2.466666666666667
957273,Control,6.816666666666666
957328,Control,6.466666666666667
957724,Control,5.05
958011,Test,2.966666666666667
958379,Test,2.9833333333333334
959075,Control,1.1333333333333333
959156,Control,2.65
959159,Control,0.85
959466,Test,10.316666666666666
960156,Control,1.9
960361,Control,2.9166666666666665
960388,Control,12.6
960482,Test,1.7
960580,Test,1.85
960724,Test,1.0166666666666666
960818,Control,1.7166666666666666
962154,Control,22.166666666666668
962198,Test,5.633333333333334
962255,Test,2.283333333333333
962572,Control,29.316666666666666
963061,Test,3.8666666666666667
963427,Control,17.666666666666668
963874,Test,3.2666666666666666
963965,Test,71.0
964325,Test,10.0
965093,Control,5.616666666666666
965239,Control,12.033333333333333
965804,Control,1.5833333333333333
965885,Control,4.883333333333334
966341,Test,2.466666666666667
966372,Test,13.783333333333333
966641,Control,6.416666666666667
966894,Test,3.2333333333333334
966927,Test,4.366666666666666
967001,Test,5.25
967459,Test,3.3833333333333333
967593,Test,21.383333333333333
968323,Control,8.883333333333333
969440,Control,3.05
969629,Control,17.683333333333334
969981,Control,4.616666666666666
970290,Test,5.516666666666667
970695,Test,4.983333333333333
971116,Control,4.5
971242,Test,7.683333333333334
971468,Control,10.066666666666666
971530,Control,10.283333333333333
971542,Control,27.383333333333333
971597,Control,2.9833333333333334
971751,Test,2.1666666666666665
971861,Control,47.11666666666667
972441,Control,19.6
972585,Test,3.316666666666667
972596,Control,3.45
972666,Control,8.266666666666667
973461,Test,2.033333333333333
974276,Test,6.983333333333333
974323,Test,12.516666666666667
974365,Test,43.0
974891,Test,3.15
975661,Control,4.3
975686,Test,4.333333333333333
975743,Test,7.383333333333334
975772,Control,8.383333333333333
975800,Test,21.05
975818,Control,11.583333333333334
976192,Test,1.6
976546,Control,5.2
977189,Test,11.65
977193,Test,8.116666666666667
977939,Test,10.333333333333334
978067,Test,3.2333333333333334
978612,Control,2.7333333333333334
979164,Test,24.933333333333334
979208,Test,4.383333333333334
979484,Control,3.2
979630,Control,2.783333333333333
980310,Test,3.433333333333333
980630,Control,8.5
981679,Test,1.8166666666666667
981888,Control,3.9
981961,Control,4.0
982129,Test,4.833333333333333
982290,Test,30.083333333333332
982360,Test,18.65
982456,Control,1.5166666666666666
982870,Test,4.8
983062,Test,15.116666666666667
983088,Test,2.1666666666666665
983319,Control,3.5166666666666666
984526,Control,5.683333333333334
984646,Control,10.533333333333333
984993,Test,4.533333333333333
985046,Test,9.366666666666667
985074,Test,4.083333333333333
985481,Control,6.05
985546,Control,6.233333333333333
985843,Control,2.6333333333333333
985881,Test,6.8
986196,Test,3.183333333333333
986222,Test,21.266666666666666
986278,Test,8.333333333333334
986678,Test,2.8
987364,Test,9.066666666666666
987843,Test,21.15
987970,Control,7.166666666666667
988731,Test,1.9166666666666667
989483,Control,7.066666666666666
989686,Test,3.716666666666667
989875,Control,6.216666666666667
990120,Test,9.083333333333334
990903,Control,6.5
991266,Control,3.216666666666667
991383,Test,1.7166666666666666
991771,Test,3.1166666666666667
991869,Test,2.5
992452,Test,3.35
992511,Test,3.25
992767,Test,3.95
992924,Control,14.8
993253,Test,4.283333333333333
993338,Control,2.6666666666666665
993631,Control,4.216666666666667
994100,Test,7.416666666666667
994250,Test,1.25
995004,Test,8.85
995753,Test,2.7
995889,Test,1.6333333333333333
996578,Control,5.483333333333333
997399,Test,2.3666666666666667
997697,Control,6.716666666666667
997742,Test,8.15
998143,Test,3.5833333333333335
998606,Control,7.95
998717,Test,2.8833333333333333
998727,Control,56.36666666666667
998998,Control,1.6833333333333333
999095,Control,2.3333333333333335
999403,Test,3.4166666666666665
999541,Test,7.533333333333333
1000062,Control,16.0
1000353,Control,6.166666666666667
1000536,Control,1.7833333333333334
1000672,Control,2.316666666666667
1001101,Test,4.366666666666666
1001135,Control,21.55
1001161,Control,17.733333333333334
1001212,Test,5.316666666666666
1001339,Test,4.183333333333334
1002001,Test,91.71666666666667
1002004,Control,2.2333333333333334
1002041,Test,3.4833333333333334
1002842,Test,19.75
1002905,Control,16.983333333333334
1003061,Control,4.2
1003083,Test,2.65
1003184,Control,3.033333333333333
1004456,Test,1.6833333333333333
1004478,Test,3.0
1004503,Control,4.616666666666666
1005952,Control,4.65
1006084,Control,1.2333333333333334
1006425,Control,2.5
1006981,Control,11.616666666666667
1007551,Test,1.5
1007556,Control,10.0
1008127,Test,11.983333333333333
1008228,Test,2.6666666666666665
1008245,Control,2.2
1008407,Control,4.566666666666666
1009021,Control,4.25
1009461,Test,5.933333333333334
1010276,Test,1.5166666666666666
1011046,Control,1.7666666666666666
1011140,Test,9.866666666666667
1011388,Test,2.3666666666666667
1011972,Control,11.316666666666666
1012399,Test,1.5833333333333333
1012423,Control,10.633333333333333
1012445,Test,11.366666666666667
1013311,Control,8.4
1013414,Control,1.4833333333333334
1013448,Test,7.3
1013676,Control,5.45
1014343,Test,2.683333333333333
1014410,Test,5.1
1014761,Control,2.6166666666666667
1015109,Test,2.783333333333333
1015179,Test,2.95
1015227,Test,1.7166666666666666
1015298,Test,1.75
1015395,Control,2.1
1015574,Test,9.933333333333334
1016073,Test,2.533333333333333
1016217,Test,4.2
1016444,Test,3.3833333333333333
1017424,Test,11.166666666666666
1017730,Control,11.566666666666666
1018270,Control,2.433333333333333
1018307,Control,27.883333333333333
1018410,Control,13.75
1019416,Control,7.333333333333333
1019589,Control,6.833333333333333
1019766,Test,6.75
1020604,Control,1.45
1020634,Control,4.3
1020743,Test,1.55
1020761,Control,3.066666666666667
1020828,Test,16.15
1020887,Test,4.833333333333333
1021314,Test,2.8
1021867,Test,14.183333333333334
1022510,Control,8.3
1022723,Test,8.666666666666666
1022744,Test,1.1
1023316,Control,5.2
1023460,Test,1.9
1023699,Test,19.316666666666666
1024113,Control,5.183333333333334
1024220,Control,17.1
1024268,Test,2.4833333333333334
1025180,Test,1.35
1025414,Control,5.45
1025577,Test,1.4166666666666667
1025595,Control,4.433333333333334
1025703,Test,2.8833333333333333
1025949,Control,6.45
1026120,Control,4.866666666666666
1026177,Test,1.9166666666666667
1027595,Test,2.5
1027831,Control,18.416666666666668
1027952,Control,2.4166666666666665
1027958,Test,11.066666666666666
1027971,Control,26.3
1028416,Control,5.416666666666667
1028720,Test,13.166666666666666
1029090,Control,8.033333333333333
1029502,Control,1.5
1029986,Control,2.533333333333333
1030203,Control,1.7
1030222,Test,1.5166666666666666
1031166,Control,3.4166666666666665
1031274,Test,2.3833333333333333
1031663,Test,29.5
1032410,Test,1.5666666666666667
1032721,Control,12.816666666666666
1033134,Control,10.05
1033552,Test,6.166666666666667
1033609,Control,3.0
1033888,Control,13.933333333333334
1033915,Test,5.0
1034218,Test,1.5833333333333333
1034465,Test,2.6166666666666667
1034855,Test,17.766666666666666
1035107,Test,5.233333333333333
1035211,Test,6.266666666666667
1036929,Test,16.05
1036960,Test,3.1666666666666665
1037038,Control,13.05
1037226,Control,5.583333333333333
1037427,Test,3.466666666666667
1037841,Control,4.3
1037867,Test,2.6166666666666667
1038898,Test,5.566666666666666
1040359,Control,5.183333333333334
1040471,Test,16.566666666666666
1041248,Test,3.716666666666667
1041695,Test,1.5666666666666667
1042147,Test,3.3333333333333335
1042799,Test,10.25
1042806,Test,4.3
1043717,Test,3.0
1043949,Control,2.066666666666667
1044199,Test,1.1833333333333333
1044443,Control,7.2
1044633,Test,2.35
1044736,Test,5.333333333333333
1045632,Control,9.766666666666667
1045793,Test,9.533333333333333
1045820,Test,2.5
1046045,Control,3.5
1046160,Test,9.533333333333333
1046276,Control,20.5
1046539,Test,3.0833333333333335
1046915,Control,2.3666666666666667
1048239,Control,3.0833333333333335
1048676,Test,2.9833333333333334
1048888,Control,4.733333333333333
1049315,Test,3.8333333333333335
1050296,Control,2.9
1050966,Control,1.9833333333333334
1051166,Control,4.133333333333334
1051377,Control,2.3333333333333335
1051611,Test,13.616666666666667
1051820,Test,13.583333333333334
1052179,Test,3.0166666666666666
1052702,Control,2.85
1052802,Control,1.6166666666666667
1052899,Test,1.3333333333333333
1053029,Control,17.516666666666666
1053696,Control,4.733333333333333
1054668,Test,7.266666666666667
1054916,Test,3.05
1055254,Control,2.4
1056528,Control,7.35
1056689,Control,4.966666666666667
1056722,Control,2.05
1056766,Control,14.416666666666666
1057253,Test,1.7333333333333334
1057612,Control,3.283333333333333
1057707,Test,14.9
1058163,Test,6.55
1058509,Control,7.716666666666667
1058914,Test,3.533333333333333
1059370,Test,7.85
1059481,Test,2.3666666666666667
1059724,Test,2.316666666666667
1060169,Test,1.9333333333333333
1060354,Control,5.083333333333333
1060628,Control,4.2
1060653,Test,6.0
1060842,Test,2.2666666666666666
1061120,Control,5.4
1061300,Test,18.016666666666666
1061310,Control,3.1333333333333333
1061430,Control,24.866666666666667
1062412,Control,5.533333333333333
1062464,Test,4.65
1062473,Control,1.7666666666666666
1062722,Test,4.5
1062737,Control,40.88333333333333
1062828,Control,3.533333333333333
1063395,Test,1.6666666666666667
1064476,Test,1.8166666666666667
1064624,Control,3.033333333333333
1064690,Control,8.333333333333334
1064769,Test,4.216666666666667
1064795,Control,2.0833333333333335
1064850,Control,9.033333333333333
1065037,Test,12.6
1065324,Control,2.4166666666666665
1065421,Test,5.366666666666666
1066661,Control,1.6
1067041,Test,1.2666666666666666
1067510,Test,12.233333333333333
1067579,Test,4.216666666666667
1068491,Control,3.033333333333333
1068616,Test,3.2333333333333334
1070909,Control,2.5833333333333335
1070949,Test,3.1333333333333333
1071976,Test,2.3333333333333335
1072043,Control,7.15
1072044,Control,2.2333333333333334
1072312,Test,12.3
1072983,Control,2.5
1072995,Test,8.2
1073661,Test,2.3
1073670,Control,2.183333333333333
1074001,Test,5.766666666666667
1074213,Test,2.216666666666667
1074528,Control,14.35
1074578,Test,3.15
1074757,Test,0.7833333333333333
1075066,Test,2.4833333333333334
1075238,Control,1.6833333333333333
1075256,Control,4.833333333333333
1076354,Test,3.433333333333333
1076454,Control,2.7666666666666666
1076459,Control,7.533333333333333
1076556,Test,14.95
1076673,Test,9.25
1077064,Control,2.433333333333333
1077479,Test,3.55
1077506,Control,3.5
1077660,Control,4.716666666666667
1078275,Control,12.95
1078850,Test,4.933333333333334
1079175,Test,9.083333333333334
1079220,Test,6.9
1079617,Test,9.3
1079786,Control,13.483333333333333
1080489,Control,10.433333333333334
1081002,Test,2.683333333333333
1081771,Test,5.516666666666667
1081847,Control,4.383333333333334
1082833,Control,4.6
1083032,Test,21.333333333333332
1083647,Test,4.866666666666666
1084286,Test,9.466666666666667
1084969,Test,10.633333333333333
1085528,Test,3.283333333333333
1085768,Test,9.95
1086000,Test,3.45
1086941,Test,1.4
1087085,Control,6.566666666666666
1087096,Control,3.216666666666667
1087634,Test,3.3833333333333333
1087710,Test,3.6333333333333333
1087862,Test,4.733333333333333
1088201,Test,3.8
1088213,Control,17.65
1088380,Test,1.65
1088466,Control,4.05
1088728,Test,5.25
1088932,Test,1.5833333333333333
1089084,Control,4.166666666666667
1089784,Test,9.8
1090478,Test,3.45
1091527,Control,5.383333333333334
1091552,Test,9.933333333333334
1091911,Test,3.95
1092660,Control,2.316666666666667
1092703,Control,2.1
1093152,Control,1.1333333333333333
1093520,Test,3.8
1095055,Control,7.616666666666666
1095148,Test,4.15
1095432,Test,5.116666666666666
1095564,Control,2.95
1096215,Test,9.533333333333333
1096427,Test,4.533333333333333
1096862,Test,4.5
1096936,Test,1.4833333333333334
1097069,Control,2.0833333333333335
1097264,Control,13.583333333333334
1097270,Control,4.4
1097747,Test,3.7666666666666666
1098357,Test,5.0
1100947,Test,2.183333333333333
1100966,Test,1.3666666666666667
1101454,Control,11.1
1101457,Control,3.216666666666667
1101682,Test,9.533333333333333
1102067,Test,3.316666666666667
1102283,Test,2.6166666666666667
1102877,Test,2.6
1103375,Control,8.733333333333333
1103735,Test,9.966666666666667
1103830,Control,9.966666666666667
1104279,Control,9.083333333333334
1104326,Test,2.6166666666666667
1104367,Test,9.966666666666667
1104401,Test,2.4166666666666665
1104757,Test,3.433333333333333
1104795,Control,5.2
1105355,Test,6.033333333333333
1106136,Control,3.25
1106303,Test,6.566666666666666
1106355,Test,1.5666666666666667
1106634,Test,3.7666666666666666
1106643,Test,7.766666666666667
1107033,Control,2.75
1107139,Test,2.2333333333333334
1107288,Test,2.683333333333333
1107897,Test,5.05
1107994,Test,7.1
1108090,Test,3.3333333333333335
1109184,Control,5.733333333333333
1109236,Test,11.983333333333333
1109289,Control,4.1
1109486,Test,2.3666666666666667
1109566,Test,2.216666666666667
1109597,Control,10.4
1110116,Control,7.8
1110311,Control,1.5
1110622,Control,2.9833333333333334
1110805,Control,12.05
1110987,Control,2.45
1111086,Control,2.1
1111442,Test,4.0
1111595,Test,2.6166666666666667
1112209,Test,2.25
1112343,Test,2.5833333333333335
1112588,Control,1.95
1113377,Control,18.566666666666666
1113707,Control,14.066666666666666
1113765,Control,2.85
1113976,Test,3.033333333333333
1114139,Control,1.4833333333333334
1114434,Control,2.55
1114749,Test,5.166666666666667
1114916,Control,3.85
1114974,Test,2.95
1115147,Test,4.266666666666667
1115246,Test,3.1166666666666667
1115525,Test,34.05
1115553,Test,3.15
1115570,Control,10.083333333333334
1115902,Control,4.25
1116027,Test,9.916666666666666
1116381,Test,3.8333333333333335
1116542,Control,6.883333333333334
1116619,Test,2.5166666666666666
1116710,Test,3.5833333333333335
1116906,Control,2.05
1117004,Control,1.5333333333333334
1117521,Control,1.4666666666666666
1117619,Test,12.4
1117967,Control,8.0
1118126,Test,4.316666666666666
1118533,Control,4.383333333333334
1118542,Control,3.3333333333333335
1118571,Test,1.2666666666666666
1118953,Test,18.033333333333335
1119544,Control,2.15
1119681,Test,7.283333333333333
1120173,Test,5.566666666666666
1120421,Test,2.5
1120449,Test,1.8666666666666667
1120647,Test,1.9666666666666666
1120859,Test,2.066666666666667
1121613,Control,2.9166666666666665
1121736,Test,4.916666666666667
1121924,Control,3.25
1122430,Test,4.8
1122709,Test,2.95
1122853,Control,8.083333333333334
1123070,Control,2.5166666666666666
1123726,Test,4.766666666666667
1124273,Test,8.066666666666666
1124374,Test,17.233333333333334
1124900,Test,6.816666666666666
1125601,Test,2.45
1125696,Test,4.4
1126062,Control,13.25
1126310,Test,5.066666666666666
1126311,Control,1.9666666666666666
1126811,Control,2.95
1126962,Control,2.533333333333333
1127362,Test,2.533333333333333
1127966,Test,6.916666666666667
1128333,Test,5.133333333333334
1128550,Test,3.3
1128575,Test,5.9
1128925,Control,6.566666666666666
1129035,Control,3.933333333333333
1129041,Control,6.516666666666667
1129306,Control,8.05
1129748,Control,6.083333333333333
1130005,Control,5.433333333333334
1130170,Control,3.683333333333333
1130281,Control,14.1
1131270,Control,1.9833333333333334
1131352,Control,3.566666666666667
1131564,Test,13.616666666666667
1131760,Control,6.5
1131969,Test,1.65
1132005,Control,9.016666666666667
1132302,Test,3.683333333333333
1132380,Test,2.033333333333333
1132831,Control,2.5
1133006,Control,1.9833333333333334
1133440,Control,11.75
1133592,Test,6.416666666666667
1133720,Test,8.133333333333333
1134193,Test,4.266666666666667
1134427,Control,3.316666666666667
1135081,Control,4.433333333333334
1135485,Test,8.15
1135517,Control,3.0166666666666666
1135521,Control,2.6333333333333333
1135759,Control,2.183333333333333
1135785,Test,2.9833333333333334
1136364,Test,3.75
1136521,Test,2.75
1136850,Control,2.35
1136898,Control,22.416666666666668
1137042,Test,12.55
1137754,Control,6.983333333333333
1137794,Test,3.05
1137924,Control,3.1
1138609,Control,10.033333333333333
1139245,Control,8.516666666666667
1139286,Test,3.05
1139631,Test,9.1
1140540,Test,6.266666666666667
1140618,Test,16.383333333333333
1140645,Test,2.0
1141025,Test,2.1666666666666665
1141280,Test,8.283333333333333
1141867,Test,1.2666666666666666
1142049,Test,1.5833333333333333
1142314,Control,3.933333333333333
1142370,Test,2.4166666666666665
1142598,Control,4.9
1143145,Test,4.516666666666667
1144410,Control,3.933333333333333
1144836,Test,2.65
1145098,Test,4.433333333333334
1145419,Control,9.45
1146114,Control,12.9
1146189,Control,7.2
1146272,Control,1.9333333333333333
1146699,Control,4.016666666666667
1146708,Control,3.9833333333333334
1147028,Control,4.233333333333333
1147258,Test,3.8333333333333335
1147806,Control,5.716666666666667
1147840,Control,32.21666666666667
1147875,Control,7.016666666666667
1148153,Test,12.333333333333334
1149016,Control,5.883333333333334
1149058,Test,2.95
1149257,Control,2.3833333333333333
1149337,Test,8.483333333333333
1149886,Test,2.5
1149947,Test,3.35
1150052,Test,6.8
1150259,Test,3.8666666666666667
1151093,Test,6.65
1151116,Test,8.2
1151298,Test,5.283333333333333
1151820,Control,8.783333333333333
1152097,Test,3.6
1152171,Test,3.3666666666666667
1153028,Test,2.783333333333333
1153172,Control,4.416666666666667
1153300,Control,17.033333333333335
1153323,Control,10.4
1153442,Test,5.116666666666666
1154031,Control,2.8
1154402,Test,3.683333333333333
1154465,Test,5.3
1154898,Test,3.8666666666666667
1155060,Test,6.6
1155317,Control,4.6
1155387,Test,4.883333333333334
1155518,Control,2.5166666666666666
1155711,Test,35.88333333333333
1156122,Control,2.35
1156656,Control,4.916666666666667
1157514,Test,4.566666666666666
1158721,Test,5.116666666666666
1159283,Control,5.616666666666666
1159317,Control,5.533333333333333
1159466,Test,2.0
1159819,Control,3.6
1159934,Control,8.05
1159936,Test,2.2666666666666666
1159992,Control,3.7
1160897,Test,3.65
1161091,Test,10.083333333333334
1161189,Test,1.6166666666666667
1161478,Test,12.916666666666666
1162535,Control,5.933333333333334
1162541,Control,13.05
1162812,Control,3.5833333333333335
1162915,Test,13.916666666666666
1163229,Test,2.066666666666667
1163409,Test,2.5
1163626,Test,2.466666666666667
1163653,Control,2.3
1164001,Test,2.8666666666666667
1164010,Test,1.75
1164659,Control,3.183333333333333
1165290,Control,2.566666666666667
1165414,Control,4.2
1165580,Test,8.166666666666666
1166023,Control,6.566666666666666
1166624,Control,3.9833333333333334
1166874,Test,6.133333333333334
1167003,Test,5.633333333333334
1167461,Test,9.3
1168106,Test,21.55
1168317,Test,3.716666666666667
1168373,Control,2.1333333333333333
1169134,Control,3.183333333333333
1169144,Test,7.95
1169304,Control,5.933333333333334
1169522,Test,10.783333333333333
1169747,Test,4.316666666666666
1169957,Test,3.45
1170325,Test,1.9
1170647,Control,3.7666666666666666
1170730,Test,2.4
1170810,Test,1.0666666666666667
1170854,Test,8.75
1170899,Test,7.766666666666667
1171272,Test,6.883333333333334
1171432,Test,1.95
1171953,Control,4.366666666666666
1172107,Test,7.633333333333334
1172623,Test,4.916666666666667
1172841,Test,1.95
1173016,Control,4.883333333333334
1173301,Test,0.95
1173753,Control,5.166666666666667
1173759,Control,20.283333333333335
1174056,Test,1.9833333333333334
1174070,Test,2.1
1174414,Test,6.6
1174611,Test,7.0
1174625,Test,15.333333333333334
1175216,Test,9.683333333333334
1175592,Control,4.816666666666666
1175946,Control,3.2666666666666666
1176152,Control,4.55
1176370,Control,1.95
1176543,Test,2.9166666666666665
1176709,Test,16.433333333333334
1176732,Test,3.466666666666667
1177276,Test,33.71666666666667
1177458,Test,2.8333333333333335
1177682,Control,3.0
1178151,Control,3.3833333333333333
1178931,Test,19.416666666666668
1179809,Test,3.0166666666666666
1179872,Control,6.866666666666666
1180047,Control,2.5833333333333335
1180386,Test,2.1166666666666667
1180544,Control,10.533333333333333
1180546,Control,6.233333333333333
1180583,Control,10.616666666666667
1180758,Test,3.0166666666666666
1180860,Test,2.5166666666666666
1181373,Test,19.116666666666667
1181777,Control,3.4166666666666665
1182043,Test,19.416666666666668
1182258,Test,4.6
1182939,Test,4.916666666666667
1183486,Test,7.75
1183539,Test,5.616666666666666
1184633,Control,17.5
1184798,Control,4.083333333333333
1184813,Test,1.3833333333333333
1184945,Control,2.1
1185501,Test,5.25
1185791,Control,2.7666666666666666
1185864,Test,1.7666666666666666
1186083,Test,2.55
1186194,Test,1.8166666666666667
1186200,Control,9.766666666666667
1186455,Control,5.516666666666667
1186561,Test,13.533333333333333
1186608,Test,7.616666666666666
1186716,Test,1.7333333333333334
1186859,Control,2.9833333333333334
1187270,Control,7.083333333333333
1187711,Test,3.533333333333333
1187904,Test,2.8666666666666667
1187978,Test,2.8333333333333335
1188075,Control,1.35
1188165,Test,1.9
1188370,Test,4.016666666666667
1189368,Test,1.7166666666666666
1189627,Test,3.95
1189860,Test,2.55
1189894,Control,3.033333333333333
1189950,Test,9.166666666666666
1189980,Test,3.1333333333333333
1190062,Test,8.25
1190149,Control,5.583333333333333
1190394,Control,1.6166666666666667
1190476,Control,4.65
1190746,Control,1.4166666666666667
1191527,Test,6.883333333333334
1192082,Test,2.8333333333333335
1192189,Control,8.466666666666667
1192222,Test,6.9
1192384,Control,5.183333333333334
1192394,Control,7.133333333333334
1192407,Test,4.583333333333333
1192577,Test,4.816666666666666
1192815,Control,23.966666666666665
1193757,Control,1.7333333333333334
1193812,Test,4.666666666666667
1194237,Test,3.6333333333333333
1194245,Control,5.233333333333333
1194823,Control,2.216666666666667
1195067,Test,2.3666666666666667
1195531,Test,1.3833333333333333
1195541,Control,2.0166666666666666
1195631,Test,1.7166666666666666
1196376,Test,2.3333333333333335
1196788,Control,5.533333333333333
1197201,Control,4.733333333333333
1198214,Test,3.3666666666666667
1198324,Control,4.45
1198613,Test,8.95
1198944,Test,10.95
1199036,Control,2.533333333333333
1199169,Test,1.35
1200154,Control,3.7
1200235,Control,1.9833333333333334
1200335,Control,4.883333333333334
1200577,Test,1.8333333333333333
1200684,Test,2.816666666666667
1200760,Control,0.55
1200956,Test,1.65
1201286,Test,4.8
1201290,Test,3.466666666666667
1201552,Test,10.766666666666667
1201610,Control,2.7333333333333334
1201969,Test,1.2
1202226,Test,14.066666666666666
1202619,Control,2.2333333333333334
1202622,Control,3.8833333333333333
1202704,Test,4.133333333333334
1203260,Test,5.8
1203363,Control,3.6333333333333333
1204446,Test,2.0833333333333335
1204699,Test,2.816666666666667
1204853,Control,1.5
1206120,Test,7.816666666666666
1206454,Control,3.966666666666667
1207715,Test,3.85
1208160,Test,3.75
1208281,Test,9.183333333333334
1208793,Test,5.033333333333333
1208839,Control,10.933333333333334
1209140,Test,1.5333333333333334
1209146,Control,4.95
1209214,Test,1.3833333333333333
1209838,Control,1.5
1210125,Control,5.616666666666666
1210197,Test,2.1166666666666667
1210487,Test,10.366666666666667
1210533,Test,9.683333333333334
1210675,Test,3.35
1211032,Control,18.0
1211589,Control,1.55
1211689,Control,1.1
1212666,Test,3.533333333333333
1212721,Test,1.5666666666666667
1212878,Test,13.883333333333333
1213117,Test,4.45
1213795,Test,8.45
1213845,Control,8.833333333333334
1213849,Test,2.65
1214668,Test,1.55
1215090,Control,3.6333333333333333
1215944,Control,10.3
1216772,Test,1.3166666666666667
1217231,Test,1.7666666666666666
1218887,Test,1.0333333333333334
1220246,Control,2.35
1220365,Test,12.3
1220588,Test,1.5333333333333334
1220589,Test,39.733333333333334
1221160,Control,11.183333333333334
1221189,Control,11.2
1221586,Test,5.433333333333334
1221736,Control,1.8833333333333333
1221796,Test,6.833333333333333
1221967,Control,5.766666666666667
1222028,Test,1.65
1222354,Test,4.366666666666666
1222944,Test,14.116666666666667
1223405,Control,1.7
1223855,Test,1.6833333333333333
1224405,Test,2.9833333333333334
1224493,Control,4.583333333333333
1225488,Control,4.416666666666667
1225544,Control,4.433333333333334
1225744,Test,1.6666666666666667
1227135,Control,1.7833333333333334
1227228,Test,1.9666666666666666
1227277,Control,5.866666666666666
1227534,Test,7.7
1228088,Test,2.566666666666667
1228292,Test,3.5
1228762,Test,5.566666666666666
1228930,Test,4.1
1228964,Test,3.566666666666667
1229236,Test,6.916666666666667
1229361,Test,1.8333333333333333
1229722,Test,9.016666666666667
1229757,Test,1.7
1229810,Control,9.65
1229841,Test,3.283333333333333
1229899,Test,32.6
1230277,Test,6.483333333333333
1230361,Control,3.3
1230381,Control,13.266666666666667
1230589,Test,4.35
1230632,Test,9.366666666666667
1230774,Test,9.066666666666666
1230812,Control,9.416666666666666
1231025,Control,17.05
1231045,Test,5.7
1231274,Control,8.15
1231418,Control,13.316666666666666
1231545,Control,6.1
1232197,Test,4.233333333333333
1232453,Test,2.9166666666666665
1232485,Test,5.016666666666667
1232535,Test,4.95
1232744,Test,8.016666666666667
1232986,Test,13.0
1233171,Test,2.0
1234545,Test,9.866666666666667
1234723,Control,5.466666666666667
1234786,Control,1.2333333333333334
1235280,Control,3.75
1235312,Control,2.1666666666666665
1235981,Control,13.45
1236099,Control,2.7333333333333334
1236186,Test,3.6
1236236,Test,16.666666666666668
1236371,Test,7.066666666666666
1236753,Test,5.766666666666667
1237163,Test,80.1
1237949,Test,2.1166666666666667
1238090,Control,2.216666666666667
1238291,Test,2.4
1238919,Control,2.65
1238954,Test,6.183333333333334
1239693,Test,3.8666666666666667
1239722,Control,3.716666666666667
1240190,Control,1.0833333333333333
1240218,Test,1.4666666666666666
1240365,Control,5.416666666666667
1240556,Test,6.8
1240744,Test,3.783333333333333
1240899,Control,13.633333333333333
1240983,Test,4.133333333333334
1241419,Test,3.4833333333333334
1241733,Test,2.75
1242903,Test,1.65
1243109,Control,8.466666666666667
1243160,Test,3.0166666666666666
1243518,Control,1.4833333333333334
1244241,Test,5.866666666666666
1244379,Control,4.45
1244717,Control,5.333333333333333
1244995,Test,25.233333333333334
1245225,Control,6.25
1245517,Control,8.366666666666667
1245725,Control,7.15
1245728,Test,5.866666666666666
1245799,Control,9.2
1245960,Test,2.15
1246287,Test,8.4
1246546,Test,5.566666666666666
1246588,Control,2.033333333333333
1246796,Control,5.083333333333333
1246990,Test,9.6
1246991,Test,3.4
1247219,Test,10.4
1247801,Control,1.9333333333333333
1247961,Test,12.416666666666666
1250058,Test,3.7666666666666666
1250068,Control,5.15
1250258,Control,2.6
1250445,Test,5.116666666666666
1250804,Test,17.883333333333333
1251242,Control,2.6
1251676,Test,4.083333333333333
1251756,Control,2.45
1251798,Control,2.3
1252827,Test,2.8833333333333333
1253088,Test,4.233333333333333
1253347,Test,3.0833333333333335
1253453,Control,2.716666666666667
1253454,Test,34.6
1253720,Test,9.733333333333333
1253755,Control,9.033333333333333
1254086,Control,2.8666666666666667
1254213,Control,11.683333333333334
1255014,Control,3.033333333333333
1255080,Control,4.5
1255355,Control,2.783333333333333
1255626,Control,3.75
1255754,Control,1.7
1255996,Test,8.116666666666667
1256390,Test,13.883333333333333
1256425,Control,5.3
1256690,Test,3.35
1256732,Control,2.716666666666667
1256759,Test,2.3
1256808,Control,3.5166666666666666
1257039,Test,54.28333333333333
1257351,Control,8.333333333333334
1257755,Test,3.683333333333333
1258201,Test,3.9
1258356,Test,9.966666666666667
1258779,Test,4.083333333333333
1259336,Test,5.383333333333334
1259337,Test,1.6166666666666667
1259407,Test,2.1333333333333333
1259481,Test,4.966666666666667
1260052,Control,3.4
1260143,Control,16.983333333333334
1260511,Test,1.7166666666666666
1260635,Test,8.266666666666667
1260653,Control,5.583333333333333
1260749,Control,19.75
1260955,Control,6.566666666666666
1261198,Test,1.5666666666666667
1261353,Test,3.3333333333333335
1261852,Test,3.4833333333333334
1262018,Test,10.066666666666666
1262019,Control,2.1
1262208,Control,4.25
1262252,Control,10.266666666666667
1262277,Control,5.233333333333333
1262291,Control,12.633333333333333
1262295,Test,2.2666666666666666
1263417,Test,1.9833333333333334
1263455,Test,4.583333333333333
1263597,Test,1.5666666666666667
1263631,Test,3.8333333333333335
1263756,Test,3.783333333333333
1263817,Test,4.366666666666666
1263818,Control,22.333333333333332
1264037,Test,1.65
1264053,Control,1.6666666666666667
1264091,Test,3.15
1264168,Test,3.6666666666666665
1264275,Test,35.55
1264342,Test,2.3
1264481,Test,16.95
1264596,Control,6.683333333333334
1264732,Test,4.65
1265178,Test,5.716666666666667
1265496,Test,2.3666666666666667
1266717,Control,6.633333333333334
1266731,Control,4.583333333333333
1267481,Control,4.133333333333334
1268270,Control,6.516666666666667
1269483,Test,13.7
1270030,Control,2.6166666666666667
1270799,Test,2.8833333333333333
1271013,Test,1.4333333333333333
1271612,Test,2.5833333333333335
1271683,Test,3.3333333333333335
1271716,Test,6.25
1272103,Test,2.9
1272344,Test,5.383333333333334
1272601,Test,5.666666666666667
1272986,Control,4.433333333333334
1273146,Test,2.7
1273208,Test,6.883333333333334
1273901,Test,10.083333333333334
1273976,Test,2.2333333333333334
1274170,Test,1.9666666666666666
1274396,Test,1.7
1274430,Test,9.616666666666667
1274569,Control,5.45
1275302,Test,4.833333333333333
1275397,Control,7.666666666666667
1275733,Test,1.1833333333333333
1275765,Test,17.3
1276788,Control,11.816666666666666
1277300,Test,12.983333333333333
1277444,Test,3.1166666666666667
1277471,Test,3.55
1277925,Control,3.2666666666666666
1278548,Control,2.2666666666666666
1278603,Control,8.483333333333333
1278647,Control,2.183333333333333
1278845,Test,7.333333333333333
1279165,Test,15.433333333333334
1279876,Control,2.1666666666666665
1280193,Test,15.983333333333333
1280370,Control,6.566666666666666
1280540,Test,3.4833333333333334
1280922,Test,1.3
1280941,Control,2.65
1281085,Control,11.05
1282734,Control,2.033333333333333
1282992,Control,4.833333333333333
1283025,Control,2.9833333333333334
1283117,Test,1.3833333333333333
1283142,Control,4.933333333333334
1283413,Test,4.133333333333334
1283431,Test,4.783333333333333
1283616,Control,2.5833333333333335
1283778,Test,2.683333333333333
1284080,Control,7.3
1284954,Control,10.816666666666666
1284972,Control,7.266666666666667
1285361,Test,2.8833333333333333
1286454,Control,2.1666666666666665
1286768,Test,1.95
1286856,Control,3.75
1286866,Test,5.2
1286989,Test,22.433333333333334
1287238,Test,3.45
1287625,Test,2.1
1288323,Test,15.35
1288685,Test,15.033333333333333
1288843,Control,2.7
1289046,Test,14.3
1289168,Control,7.366666666666666
1289169,Test,7.816666666666666
1289178,Test,1.85
1289596,Control,5.616666666666666
1289831,Test,11.616666666666667
1290147,Test,2.25
1290560,Control,7.916666666666667
1290934,Control,3.4166666666666665
1290963,Control,4.933333333333334
1291022,Control,3.3333333333333335
1291447,Control,7.7
1291505,Test,5.983333333333333
1291606,Control,5.766666666666667
1291867,Test,5.066666666666666
1292592,Control,11.416666666666666
1292630,Test,2.6166666666666667
1292757,Test,2.1333333333333333
1292764,Test,3.4
1292962,Test,2.95
1293391,Test,2.1666666666666665
1293525,Test,2.2666666666666666
1293634,Test,2.033333333333333
1294075,Test,3.1166666666666667
1294767,Test,2.6333333333333333
1295824,Test,4.6
1296828,Test,5.5
1296904,Control,6.816666666666666
1297190,Test,9.616666666666667
1297334,Test,6.9
1297355,Test,7.133333333333334
1297993,Test,5.516666666666667
1298248,Test,1.4333333333333333
1298301,Control,3.466666666666667
1299036,Control,4.35
1299508,Test,3.0166666666666666
1299623,Test,4.15
1299715,Control,2.6
1300037,Control,10.2
1300224,Test,1.45
1300406,Test,2.1
1300694,Test,1.4333333333333333
1300849,Test,2.9833333333333334
1301085,Test,20.05
1302101,Control,1.3833333333333333
1302526,Control,5.533333333333333
1302897,Test,6.516666666666667
1303067,Test,2.0166666666666666
1303379,Control,1.4666666666666666
1303664,Test,14.983333333333333
1304236,Test,8.683333333333334
1304282,Control,2.25
1304455,Test,1.75
1304790,Test,3.566666666666667
1304890,Test,7.316666666666666
1305140,Test,3.566666666666667
1305266,Control,1.4333333333333333
1305348,Control,2.6333333333333333
1305890,Test,5.0
1306148,Test,6.566666666666666
1308214,Test,16.483333333333334
1308328,Test,2.3
1308781,Control,5.916666666666667
1308902,Test,17.816666666666666
1309199,Control,2.65
1309369,Control,1.9833333333333334
1310333,Control,29.566666666666666
1310440,Test,2.1666666666666665
1310980,Test,1.85
1311021,Control,3.066666666666667
1311258,Test,1.6
1311867,Control,2.2333333333333334
1311900,Control,9.1
1312175,Control,5.783333333333333
1312532,Test,3.5
1313090,Test,2.8333333333333335
1313182,Test,1.85
1313545,Test,1.4333333333333333
1313690,Test,1.5
1314809,Control,5.45
1315310,Control,5.916666666666667
1316243,Test,2.6666666666666665
1316298,Test,5.183333333333334
1316402,Test,2.566666666666667
1316517,Control,2.316666666666667
1316640,Test,2.85
1317607,Test,1.6
1318165,Test,2.5166666666666666
1318803,Test,3.466666666666667
1318988,Control,12.116666666666667
1319026,Test,6.6
1319306,Test,2.566666666666667
1319308,Test,1.5833333333333333
1320032,Test,2.45
1320603,Control,3.7333333333333334
1320616,Control,2.683333333333333
1320681,Test,8.983333333333333
1321246,Control,34.266666666666666
1321300,Control,5.883333333333334
1321480,Test,3.5166666666666666
1322248,Control,4.016666666666667
1322426,Test,3.0166666666666666
1322669,Control,3.75
1323067,Control,3.216666666666667
1323256,Test,1.7833333333333334
1323343,Test,4.85
1323678,Test,2.6
1323964,Control,3.5166666666666666
1324004,Test,3.8333333333333335
1324064,Control,6.2
1324191,Control,7.433333333333334
1324286,Test,5.516666666666667
1324554,Test,2.0833333333333335
1324640,Test,4.616666666666666
1324846,Control,4.4
1324994,Test,4.5
1325445,Control,26.2
1325678,Test,49.71666666666667
1325996,Test,1.7666666666666666
1326292,Test,4.2
1326392,Control,6.016666666666667
1326864,Control,11.3
1327174,Control,8.566666666666666
1327508,Test,5.133333333333334
1327847,Control,2.6166666666666667
1327943,Control,29.666666666666668
1327977,Control,1.8666666666666667
1328085,Control,16.833333333333332
1328700,Control,2.0
1329020,Control,12.3
1329260,Control,5.8
1329282,Test,1.5166666666666666
1329591,Test,4.133333333333334
1330036,Test,3.9833333333333334
1330281,Test,5.716666666666667
1330386,Test,2.95
1330590,Test,4.716666666666667
1330615,Test,1.4666666666666666
1331081,Control,6.816666666666666
1331131,Test,11.533333333333333
1331950,Test,2.2666666666666666
1331961,Test,4.916666666666667
1331970,Test,4.916666666666667
1332173,Control,2.8666666666666667
1332220,Control,5.25
1332349,Control,47.1
1332470,Test,2.2666666666666666
1332642,Control,13.933333333333334
1333273,Control,8.383333333333333
1333457,Control,7.633333333333334
1333586,Control,9.7
1333739,Control,39.2
1333964,Test,1.65
1334108,Control,3.8
1334342,Control,4.883333333333334
1334353,Test,6.933333333333334
1334820,Control,7.183333333333334
1335040,Control,2.1
1335100,Control,2.85
1335216,Control,8.266666666666667
1335481,Control,3.933333333333333
1335720,Test,2.55
1336169,Test,6.016666666666667
1336538,Test,29.383333333333333
1336819,Test,2.4166666666666665
1337561,Control,2.4833333333333334
1337604,Control,2.5833333333333335
1337856,Test,1.4666666666666666
1337947,Control,3.95
1338332,Test,1.85
1338488,Test,11.633333333333333
1338778,Control,2.7666666666666666
1338852,Control,2.783333333333333
1339225,Test,7.133333333333334
1339409,Control,4.75
1339532,Control,3.8333333333333335
1339881,Control,13.833333333333334
1339950,Test,2.433333333333333
1340255,Test,5.15
1340260,Test,6.816666666666666
1340512,Test,3.3
1341423,Test,21.866666666666667
1341459,Control,7.7
1341484,Test,5.266666666666667
1341612,Test,5.616666666666666
1341681,Test,26.433333333333334
1342060,Test,1.3666666666666667
1342161,Control,2.216666666666667
1343908,Control,3.1
1344028,Control,6.033333333333333
1344152,Test,5.0
1344243,Control,15.733333333333333
1344421,Test,5.666666666666667
1344512,Test,2.6666666666666665
1344819,Control,19.766666666666666
1344982,Test,9.933333333333334
1345292,Test,5.866666666666666
1345360,Control,12.2
1345392,Test,6.066666666666666
1345895,Control,4.866666666666666
1346168,Test,6.183333333333334
1346422,Control,6.516666666666667
1346649,Test,8.016666666666667
1346732,Test,3.6
1346743,Control,18.266666666666666
1347409,Test,19.35
1347489,Control,5.4
1347682,Test,11.216666666666667
1348365,Test,6.733333333333333
1348378,Control,2.1333333333333333
1348858,Test,4.3
1348936,Test,6.433333333333334
1349053,Control,4.833333333333333
1349235,Test,2.45
1349782,Test,5.583333333333333
1349890,Test,8.866666666666667
1350115,Control,4.766666666666667
1350140,Test,61.28333333333333
1350186,Control,2.966666666666667
1350314,Test,3.9833333333333334
1350603,Test,8.083333333333334
1350692,Control,2.9166666666666665
1350783,Test,2.933333333333333
1351100,Control,1.3666666666666667
1351132,Test,18.333333333333332
1351234,Test,3.5
1351522,Control,4.916666666666667
1351566,Control,3.783333333333333
1351826,Control,15.6
1352216,Control,1.6333333333333333
1352718,Test,1.4333333333333333
1353432,Test,2.9
1353605,Test,7.216666666666667
1353690,Test,1.6666666666666667
1353950,Test,7.833333333333333
1354401,Control,5.65
1354458,Test,5.766666666666667
1354681,Test,2.4833333333333334
1354988,Control,3.6666666666666665
1355532,Test,4.35
1356057,Test,9.65
1356288,Test,2.3333333333333335
1356678,Test,12.083333333333334
1357044,Control,12.716666666666667
1357178,Test,1.9833333333333334
1357262,Test,1.0833333333333333
1357942,Control,1.5666666666666667
1357971,Control,4.433333333333334
1358400,Test,3.45
1359733,Control,18.483333333333334
1360544,Test,1.9666666666666666
1360607,Control,9.383333333333333
1361650,Control,8.583333333333334
1362308,Test,2.3
1362382,Control,9.666666666666666
1363220,Control,4.4
1363526,Control,6.55
1363528,Control,1.6833333333333333
1363737,Test,5.516666666666667
1364178,Test,1.6166666666666667
1364356,Control,5.483333333333333
1364549,Control,4.416666666666667
1364580,Test,11.933333333333334
1364907,Test,7.833333333333333
1364913,Test,4.866666666666666
1365430,Test,4.85
1365497,Test,2.45
1365548,Test,3.05
1366265,Test,3.2666666666666666
1366281,Control,17.683333333333334
1366366,Control,2.283333333333333
1366802,Control,8.866666666666667
1366806,Control,8.083333333333334
1367035,Test,2.816666666666667
1368232,Test,2.9166666666666665
1369223,Test,2.216666666666667
1370785,Control,7.466666666666667
1371162,Test,1.7
1371185,Control,7.85
1371434,Test,3.316666666666667
1371807,Control,2.3333333333333335
1371895,Test,4.866666666666666
1371969,Test,17.45
1372009,Test,3.2
1372908,Control,10.066666666666666
1373403,Test,4.65
1373405,Test,2.5166666666666666
1373659,Test,11.466666666666667
1374023,Test,4.1
1374037,Test,14.783333333333333
1374251,Test,2.05
1374292,Test,3.566666666666667
1374352,Test,2.35
1375262,Test,1.5166666666666666
1375567,Test,6.283333333333333
1375628,Control,2.966666666666667
1376404,Test,5.25
1377017,Test,9.533333333333333
1377639,Control,5.833333333333333
1377697,Test,3.183333333333333
1377934,Test,1.6
1377937,Test,3.1
1378016,Control,6.85
1378044,Control,4.733333333333333
1378058,Test,3.0833333333333335
1378200,Control,3.1333333333333333
1379081,Test,13.05
1379581,Test,13.116666666666667
1379815,Test,1.6666666666666667
1380423,Control,4.283333333333333
1381043,Control,3.3666666666666667
1381230,Control,3.1
1381379,Control,2.1333333333333333
1381843,Test,4.316666666666666
1382524,Control,1.95
1382803,Test,9.033333333333333
1383021,Control,3.8666666666666667
1383318,Test,5.3
1384394,Control,2.0
1384451,Control,1.8666666666666667
1384555,Control,3.7333333333333334
1384594,Control,1.8166666666666667
1384988,Test,8.3
1385159,Control,9.85
1385366,Test,1.9833333333333334
1386231,Control,6.816666666666666
1386336,Control,5.783333333333333
1386684,Test,20.216666666666665
1386769,Test,7.183333333333334
1386851,Test,5.05
1387501,Control,4.933333333333334
1387596,Test,4.033333333333333
1387646,Control,1.9166666666666667
1388375,Control,4.45
1388554,Test,1.3333333333333333
1388717,Test,2.3833333333333333
1389625,Control,2.55
1390327,Test,5.8
1390367,Control,3.566666666666667
1390689,Control,2.683333333333333
1390847,Control,2.8833333333333333
1391264,Test,1.6333333333333333
1391422,Control,2.3333333333333335
1391482,Control,2.9
1391630,Control,6.066666666666666
1392234,Control,5.183333333333334
1392294,Control,1.8
1392842,Test,5.033333333333333
1393064,Test,5.35
1393168,Test,4.883333333333334
1393178,Test,5.4
1393226,Control,7.85
1393271,Test,2.1333333333333333
1393303,Control,3.45
1393360,Test,1.9
1393937,Test,3.7666666666666666
1394404,Control,4.066666666666666
1394498,Test,8.416666666666666
1395147,Test,1.6833333333333333
1395331,Control,3.3333333333333335
1395619,Control,6.0
1396470,Test,1.5333333333333334
1396504,Test,3.3666666666666667
1396685,Control,2.816666666666667
1396964,Test,9.666666666666666
1397460,Control,2.8
1397601,Control,30.333333333333332
1397788,Control,2.25
1397874,Test,1.85
1398109,Test,6.4
1398387,Control,3.283333333333333
1398774,Control,2.183333333333333
1398782,Test,1.1833333333333333
1399011,Test,1.8833333333333333
1399145,Test,2.9
1399287,Control,8.383333333333333
1399753,Test,3.2
1400056,Control,41.483333333333334
1400233,Control,1.3
1401317,Test,16.216666666666665
1401486,Control,4.1
1401686,Test,2.933333333333333
1402032,Test,3.8833333333333333
1402579,Test,2.55
1402600,Control,4.516666666666667
1402734,Control,4.233333333333333
1403609,Control,8.4
1404434,Control,8.816666666666666
1404657,Control,3.9
1404855,Control,0.9166666666666666
1405108,Test,2.95
1405605,Control,5.0
1406054,Test,3.1666666666666665
1406173,Control,3.3833333333333333
1406408,Test,6.333333333333333
1406422,Test,3.95
1406613,Test,2.1
1406631,Control,7.85
1406771,Test,3.6166666666666667
1407121,Test,5.016666666666667
1408318,Control,4.066666666666666
1409164,Control,19.2
1409376,Control,2.066666666666667
1410032,Control,6.533333333333333
1410166,Test,10.5
1410425,Control,2.45
1411120,Test,2.7
1411452,Test,1.8
1411520,Test,5.916666666666667
1412119,Control,8.366666666666667
1412125,Control,3.3
1412211,Control,7.066666666666666
1413326,Test,7.016666666666667
1413426,Control,3.816666666666667
1413769,Test,4.416666666666667
1414085,Control,2.5833333333333335
1414732,Test,5.316666666666666
1414915,Test,1.4833333333333334
1414990,Test,1.9333333333333333
1415081,Control,7.116666666666666
1415364,Control,14.033333333333333
1416615,Test,7.183333333333334
1416973,Control,5.066666666666666
1417850,Test,3.316666666666667
1418190,Control,4.2
1418262,Control,3.9166666666666665
1418730,Control,5.05
1418876,Control,3.6
1419301,Test,2.183333333333333
1419363,Test,3.8833333333333333
1419548,Test,1.8
1419647,Control,2.55
1420333,Test,3.1333333333333333
1420660,Control,6.566666666666666
1420912,Control,5.2
1421629,Test,1.4
1421689,Test,6.116666666666666
1421934,Control,4.033333333333333
1421939,Control,10.3
1423055,Test,2.5833333333333335
1423182,Test,2.933333333333333
1423305,Test,5.85
1423461,Control,5.95
1423478,Test,2.8666666666666667
1423584,Control,1.45
1423754,Test,20.916666666666668
1423857,Control,4.166666666666667
1424028,Test,4.5
1424263,Control,12.266666666666667
1424270,Test,4.65
1424304,Test,5.816666666666666
1424427,Test,7.966666666666667
1424491,Test,6.433333333333334
1424582,Test,1.1166666666666667
1424799,Test,19.433333333333334
1425263,Control,5.15
1425535,Control,2.05
1425787,Control,5.733333333333333
1425793,Test,8.083333333333334
1425817,Test,2.466666666666667
1427054,Test,1.8833333333333333
1427729,Control,2.433333333333333
1428184,Test,9.75
1428836,Test,4.333333333333333
1429199,Control,3.05
1429449,Control,13.483333333333333
1429563,Control,7.15
1429772,Test,2.966666666666667
1430088,Control,5.9
1430383,Control,5.116666666666666
1430624,Test,3.9166666666666665
1430829,Control,15.683333333333334
1431526,Control,13.883333333333333
1431817,Control,2.9166666666666665
1432192,Control,6.116666666666666
1432936,Control,1.8333333333333333
1432979,Control,10.183333333333334
1433050,Control,19.7
1433116,Test,5.833333333333333
1433186,Control,8.0
1433405,Control,6.866666666666666
1433649,Test,4.233333333333333
1434054,Test,7.166666666666667
1434264,Test,19.733333333333334
1434291,Test,2.3
1434369,Test,2.9
1434751,Test,1.75
1435050,Control,19.483333333333334
1435291,Test,5.45
1435416,Control,3.433333333333333
1435472,Control,1.4166666666666667
1435541,Control,21.166666666666668
1435683,Test,11.316666666666666
1435758,Test,4.15
1435852,Test,5.133333333333334
1436025,Control,5.55
1436455,Test,41.96666666666667
1436462,Test,27.283333333333335
1436536,Control,12.266666666666667
1436711,Test,2.25
1436784,Test,3.6
1436836,Test,5.266666666666667
1436928,Test,2.066666666666667
1437008,Control,6.533333333333333
1437067,Test,1.7166666666666666
1437239,Test,4.883333333333334
1437753,Control,17.166666666666668
1437766,Test,2.6666666666666665
1438266,Control,2.2666666666666666
1438671,Control,10.633333333333333
1439754,Test,4.266666666666667
1440376,Control,12.133333333333333
1440714,Control,2.566666666666667
1441587,Test,4.683333333333334
1441674,Test,1.95
1441929,Test,3.9166666666666665
1442196,Control,2.0833333333333335
1442286,Control,4.966666666666667
1442875,Control,4.133333333333334
1442929,Test,1.9333333333333333
1443121,Control,5.05
1443174,Test,2.3
1443359,Test,6.766666666666667
1443967,Control,12.1
1444258,Test,6.366666666666666
1444292,Control,4.166666666666667
1444484,Test,3.8833333333333333
1444903,Test,25.383333333333333
1444905,Test,5.283333333333333
1445043,Test,1.2333333333333334
1445252,Control,17.816666666666666
1445317,Test,8.116666666666667
1445649,Control,3.566666666666667
1445968,Test,2.9166666666666665
1445998,Test,3.716666666666667
1446469,Control,1.1833333333333333
1446719,Control,4.183333333333334
1447028,Control,11.683333333333334
1447181,Control,5.183333333333334
1447336,Control,12.116666666666667
1447431,Control,26.316666666666666
1448725,Test,3.433333333333333
1450289,Control,8.116666666666667
1450299,Control,4.3
1450760,Test,12.316666666666666
1451177,Control,4.333333333333333
1452713,Test,5.616666666666666
1453196,Control,6.25
1453213,Control,3.35
1453322,Control,3.8666666666666667
1453759,Control,7.433333333333334
1453972,Test,8.733333333333333
1454014,Test,2.25
1454317,Test,2.3833333333333333
1454975,Control,1.7166666666666666
1455063,Test,1.1333333333333333
1455127,Test,2.7
1455365,Control,40.0
1455516,Test,2.2666666666666666
1455544,Test,19.166666666666668
1455637,Test,2.066666666666667
1455660,Control,6.516666666666667
1456118,Control,6.133333333333334
1456421,Control,3.9
1456682,Test,11.2
1457423,Test,2.6166666666666667
1457497,Test,1.4166666666666667
1458074,Test,1.8666666666666667
1458456,Test,9.066666666666666
1458726,Test,3.3833333333333333
1459221,Control,4.8
1459231,Test,8.05
1459612,Test,1.5166666666666666
1459854,Control,11.233333333333333
1460648,Test,1.75
1460992,Test,1.4333333333333333
1461624,Test,4.4
1461831,Test,3.65
1461998,Control,6.05
1462470,Test,1.35
1462649,Control,7.466666666666667
1462983,Control,3.566666666666667
1463030,Control,3.6666666666666665
1463142,Test,2.95
1463931,Control,54.46666666666667
1464215,Control,9.883333333333333
1464247,Control,3.2333333333333334
1464315,Test,3.283333333333333
1464670,Test,3.1666666666666665
1465089,Control,1.1833333333333333
1465091,Control,4.683333333333334
1465222,Control,4.533333333333333
1465396,Test,2.8833333333333333
1465486,Control,13.316666666666666
1465625,Control,3.966666666666667
1465714,Control,17.75
1466000,Test,4.816666666666666
1466536,Test,1.6
1466579,Test,2.55
1466732,Control,14.2
1467023,Test,2.7666666666666666
1467266,Control,2.0
1467374,Control,5.15
1467636,Control,9.133333333333333
1468125,Control,16.8
1468213,Control,3.316666666666667
1468708,Control,14.366666666666667
1468988,Control,2.8666666666666667
1469028,Control,1.6333333333333333
1469259,Test,3.933333333333333
1469576,Control,4.016666666666667
1470498,Control,4.633333333333334
1470622,Test,3.2333333333333334
1470768,Test,7.583333333333333
1471147,Control,5.033333333333333
1472138,Control,5.25
1472332,Control,42.03333333333333
1472953,Control,8.833333333333334
1473236,Test,2.966666666666667
1473265,Control,7.216666666666667
1473551,Control,9.15
1473602,Control,2.7
1474213,Control,2.75
1474823,Control,5.216666666666667
1475249,Control,13.833333333333334
1475481,Control,5.5
1475786,Test,2.8833333333333333
1476693,Test,2.0
1476869,Test,1.6833333333333333
1476956,Test,4.7
1477266,Control,8.216666666666667
1477387,Control,2.0
1477466,Test,7.55
1477604,Control,5.966666666666667
1478657,Test,2.65
1478874,Test,3.6166666666666667
1479365,Test,8.383333333333333
1479488,Test,37.46666666666667
1479816,Test,6.366666666666666
1480616,Control,9.983333333333333
1481056,Test,8.85
1481432,Test,1.6
1482158,Test,6.433333333333334
1482195,Test,5.0
1482272,Test,3.4833333333333334
1482562,Control,6.516666666666667
1482734,Test,1.0666666666666667
1482743,Test,6.833333333333333
1483064,Control,1.65
1483511,Test,19.133333333333333
1483517,Test,5.716666666666667
1483552,Test,6.316666666666666
1483585,Test,4.583333333333333
1483712,Control,4.083333333333333
1484467,Control,4.666666666666667
1484555,Test,6.666666666666667
1485199,Test,7.7
1485883,Test,8.8
1486118,Control,5.733333333333333
1486410,Test,9.516666666666667
1486560,Test,2.0
1486639,Control,4.15
1486808,Test,2.5
1486850,Control,4.933333333333334
1487087,Control,2.1
1488055,Test,4.666666666666667
1488410,Test,1.9833333333333334
1488806,Control,2.4
1488884,Test,3.316666666666667
1489328,Test,6.083333333333333
1490108,Test,3.65
1490700,Control,6.166666666666667
1490805,Test,1.5666666666666667
1490809,Control,3.316666666666667
1491063,Control,4.45
1491085,Test,33.71666666666667
1491311,Test,7.633333333333334
1491517,Test,20.333333333333332
1492595,Test,5.633333333333334
1493662,Control,7.333333333333333
1494064,Test,16.116666666666667
1494215,Test,2.283333333333333
1494258,Test,1.5666666666666667
1495501,Test,9.033333333333333
1495569,Control,3.533333333333333
1495689,Control,5.933333333333334
1496571,Control,2.85
1496620,Test,21.35
1496831,Test,5.333333333333333
1496846,Control,3.5166666666666666
1497256,Control,6.616666666666666
1497269,Test,11.466666666666667
1497502,Test,13.45
1497530,Test,2.0166666666666666
1497547,Test,1.6333333333333333
1497704,Test,20.95
1498073,Test,0.9666666666666667
1498252,Test,5.183333333333334
1498304,Test,11.85
1499088,Control,3.65
1499432,Test,3.1333333333333333
1499746,Control,9.7
1499943,Test,15.383333333333333
1500008,Test,39.88333333333333
1500611,Control,8.833333333333334
1500622,Control,18.5
1501011,Test,3.3666666666666667
1501374,Control,11.683333333333334
1501489,Test,11.616666666666667
1501990,Test,2.8
1502049,Control,31.183333333333334
1502414,Test,1.4833333333333334
1502912,Control,3.966666666666667
1502982,Test,6.45
1503196,Control,3.3333333333333335
1503317,Control,6.033333333333333
1503995,Control,17.8
1504082,Test,1.1333333333333333
1504166,Control,7.033333333333333
1504275,Control,5.616666666666666
1504536,Test,14.3
1504801,Control,9.183333333333334
1505011,Control,4.233333333333333
1505081,Control,10.516666666666667
1505095,Test,6.9
1505130,Test,5.366666666666666
1505133,Control,1.9
1505142,Test,5.366666666666666
1505946,Test,7.4
1506152,Test,2.7333333333333334
1506171,Test,1.55
1506175,Test,1.7666666666666666
1506608,Test,5.433333333333334
1506959,Control,3.15
1507359,Control,1.3833333333333333
1507780,Control,2.5
1508297,Control,5.883333333333334
1508759,Test,6.633333333333334
1510521,Control,4.616666666666666
1511115,Test,3.5166666666666666
1511193,Control,12.433333333333334
1511216,Control,8.783333333333333
1511438,Control,1.7
1511490,Test,11.05
1512189,Test,3.85
1512596,Control,1.3833333333333333
1512734,Test,3.85
1513083,Control,6.05
1513385,Control,4.383333333333334
1513845,Test,4.133333333333334
1513890,Control,5.933333333333334
1514026,Test,1.6833333333333333
1515031,Test,1.7
1515194,Control,3.0833333333333335
1516160,Control,3.2333333333333334
1516424,Control,10.983333333333333
1516875,Control,2.7666666666666666
1516891,Test,3.1
1517855,Test,1.4833333333333334
1517889,Test,4.25
1518182,Test,2.2
1518449,Test,4.383333333333334
1518469,Control,2.816666666666667
1518739,Test,1.35
1519302,Test,4.916666666666667
1519690,Test,2.1666666666666665
1519720,Test,2.9
1519784,Test,3.966666666666667
1520050,Control,2.283333333333333
1520419,Control,5.716666666666667
1520540,Control,5.333333333333333
1520551,Test,3.35
1520781,Test,9.866666666666667
1521503,Test,1.5
1522030,Control,3.816666666666667
1522042,Test,9.35
1522469,Control,3.433333333333333
1523399,Test,5.6
1523864,Test,3.1333333333333333
1523954,Test,2.683333333333333
1524280,Control,23.1
1524395,Test,7.05
1524416,Test,3.1
1524489,Test,1.4666666666666666
1524492,Test,3.966666666666667
1525205,Test,4.983333333333333
1526478,Control,5.516666666666667
1526516,Control,2.3333333333333335
1526652,Control,3.8
1527518,Control,6.95
1529419,Test,2.9833333333333334
1529647,Test,3.566666666666667
1529671,Test,5.316666666666666
1529794,Control,6.183333333333334
1529821,Control,9.95
1530517,Test,11.766666666666667
1530929,Test,4.516666666666667
1531690,Control,1.95
1531962,Control,13.033333333333333
1532540,Test,3.05
1532657,Test,2.6666666666666665
1532881,Control,7.783333333333333
1532932,Test,5.233333333333333
1533108,Test,2.8333333333333335
1533341,Control,1.2666666666666666
1533956,Control,25.0
1534109,Test,2.1166666666666667
1534510,Control,3.9
1534664,Test,4.05
1534996,Control,3.85
1535266,Test,5.316666666666666
1535594,Test,35.71666666666667
1535789,Test,5.9
1536089,Control,14.4
1536463,Control,4.366666666666666
1537101,Test,3.1333333333333333
1537156,Control,6.25
1537702,Test,9.016666666666667
1538336,Control,3.316666666666667
1538385,Control,5.1
1538557,Control,4.533333333333333
1538758,Control,1.4
1538765,Test,1.5166666666666666
1538938,Test,2.25
1539812,Test,31.883333333333333
1540363,Control,3.433333333333333
1540750,Test,2.9833333333333334
1540888,Control,3.183333333333333
1540941,Test,5.283333333333333
1541112,Test,10.95
1541367,Test,26.716666666666665
1541401,Control,10.633333333333333
1541616,Control,2.05
1541765,Test,1.65
1542198,Control,16.3
1542467,Test,6.766666666666667
1542714,Control,6.316666666666666
1542807,Control,3.3833333333333333
1543625,Control,7.716666666666667
1543785,Test,1.95
1543912,Control,3.6666666666666665
1544000,Control,3.216666666666667
1544212,Control,7.233333333333333
1544430,Test,4.483333333333333
1544639,Test,13.65
1544759,Control,7.333333333333333
1544817,Test,0.7333333333333333
1545221,Test,2.0166666666666666
1545289,Control,5.966666666666667
1545297,Control,8.283333333333333
1545778,Control,2.3333333333333335
1545935,Test,7.616666666666666
1547183,Test,1.7333333333333334
1547210,Control,3.4166666666666665
1547304,Control,2.7
1547321,Test,4.816666666666666
1547591,Control,8.633333333333333
1547876,Test,15.9
1547888,Test,5.033333333333333
1548193,Control,3.85
1548295,Control,6.016666666666667
1548937,Test,1.4833333333333334
1549430,Test,22.033333333333335
1549737,Control,3.85
1549978,Test,3.783333333333333
1550027,Test,7.433333333333334
1550660,Control,3.4166666666666665
1550711,Test,10.683333333333334
1550778,Test,1.1
1550877,Control,4.983333333333333
1551060,Test,13.383333333333333
1551085,Test,3.3666666666666667
1551349,Test,4.783333333333333
1551956,Test,3.45
1552231,Control,4.383333333333334
1552420,Control,1.3166666666666667
1553187,Test,2.683333333333333
1553394,Test,2.6166666666666667
1553793,Control,8.783333333333333
1555253,Control,21.866666666666667
1555557,Test,3.05
1555671,Test,6.433333333333334
1555759,Control,10.233333333333333
1555813,Test,12.133333333333333
1556192,Test,4.4
1556209,Control,16.383333333333333
1556654,Control,2.8833333333333333
1557014,Control,10.95
1557369,Test,2.2333333333333334
1557537,Control,4.1
1557552,Control,3.533333333333333
1557554,Test,2.716666666666667
1557768,Control,3.1
1557790,Control,4.433333333333334
1558312,Control,12.416666666666666
1558503,Control,8.633333333333333
1558940,Control,3.966666666666667
1559448,Test,4.266666666666667
1559624,Control,0.8833333333333333
1559905,Test,1.4666666666666666
1560366,Test,2.3666666666666667
1560669,Control,4.266666666666667
1562027,Test,5.4
1562128,Test,15.75
1562376,Test,4.933333333333334
1562697,Test,2.933333333333333
1563739,Test,5.933333333333334
1563878,Test,3.6166666666666667
1563967,Test,4.5
1564135,Test,1.95
1564207,Control,8.65
1564585,Control,3.3333333333333335
1564878,Test,2.816666666666667
1565067,Control,31.266666666666666
1565127,Test,22.416666666666668
1565339,Test,12.583333333333334
1565481,Test,18.433333333333334
1565737,Control,2.6
1565761,Test,12.783333333333333
1566028,Control,8.433333333333334
1566378,Test,2.3666666666666667
1567647,Control,5.066666666666666
1567815,Control,4.7
1569088,Test,10.2
1569144,Control,5.266666666666667
1569861,Control,10.15
1570485,Test,5.733333333333333
1570493,Control,3.45
1571253,Test,3.85
1571508,Control,6.416666666666667
1571787,Control,9.016666666666667
1571924,Control,31.666666666666668
1572656,Control,2.3
1573199,Control,3.316666666666667
1574008,Test,7.633333333333334
1574816,Control,20.25
1574827,Control,5.7
1574972,Test,3.6166666666666667
1575010,Test,15.533333333333333
1575136,Test,2.1166666666666667
1575726,Control,3.1166666666666667
1575877,Control,4.8
1576322,Control,5.516666666666667
1576746,Test,1.0666666666666667
1576775,Test,5.583333333333333
1577311,Test,5.516666666666667
1577767,Control,5.616666666666666
1577980,Control,6.55
1578668,Control,7.883333333333334
1578954,Control,7.516666666666667
1579308,Control,3.6
1579315,Test,1.2
1579430,Control,3.7
1579716,Control,4.85
1580013,Control,4.733333333333333
1580339,Control,2.2333333333333334
1580440,Test,3.1333333333333333
1581087,Test,45.93333333333333
1581127,Test,1.5666666666666667
1581444,Test,4.216666666666667
1581585,Test,2.7666666666666666
1581674,Test,6.916666666666667
1582129,Test,2.466666666666667
1582373,Control,1.8166666666666667
1582402,Control,11.866666666666667
1583018,Test,3.1333333333333333
1583044,Control,2.0166666666666666
1583051,Control,5.4
1583448,Test,3.8666666666666667
1583484,Control,5.1
1583783,Test,1.9666666666666666
1584114,Test,6.216666666666667
1584197,Test,1.6833333333333333
1584456,Test,24.1
1584574,Test,4.2
1584960,Control,7.666666666666667
1585178,Control,1.4166666666666667
1585267,Test,3.5
1585633,Test,5.1
1585978,Control,14.833333333333334
1586517,Test,9.716666666666667
1586726,Test,2.9833333333333334
1586732,Test,2.6166666666666667
1586754,Test,3.6666666666666665
1587933,Control,2.183333333333333
1588357,Test,2.45
1588483,Control,2.316666666666667
1588794,Control,4.65
1589206,Control,3.1333333333333333
1589303,Test,10.416666666666666
1590045,Control,7.466666666666667
1590237,Test,4.283333333333333
1590429,Test,2.3666666666666667
1590472,Test,3.933333333333333
1591487,Control,5.683333333333334
1591827,Test,15.65
1591836,Test,5.066666666666666
1592329,Control,2.6166666666666667
1592681,Test,20.866666666666667
1593003,Test,8.583333333333334
1593015,Test,4.066666666666666
1593575,Test,8.9
1594854,Test,4.8
1595181,Control,18.633333333333333
1595223,Test,73.35
1595299,Control,3.4
1595313,Test,7.183333333333334
1595410,Test,20.233333333333334
1596001,Control,1.3833333333333333
1596808,Control,5.05
1597194,Test,2.0166666666666666
1597306,Control,5.716666666666667
1597883,Test,3.683333333333333
1598073,Test,3.2333333333333334
1598081,Control,6.2
1598429,Test,10.15
1598934,Test,16.25
1599078,Test,4.4
1599177,Control,15.383333333333333
1599359,Test,2.3333333333333335
1600479,Test,15.25
1600544,Control,11.016666666666667
1600568,Test,11.266666666666667
1601030,Test,11.466666666666667
1601079,Control,6.583333333333333
1601176,Test,3.4833333333333334
1601247,Test,1.65
1601364,Test,2.65
1601687,Control,5.133333333333334
1601708,Test,3.3666666666666667
1602129,Test,7.2
1602887,Test,1.7166666666666666
1603300,Test,1.1333333333333333
1604338,Control,4.466666666666667
1604827,Control,3.2333333333333334
1604907,Control,6.866666666666666
1605061,Test,9.233333333333333
1605344,Control,10.3
1605677,Test,3.7
1605977,Test,7.833333333333333
1606396,Control,5.266666666666667
1606479,Test,9.883333333333333
1606584,Test,1.2833333333333334
1607366,Test,7.85
1607526,Test,3.15
1607661,Test,8.55
1607916,Test,4.066666666666666
1608489,Test,2.45
1609177,Test,1.75
1609374,Control,7.033333333333333
1609476,Test,5.8
1609635,Test,3.0833333333333335
1609987,Test,2.9166666666666665
1610118,Test,1.4
1610544,Test,27.616666666666667
1610905,Test,4.266666666666667
1610962,Test,3.8666666666666667
1611504,Test,24.216666666666665
1612133,Test,4.883333333333334
1612396,Test,4.283333333333333
1612789,Control,2.4
1612946,Control,7.166666666666667
1613067,Control,8.116666666666667
1613086,Test,4.633333333333334
1613132,Control,8.55
1613439,Test,12.3
1613498,Control,7.533333333333333
1613567,Control,9.616666666666667
1613610,Test,18.4
1613887,Control,1.75
1615051,Control,6.05
1615408,Test,8.383333333333333
1615546,Control,1.4333333333333333
1615704,Control,5.216666666666667
1615709,Control,8.45
1616090,Control,4.483333333333333
1616120,Control,6.3
1616184,Control,4.233333333333333
1616582,Test,38.2
1616828,Test,29.116666666666667
1616899,Test,1.6166666666666667
1616906,Control,1.35
1616990,Test,5.166666666666667
1617112,Control,2.45
1617138,Control,7.533333333333333
1617593,Test,1.0666666666666667
1617973,Control,2.533333333333333
1618071,Control,6.016666666666667
1618887,Control,2.4833333333333334
1619016,Test,2.25
1619073,Control,2.4833333333333334
1620010,Control,2.5833333333333335
1620011,Control,3.25
1620412,Control,1.7833333333333334
1620429,Control,2.6666666666666665
1620626,Control,4.8
1621145,Test,3.2333333333333334
1621157,Test,5.5
1621600,Test,5.883333333333334
1622083,Control,5.883333333333334
1622925,Test,2.4
1623042,Control,2.45
1623788,Control,2.2
1624643,Control,4.05
1624825,Test,1.8333333333333333
1625153,Test,4.433333333333334
1625605,Control,5.516666666666667
1625758,Test,6.566666666666666
1626147,Test,4.15
1626170,Control,2.9833333333333334
1626293,Test,1.65
1626983,Test,19.066666666666666
1627167,Test,3.1333333333333333
1628554,Test,2.216666666666667
1628625,Control,8.583333333333334
1629754,Control,4.05
1629940,Test,1.2666666666666666
1630043,Test,28.7
1630079,Test,1.85
1630981,Test,30.2
1631043,Test,1.9166666666666667
1631224,Test,8.483333333333333
1631553,Test,6.766666666666667
1631726,Test,6.266666666666667
1631740,Test,4.0
1631795,Test,2.05
1632090,Test,7.483333333333333
1632382,Test,5.1
1632385,Test,7.933333333333334
1632591,Test,4.55
1633473,Control,7.166666666666667
1633550,Test,5.75
1633998,Test,7.05
1634020,Control,6.35
1634257,Test,9.083333333333334
1634583,Control,4.25
1634935,Test,1.8
1635115,Test,4.45
1636073,Control,4.5
1636131,Control,9.8
1637198,Control,11.283333333333333
1638498,Test,3.55
1639014,Test,46.5
1640172,Test,5.666666666666667
1640477,Test,4.4
1640739,Test,4.75
1641046,Control,15.5
1641262,Control,3.966666666666667
1641314,Test,1.5166666666666666
1641457,Test,2.6333333333333333
1641536,Control,5.233333333333333
1641640,Control,3.566666666666667
1641715,Control,3.6
1642284,Control,8.183333333333334
1642397,Test,1.55
1642693,Control,2.316666666666667
1642802,Test,1.6333333333333333
1643125,Control,4.466666666666667
1643251,Test,38.36666666666667
1643648,Control,13.35
1643775,Control,1.5666666666666667
1643971,Control,28.3
1644322,Test,7.366666666666666
1644577,Control,3.1166666666666667
1644839,Test,2.9166666666666665
1645488,Test,2.7
1645811,Control,29.366666666666667
1646013,Control,2.7333333333333334
1646150,Test,16.35
1646565,Control,3.3
1646596,Test,13.416666666666666
1646603,Control,4.1
1646855,Control,3.55
1646892,Test,14.866666666666667
1647031,Test,3.7666666666666666
1647068,Control,32.166666666666664
1647261,Control,2.8666666666666667
1647318,Control,33.55
1647360,Control,1.4666666666666666
1647585,Control,5.416666666666667
1647983,Control,3.433333333333333
1648153,Test,6.6
1648441,Control,4.05
1648608,Test,3.1333333333333333
1648735,Control,3.2666666666666666
1649221,Control,9.016666666666667
1649284,Control,3.95
1649310,Test,1.7666666666666666
1649660,Control,9.683333333333334
1649862,Test,1.9166666666666667
1649876,Test,2.716666666666667
1650327,Test,22.75
1650516,Control,2.7666666666666666
1650896,Test,8.033333333333333
1651096,Test,11.716666666666667
1651188,Control,8.716666666666667
1651697,Control,4.216666666666667
1651717,Control,1.7
1652025,Control,11.616666666666667
1652388,Test,5.483333333333333
1652959,Control,6.55
1653222,Test,4.633333333333334
1653342,Test,3.6333333333333333
1654098,Test,1.3833333333333333
1654172,Control,8.166666666666666
1654715,Control,6.45
1654737,Control,11.0
1655117,Test,2.566666666666667
1655558,Control,3.466666666666667
1655641,Test,2.1166666666666667
1655754,Test,2.1333333333333333
1655833,Test,10.883333333333333
1655910,Test,5.25
1656011,Test,3.8833333333333333
1656898,Test,9.233333333333333
1657400,Test,10.466666666666667
1657840,Test,10.133333333333333
1658340,Control,3.8
1658480,Control,6.133333333333334
1658654,Test,2.8666666666666667
1659118,Control,7.316666666666666
1659172,Test,2.8333333333333335
1659273,Test,2.3333333333333335
1659638,Control,14.983333333333333
1659643,Control,5.15
1659811,Test,5.466666666666667
1659843,Test,3.283333333333333
1660218,Control,2.1333333333333333
1660435,Test,16.583333333333332
1660531,Test,11.983333333333333
1660648,Control,4.25
1660696,Test,4.45
1660739,Test,5.4
1661130,Test,8.8
1661374,Test,2.95
1661375,Test,4.166666666666667
1661613,Control,5.383333333333334
1662273,Test,0.9166666666666666
1662483,Test,2.2333333333333334
1662557,Control,2.433333333333333
1662843,Control,1.4833333333333334
1662932,Test,13.283333333333333
1663340,Test,5.55
1663358,Test,3.7333333333333334
1663850,Test,1.9833333333333334
1664206,Test,2.3666666666666667
1664346,Test,3.716666666666667
1664458,Test,2.0833333333333335
1664737,Control,21.083333333333332
1665398,Control,5.15
1665579,Test,17.666666666666668
1665618,Control,4.066666666666666
1665632,Test,1.7333333333333334
1665790,Test,4.483333333333333
1666074,Test,10.866666666666667
1666301,Control,7.3
1667324,Control,8.916666666666666
1667682,Test,1.8
1667795,Control,4.733333333333333
1668124,Control,4.316666666666666
1668573,Test,1.9833333333333334
1669101,Control,4.616666666666666
1669156,Test,9.116666666666667
1669713,Test,9.166666666666666
1670482,Test,4.216666666666667
1670773,Control,4.45
1671115,Test,10.733333333333333
1671152,Control,5.0
1671477,Control,3.45
1671784,Control,12.283333333333333
1671845,Control,4.816666666666666
1672032,Control,2.0
1672165,Test,3.35
1672423,Test,8.65
1672520,Test,4.3
1672552,Test,4.333333333333333
1674058,Test,2.316666666666667
1674278,Test,5.15
1674319,Test,5.466666666666667
1674658,Control,2.816666666666667
1674824,Test,1.4333333333333333
1674888,Test,1.5666666666666667
1675177,Test,3.45
1675211,Control,17.783333333333335
1676219,Test,12.983333333333333
1676540,Control,2.7333333333333334
1676566,Control,4.95
1676632,Test,7.05
1677411,Control,3.9
1677722,Test,5.55
1678122,Control,6.15
1678171,Control,1.3333333333333333
1678193,Test,5.083333333333333
1678744,Control,10.35
1679014,Control,4.5
1679331,Control,33.15
1679573,Control,1.5666666666666667
1680180,Test,2.3833333333333333
1680739,Test,5.616666666666666
1681520,Test,10.85
1681595,Control,1.2666666666666666
1681883,Control,6.5
1682018,Test,2.816666666666667
1682129,Test,5.8
1682436,Control,5.416666666666667
1682543,Control,4.55
1682654,Control,3.5
1682826,Control,3.9
1683664,Control,7.933333333333334
1683795,Test,3.4
1684561,Control,1.85
1684699,Control,4.833333333333333
1685052,Test,3.6666666666666665
1685349,Test,1.1666666666666667
1686620,Test,6.233333333333333
1686633,Control,5.2
1686722,Test,1.3666666666666667
1687124,Control,5.95
1687262,Control,12.116666666666667
1687330,Control,3.033333333333333
1687900,Test,8.083333333333334
1688207,Test,16.583333333333332
1688477,Test,5.433333333333334
1688588,Test,4.533333333333333
1688786,Test,4.066666666666666
1689225,Test,21.183333333333334
1689310,Control,10.733333333333333
1689340,Control,4.366666666666666
1689519,Control,2.6
1690599,Test,10.15
1690659,Control,5.933333333333334
1690835,Test,2.6
1692252,Test,6.566666666666666
1692418,Test,6.883333333333334
1692913,Control,3.0166666666666666
1694251,Test,4.55
1694342,Test,9.466666666666667
1694871,Test,4.166666666666667
1695328,Control,2.1
1695876,Control,6.683333333333334
1695947,Test,3.6666666666666665
1696389,Control,4.866666666666666
1696504,Control,2.1
1696586,Test,1.5166666666666666
1697143,Test,3.433333333333333
1697258,Test,1.5166666666666666
1697535,Test,7.533333333333333
1697554,Test,4.283333333333333
1698311,Control,4.366666666666666
1699043,Control,2.716666666666667
1699231,Control,2.6166666666666667
1699889,Control,7.083333333333333
1699891,Control,7.15
1700371,Control,15.85
1700375,Control,3.533333333333333
1701111,Test,5.683333333333334
1701631,Test,4.05
1701734,Control,1.9
1702022,Control,3.216666666666667
1702090,Control,2.0833333333333335
1702249,Control,2.7333333333333334
1703474,Test,5.8
1703641,Test,6.483333333333333
1703992,Test,4.8
1704055,Test,10.666666666666666
1704232,Control,8.5
1704336,Control,5.633333333333334
1704369,Control,4.85
1705090,Test,11.85
1705627,Test,3.783333333333333
1705810,Test,7.133333333333334
1705876,Control,1.8
1706325,Test,2.7333333333333334
1706785,Test,2.4833333333333334
1707935,Control,3.183333333333333
1708174,Test,3.65
1708383,Control,1.6833333333333333
1708757,Control,2.2
1708852,Test,7.583333333333333
1708867,Test,14.716666666666667
1708943,Test,3.5833333333333335
1709002,Test,5.416666666666667
1709298,Test,6.133333333333334
1709388,Control,3.1
1709551,Control,28.5
1709623,Control,3.65
1709650,Control,14.816666666666666
1709752,Control,12.383333333333333
1709771,Control,7.8
1709814,Test,1.75
1709923,Control,5.183333333333334
1710201,Test,6.933333333333334
1710617,Test,5.4
1710657,Control,4.2
1710937,Control,2.8333333333333335
1711042,Control,1.5833333333333333
1711241,Test,4.783333333333333
1711408,Test,6.816666666666666
1711529,Control,6.383333333333334
1711558,Test,4.833333333333333
1711640,Test,1.8166666666666667
1712346,Test,1.35
1712416,Control,4.55
1712476,Test,3.3833333333333333
1712564,Test,3.6333333333333333
1712929,Control,1.7166666666666666
1713017,Test,1.9833333333333334
1713302,Test,4.533333333333333
1713811,Test,12.583333333333334
1714267,Test,2.9166666666666665
1714303,Control,1.0333333333333334
1715399,Test,36.233333333333334
1715432,Control,2.9833333333333334
1715507,Test,6.316666666666666
1715789,Test,10.883333333333333
1715849,Test,4.983333333333333
1715882,Test,3.15
1716040,Test,3.216666666666667
1716100,Test,1.75
1716372,Control,2.1666666666666665
1716999,Test,2.2666666666666666
1717048,Control,7.266666666666667
1717817,Control,4.083333333333333
1717967,Test,8.816666666666666
1718250,Test,36.63333333333333
1718738,Test,70.36666666666666
1718808,Control,2.5833333333333335
1719010,Test,11.05
1719270,Control,8.35
1719528,Control,23.15
1720005,Control,18.983333333333334
1720040,Test,2.5166666666666666
1720273,Test,3.5166666666666666
1720671,Control,1.9333333333333333
1720728,Test,3.6333333333333333
1721019,Test,2.783333333333333
1721428,Control,1.5833333333333333
1721774,Control,2.2333333333333334
1722078,Test,5.366666666666666
1722207,Test,4.466666666666667
1722460,Test,20.833333333333332
1722795,Test,1.3833333333333333
1723024,Control,6.25
1723419,Test,5.416666666666667
1724398,Test,1.8166666666666667
1724834,Control,10.55
1725207,Control,32.06666666666667
1726059,Test,8.316666666666666
1726128,Test,1.6666666666666667
1726666,Control,3.466666666666667
1727347,Test,7.266666666666667
1727872,Test,5.066666666666666
1728222,Test,4.566666666666666
1728517,Test,4.266666666666667
1728846,Test,2.95
1729027,Test,2.4166666666666665
1729070,Test,2.466666666666667
1729247,Control,5.3
1729262,Control,5.966666666666667
1729282,Test,2.9833333333333334
1730954,Control,7.483333333333333
1731028,Test,1.35
1731327,Control,2.216666666666667
1731766,Test,3.716666666666667
1731797,Control,3.9166666666666665
1731892,Control,2.433333333333333
1731978,Test,3.7
1732193,Control,9.1
1732770,Control,16.783333333333335
1733552,Control,2.55
1733622,Control,3.7
1733676,Control,3.3666666666666667
1734230,Test,1.7333333333333334
1734338,Control,4.65
1734560,Control,5.1
1734888,Test,10.6
1735341,Control,2.4
1735468,Control,5.55
1735700,Test,3.716666666666667
1736245,Control,11.433333333333334
1736571,Test,2.1166666666666667
1736962,Control,12.166666666666666
1737376,Control,6.0
1737677,Control,2.5
1737687,Test,1.3
1737762,Test,7.7
1737802,Test,8.316666666666666
1738184,Test,6.95
1738233,Control,3.6333333333333333
1738333,Test,2.683333333333333
1739648,Control,5.466666666666667
1741101,Test,2.466666666666667
1741236,Control,1.7833333333333334
1741737,Test,1.6666666666666667
1742730,Test,3.6
1743043,Control,4.983333333333333
1743096,Test,2.683333333333333
1744347,Test,10.516666666666667
1744352,Control,3.716666666666667
1745621,Control,2.2333333333333334
1745768,Test,2.55
1747273,Test,2.7666666666666666
1747286,Control,7.45
1747803,Control,15.416666666666666
1748369,Test,2.783333333333333
1749068,Control,3.6
1751041,Control,4.416666666666667
1751419,Test,2.8
1751674,Test,5.216666666666667
1751757,Test,2.9
1751888,Control,1.3833333333333333
1752038,Control,1.3333333333333333
1752209,Test,4.55
1752228,Control,6.583333333333333
1752337,Test,2.4833333333333334
1752365,Control,13.433333333333334
1752366,Test,6.133333333333334
1753569,Control,5.55
1753735,Test,8.733333333333333
1753961,Test,3.25
1754059,Test,2.216666666666667
1754410,Control,5.433333333333334
1754413,Control,4.166666666666667
1754463,Test,2.7333333333333334
1754536,Control,12.933333333333334
1755496,Test,1.4833333333333334
1755830,Test,3.6333333333333333
1755878,Test,2.466666666666667
1756474,Test,4.233333333333333
1756570,Control,2.3666666666666667
1757044,Control,5.116666666666666
1757187,Test,5.033333333333333
1757492,Test,9.733333333333333
1758289,Control,1.7
1759431,Test,3.216666666666667
1759997,Control,5.45
1760254,Test,6.883333333333334
1760804,Test,2.2
1760947,Test,6.05
1761728,Control,6.666666666666667
1761865,Test,2.55
1763151,Test,1.7333333333333334
1763163,Control,13.25
1763497,Test,3.8833333333333333
1763518,Control,1.8166666666666667
1763978,Control,3.5166666666666666
1764469,Control,3.3
1764645,Control,3.4166666666666665
1765616,Test,1.05
1766394,Control,2.8
1766464,Test,27.7
1766612,Test,9.283333333333333
1766845,Control,8.533333333333333
1767070,Control,3.8333333333333335
1767382,Test,3.05
1767602,Test,3.55
1767975,Control,63.53333333333333
1768187,Test,2.433333333333333
1768221,Control,7.9
1768518,Control,7.466666666666667
1768550,Test,5.3
1768737,Control,4.733333333333333
1768887,Test,23.733333333333334
1768907,Control,2.683333333333333
1768966,Control,6.9
1769014,Test,1.9833333333333334
1769016,Control,5.116666666666666
1769222,Test,7.783333333333333
1769630,Control,4.85
1769974,Control,3.216666666666667
1770552,Control,5.366666666666666
1770959,Control,9.95
1771091,Control,3.4166666666666665
1771550,Control,4.933333333333334
1772134,Test,0.9833333333333333
1772218,Control,3.6166666666666667
1772370,Control,16.066666666666666
1772427,Test,4.4
1772597,Test,3.283333333333333
1772744,Control,5.566666666666666
1772874,Test,2.05
1772987,Test,1.7166666666666666
1772995,Test,6.216666666666667
1773965,Control,2.95
1774241,Control,4.483333333333333
1774638,Control,5.716666666666667
1774938,Test,12.216666666666667
1774994,Control,5.8
1775032,Test,4.15
1775650,Control,2.783333333333333
1775681,Test,3.55
1775927,Control,7.05
1775979,Control,3.7
1776124,Test,6.383333333333334
1776535,Control,3.7
1777116,Control,9.85
1777512,Control,3.2333333333333334
1777685,Test,2.5833333333333335
1777983,Test,3.4
1778976,Test,2.45
1779333,Test,2.05
1779464,Test,1.5833333333333333
1779552,Test,2.033333333333333
1779685,Test,5.95
1779692,Test,3.8
1780184,Test,8.466666666666667
1780243,Control,12.883333333333333
1780782,Test,1.8833333333333333
1780858,Test,5.383333333333334
1780871,Control,5.783333333333333
1781066,Test,2.816666666666667
1781127,Test,2.683333333333333
1781226,Control,36.13333333333333
1781498,Test,6.016666666666667
1781992,Control,4.333333333333333
1782307,Control,1.65
1782604,Test,7.3
1783016,Control,3.4
1783054,Test,12.366666666666667
1783253,Test,8.066666666666666
1783574,Test,4.45
1783766,Control,3.95
1783799,Test,9.783333333333333
1784712,Control,12.083333333333334
1784749,Test,5.016666666666667
1785088,Test,2.75
1785940,Test,4.116666666666666
1786005,Control,6.616666666666666
1786513,Test,22.433333333333334
1786877,Control,6.866666666666666
1787233,Test,15.483333333333333
1787889,Control,4.733333333333333
1787989,Control,3.3833333333333333
1788187,Control,2.283333333333333
1788204,Test,4.233333333333333
1788737,Control,2.5
1788838,Control,3.4166666666666665
1788956,Test,6.4
1789128,Control,2.9833333333333334
1789332,Test,2.3833333333333333
1789967,Test,11.4
1789996,Test,3.8666666666666667
1790177,Test,2.45
1790672,Control,3.316666666666667
1790923,Control,3.6333333333333333
1790963,Test,17.483333333333334
1792329,Test,3.65
1792552,Test,3.0
1792599,Control,9.75
1793341,Control,2.3
1794177,Test,4.85
1794555,Test,8.633333333333333
1794872,Control,2.1666666666666665
1794890,Control,1.8833333333333333
1794971,Test,5.683333333333334
1795072,Control,15.583333333333334
1795281,Test,9.45
1795358,Test,17.9
1795648,Test,2.2
1795781,Test,2.783333333333333
1796120,Test,1.9
1796649,Control,18.033333333333335
1797401,Test,1.3166666666666667
1797452,Control,4.116666666666666
1798396,Control,6.633333333333334
1798507,Control,1.6666666666666667
1800729,Test,3.3666666666666667
1802089,Control,1.2666666666666666
1804569,Control,6.766666666666667
1805764,Control,2.3666666666666667
1805954,Test,27.633333333333333
1806584,Control,4.683333333333334
1807086,Control,1.9166666666666667
1807211,Control,5.433333333333334
1807324,Test,7.75
1807353,Test,3.4833333333333334
1807648,Test,4.066666666666666
1807878,Test,6.816666666666666
1808273,Control,5.183333333333334
1808285,Control,10.866666666666667
1808453,Test,5.983333333333333
1808926,Control,5.233333333333333
1809309,Test,2.683333333333333
1809578,Control,12.983333333333333
1809919,Control,3.4166666666666665
1810432,Test,3.3833333333333333
1810442,Test,4.0
1810978,Test,1.8666666666666667
1810988,Test,3.7333333333333334
1811237,Control,8.333333333333334
1811363,Control,5.816666666666666
1811650,Control,3.25
1812263,Test,5.95
1812385,Test,8.116666666666667
1812408,Control,2.283333333333333
1812459,Test,1.55
1812576,Test,6.366666666666666
1812764,Test,2.3666666666666667
1813047,Test,4.533333333333333
1813291,Test,2.7666666666666666
1813966,Control,2.4166666666666665
1814147,Control,3.4833333333333334
1814596,Test,11.9
1814826,Control,8.25
1814949,Test,6.483333333333333
1815029,Control,0.9166666666666666
1815033,Test,3.7
1815143,Test,7.783333333333333
1815390,Control,4.083333333333333
1815682,Test,5.333333333333333
1815997,Test,7.483333333333333
1816083,Test,5.766666666666667
1816917,Control,20.483333333333334
1817013,Control,2.4833333333333334
1817163,Control,4.0
1817171,Control,20.316666666666666
1817407,Test,8.683333333333334
1817759,Control,3.566666666666667
1818516,Test,2.433333333333333
1818546,Test,6.316666666666666
1818956,Control,1.8833333333333333
1819032,Test,2.566666666666667
1819048,Control,2.816666666666667
1819298,Test,2.433333333333333
1819374,Control,3.216666666666667
1819473,Control,4.033333333333333
1820415,Test,3.45
1820486,Test,5.416666666666667
1820934,Control,5.6
1821417,Test,12.833333333333334
1821565,Test,1.7833333333333334
1821665,Control,3.75
1821752,Test,4.216666666666667
1822468,Control,2.066666666666667
1822618,Control,6.466666666666667
1823844,Control,11.216666666666667
1823874,Control,3.0166666666666666
1824294,Control,1.5
1824402,Test,4.183333333333334
1825113,Control,2.566666666666667
1825417,Control,4.683333333333334
1825507,Test,8.533333333333333
1825679,Test,12.516666666666667
1825680,Control,5.516666666666667
1825957,Test,2.45
1826311,Control,15.6
1827310,Test,1.8
1827311,Control,9.283333333333333
1827406,Control,14.1
1827445,Test,2.066666666666667
1827753,Test,8.233333333333333
1828012,Control,4.066666666666666
1828019,Control,18.45
1828116,Control,4.066666666666666
1828457,Control,6.75
1828544,Test,2.816666666666667
1829130,Control,2.45
1829354,Test,3.8333333333333335
1829429,Control,0.9666666666666667
1829520,Control,1.35
1829693,Test,10.633333333333333
1829729,Control,10.683333333333334
1829847,Test,2.4833333333333334
1830056,Control,4.233333333333333
1830465,Control,10.983333333333333
1830672,Test,8.516666666666667
1830719,Control,2.2333333333333334
1830990,Control,2.15
1831070,Test,1.9166666666666667
1831358,Test,1.7833333333333334
1831514,Test,18.716666666666665
1831854,Control,5.383333333333334
1832318,Control,9.933333333333334
1832356,Control,4.333333333333333
1833898,Test,3.9833333333333334
1834200,Control,4.833333333333333
1834244,Test,2.0
1834267,Control,3.1
1834481,Test,7.25
1834585,Control,2.966666666666667
1834595,Test,6.266666666666667
1834695,Test,13.5
1835129,Control,1.35
1835426,Test,6.783333333333333
1835674,Test,2.65
1836247,Test,3.9833333333333334
1836254,Test,8.883333333333333
1836459,Test,4.533333333333333
1837031,Control,6.833333333333333
1837300,Test,7.133333333333334
1837864,Control,5.2
1838227,Control,4.716666666666667
1838909,Control,6.166666666666667
1839130,Test,4.333333333333333
1839238,Control,6.816666666666666
1839549,Test,2.4833333333333334
1839924,Control,12.133333333333333
1840368,Test,3.3333333333333335
1840578,Test,1.8833333333333333
1840596,Test,2.283333333333333
1840837,Test,5.3
1841525,Control,3.466666666666667
1842336,Control,4.4
1842789,Test,5.9
1844002,Test,3.3666666666666667
1844630,Control,5.083333333333333
1844638,Test,3.683333333333333
1844826,Control,18.833333333333332
1845333,Control,4.733333333333333
1845380,Control,5.566666666666666
1846219,Test,2.65
1846831,Control,2.65
1848189,Control,15.216666666666667
1848239,Test,1.85
1848243,Control,4.716666666666667
1848821,Control,3.2333333333333334
1848842,Test,3.0833333333333335
1849371,Test,3.15
1849620,Control,2.35
1849642,Test,1.5666666666666667
1850195,Test,1.5
1850728,Control,4.683333333333334
1850777,Control,3.9
1851161,Control,6.266666666666667
1851383,Test,1.4833333333333334
1851394,Test,2.05
1851755,Control,20.133333333333333
1852087,Test,12.6
1852509,Test,12.05
1852606,Control,12.383333333333333
1853061,Test,3.066666666666667
1853202,Test,2.066666666666667
1853481,Test,2.466666666666667
1853637,Control,2.7333333333333334
1854714,Test,2.1166666666666667
1854779,Control,5.0
1854993,Test,3.316666666666667
1855018,Test,9.033333333333333
1855398,Control,5.183333333333334
1855797,Test,2.066666666666667
1855998,Test,3.6666666666666665
1856397,Test,1.6666666666666667
1856884,Control,2.8833333333333333
1857094,Control,3.9833333333333334
1858354,Control,5.4
1858758,Control,2.8
1858827,Test,3.0166666666666666
1859112,Test,2.316666666666667
1859271,Test,10.833333333333334
1859491,Test,4.366666666666666
1859520,Test,3.8666666666666667
1859630,Test,1.6666666666666667
1860048,Control,8.466666666666667
1860239,Control,1.9
1860357,Test,3.7
1860858,Control,1.85
1860982,Test,2.2
1861397,Control,2.45
1862061,Test,3.816666666666667
1862530,Test,3.9833333333333334
1862544,Control,7.85
1862644,Test,12.866666666666667
1862858,Test,3.3833333333333333
1862987,Control,26.65
1863152,Test,9.15
1863349,Test,7.116666666666666
1863619,Control,2.1
1863728,Control,5.516666666666667
1866169,Test,11.733333333333333
1866205,Test,1.4666666666666666
1866365,Test,13.183333333333334
1866710,Test,4.5
1867143,Test,4.366666666666666
1867167,Control,2.5166666666666666
1867217,Test,4.5
1867524,Test,5.566666666666666
1867695,Test,6.45
1868192,Test,6.233333333333333
1868329,Test,3.3833333333333333
1868610,Control,2.4
1868677,Test,2.2666666666666666
1868765,Control,6.15
1869378,Control,2.6666666666666665
1869973,Control,8.983333333333333
1870004,Test,5.966666666666667
1870340,Control,21.1
1870359,Control,25.9
1870765,Control,9.766666666666667
1870844,Test,4.983333333333333
1870867,Control,2.4
1870951,Test,1.5833333333333333
1871444,Control,3.55
1871451,Control,6.233333333333333
1871644,Control,2.95
1871798,Control,4.183333333333334
1871802,Control,27.75
1871853,Test,28.316666666666666
1873084,Test,2.9833333333333334
1873829,Control,4.55
1873941,Test,43.71666666666667
1874782,Control,4.25
1875252,Test,2.35
1875913,Test,3.816666666666667
1876212,Control,1.9333333333333333
1877074,Test,34.516666666666666
1877137,Test,1.7666666666666666
1878058,Control,8.416666666666666
1878243,Control,2.85
1878553,Control,2.4833333333333334
1878871,Test,10.233333333333333
1879059,Control,2.3
1879188,Test,5.316666666666666
1879347,Test,1.65
1879536,Test,1.2833333333333334
1880255,Test,7.283333333333333
1880861,Test,1.85
1881381,Control,1.1166666666666667
1881730,Test,18.683333333333334
1882050,Control,1.3166666666666667
1882080,Test,14.166666666666666
1882201,Control,12.9
1882953,Control,2.683333333333333
1883432,Control,18.233333333333334
1883495,Test,4.466666666666667
1883923,Control,2.2666666666666666
1884297,Test,1.7833333333333334
1884336,Control,4.716666666666667
1884535,Control,4.883333333333334
1884538,Control,2.45
1884635,Test,2.566666666666667
1885569,Control,6.916666666666667
1885992,Test,8.3
1886144,Test,4.95
1886161,Control,5.816666666666666
1886884,Test,2.7333333333333334
1887531,Test,2.95
1887771,Control,2.8
1889299,Control,5.233333333333333
1889858,Control,9.266666666666667
1889888,Test,17.433333333333334
1890622,Test,3.95
1890923,Test,1.6166666666666667
1891067,Control,12.833333333333334
1891305,Control,12.5
1891378,Control,4.35
1891596,Test,6.216666666666667
1891908,Test,3.35
1892008,Control,7.816666666666666
1892481,Control,4.166666666666667
1892750,Test,3.7
1892952,Control,2.95
1893453,Test,10.116666666666667
1894189,Control,8.866666666666667
1894515,Test,2.7666666666666666
1894742,Test,6.15
1894800,Test,2.216666666666667
1894933,Test,19.816666666666666
1895292,Control,2.033333333333333
1895400,Test,6.1
1895406,Test,6.116666666666666
1895465,Control,4.7
1895911,Test,4.05
1896533,Control,17.733333333333334
1896723,Test,1.9666666666666666
1896985,Test,0.85
1897201,Test,2.5166666666666666
1897271,Test,1.3
1897278,Control,4.083333333333333
1897406,Test,3.3333333333333335
1897580,Test,2.6
1897836,Test,3.5
1898005,Test,14.983333333333333
1898497,Test,2.05
1899577,Control,1.6833333333333333
1899793,Control,5.833333333333333
1900411,Control,3.5
1900746,Test,7.766666666666667
1901190,Test,1.5
1901343,Test,8.616666666666667
1901368,Control,2.7
1901440,Test,4.383333333333334
1901850,Control,5.9
1901853,Control,7.533333333333333
1901992,Control,12.3
1902079,Test,2.5833333333333335
1902404,Control,3.8
1902610,Control,2.55
1902791,Control,2.3333333333333335
1902869,Test,32.833333333333336
1903850,Test,2.283333333333333
1904487,Test,10.45
1904503,Test,8.516666666666667
1904971,Test,4.533333333333333
1905509,Control,9.316666666666666
1905532,Test,10.633333333333333
1905725,Test,7.816666666666666
1905757,Control,1.8
1905822,Control,5.783333333333333
1905902,Test,6.133333333333334
1906072,Control,3.4833333333333334
1906117,Test,2.45
1906397,Test,5.516666666666667
1906444,Control,6.1
1906514,Test,1.0166666666666666
1907211,Control,1.1
1907976,Test,8.166666666666666
1908158,Control,4.633333333333334
1908164,Test,2.466666666666667
1908654,Control,5.55
1908897,Control,3.6
1908974,Test,1.5666666666666667
1908999,Test,6.783333333333333
1909002,Control,1.7666666666666666
1909199,Test,20.616666666666667
1909564,Control,8.033333333333333
1909658,Control,4.166666666666667
1909923,Control,5.133333333333334
1910132,Test,2.3833333333333333
1910146,Test,4.166666666666667
1910451,Test,1.75
1910572,Control,8.633333333333333
1910622,Test,1.25
1910641,Test,2.7333333333333334
1911048,Test,3.3666666666666667
1911312,Test,6.833333333333333
1911384,Test,11.35
1911485,Test,2.1666666666666665
1911871,Test,2.9166666666666665
1911987,Test,5.983333333333333
1912452,Control,4.766666666666667
1913082,Control,3.1333333333333333
1913237,Test,1.85
1913536,Test,2.35
1913626,Test,6.75
1913642,Control,2.0833333333333335
1914298,Test,4.3
1914434,Control,2.566666666666667
1914465,Test,5.933333333333334
1914701,Control,3.35
1914789,Control,5.05
1916748,Test,1.65
1917062,Test,1.4
1917199,Control,2.1
1917213,Test,3.2333333333333334
1917906,Control,2.183333333333333
1918431,Control,3.5
1918474,Control,37.96666666666667
1919252,Control,2.85
1919322,Test,4.483333333333333
1919346,Control,2.5833333333333335
1919420,Control,12.533333333333333
1919426,Test,23.033333333333335
1919716,Control,3.65
1919775,Control,6.583333333333333
1919788,Control,2.8833333333333333
1920117,Test,12.65
1920285,Control,4.483333333333333
1920314,Control,5.75
1921173,Test,2.533333333333333
1921266,Control,5.966666666666667
1921733,Control,1.5666666666666667
1922378,Test,9.433333333333334
1922864,Control,15.183333333333334
1922986,Test,2.6
1923181,Control,1.8833333333333333
1924358,Control,5.866666666666666
1925016,Test,1.15
1925220,Control,8.55
1925264,Control,2.9
1926672,Test,1.55
1927142,Test,7.083333333333333
1927505,Control,2.183333333333333
1927544,Control,6.066666666666666
1927568,Test,2.3666666666666667
1927579,Test,4.583333333333333
1927826,Control,4.383333333333334
1928114,Test,6.1
1928833,Test,5.45
1929072,Test,1.65
1929646,Test,2.4833333333333334
1929698,Control,2.7333333333333334
1929933,Control,2.8333333333333335
1930353,Control,4.683333333333334
1930528,Test,8.283333333333333
1930761,Test,6.05
1930869,Test,7.133333333333334
1931127,Control,4.75
1931259,Control,5.883333333333334
1931445,Control,3.5166666666666666
1931619,Test,2.0
1931928,Control,2.6
1932162,Test,12.35
1932271,Test,2.15
1932408,Test,1.4833333333333334
1932460,Test,17.916666666666668
1932870,Test,9.933333333333334
1932898,Control,2.966666666666667
1933359,Test,7.6
1933803,Control,3.6666666666666665
1934569,Test,2.183333333333333
1935144,Test,1.0333333333333334
1935217,Test,6.866666666666666
1935963,Test,1.8333333333333333
1936232,Control,4.05
1936336,Control,4.066666666666666
1936570,Test,22.933333333333334
1936828,Control,16.433333333333334
1936836,Control,6.666666666666667
1936892,Test,1.9166666666666667
1937877,Control,2.1
1938076,Test,8.216666666666667
1938366,Test,2.216666666666667
1938523,Test,8.616666666666667
1938766,Control,2.316666666666667
1939085,Test,6.316666666666666
1939391,Control,8.183333333333334
1939527,Test,4.1
1939550,Control,3.55
1939574,Control,3.8
1939607,Test,4.066666666666666
1939709,Control,8.166666666666666
1939726,Test,7.133333333333334
1939910,Test,3.033333333333333
1940048,Control,5.05
1940213,Control,1.4333333333333333
1940635,Control,4.916666666666667
1940744,Test,2.433333333333333
1940847,Test,2.5833333333333335
1941162,Control,26.2
1941269,Control,4.866666666666666
1941272,Test,2.1
1942322,Test,3.85
1943018,Test,26.966666666666665
1943226,Test,11.283333333333333
1944168,Control,4.416666666666667
1944175,Test,11.4
1944919,Control,3.1
1945276,Test,2.3333333333333335
1945598,Test,7.816666666666666
1945788,Control,15.916666666666666
1946062,Control,2.1666666666666665
1946085,Test,8.416666666666666
1946252,Control,3.783333333333333
1946273,Test,5.366666666666666
1946281,Test,17.05
1946825,Test,17.75
1946959,Control,2.3
1947728,Test,2.8666666666666667
1948090,Control,7.516666666666667
1948091,Control,6.416666666666667
1948381,Test,5.45
1948430,Control,4.016666666666667
1948517,Control,4.233333333333333
1948555,Test,17.566666666666666
1948870,Control,8.183333333333334
1949195,Control,14.3
1949391,Test,1.2666666666666666
1949458,Test,8.966666666666667
1949872,Test,2.783333333333333
1950203,Test,4.55
1950444,Test,3.4166666666666665
1950811,Control,2.8333333333333335
1951290,Control,3.283333333333333
1951358,Test,17.25
1951762,Test,2.7333333333333334
1952462,Control,3.2
1952790,Control,35.6
1953048,Test,19.25
1953157,Test,4.116666666666666
1953269,Control,3.216666666666667
1953574,Test,5.75
1953774,Test,5.1
1953861,Control,4.333333333333333
1953978,Control,3.75
1954046,Test,7.733333333333333
1954630,Test,2.4833333333333334
1954966,Test,23.566666666666666
1955277,Test,1.7333333333333334
1955489,Test,8.183333333333334
1955550,Control,4.55
1955672,Test,14.75
1955808,Test,2.75
1955817,Control,1.2
1956921,Control,10.983333333333333
1957156,Control,8.183333333333334
1957382,Test,3.9
1957491,Control,12.016666666666667
1958136,Control,16.5
1958549,Test,13.116666666666667
1958734,Test,1.7166666666666666
1958853,Control,4.333333333333333
1958941,Test,2.566666666666667
1959844,Control,4.916666666666667
1960031,Control,9.116666666666667
1960131,Test,5.5
1960366,Control,16.616666666666667
1960597,Test,3.8666666666666667
1960601,Test,5.766666666666667
1960752,Test,3.6166666666666667
1961944,Control,3.6333333333333333
1962359,Control,3.7333333333333334
1962563,Test,1.5833333333333333
1962746,Test,9.366666666666667
1962811,Test,1.8166666666666667
1963096,Test,3.85
1963440,Control,6.2
1963936,Control,10.066666666666666
1963938,Test,2.1666666666666665
1964178,Control,4.966666666666667
1965643,Control,8.333333333333334
1965795,Test,12.766666666666667
1965826,Control,32.03333333333333
1966795,Test,1.7833333333333334
1967086,Control,4.783333333333333
1967307,Control,1.8166666666666667
1967377,Test,8.583333333333334
1967574,Test,1.5833333333333333
1967815,Control,17.966666666666665
1967874,Test,5.433333333333334
1969160,Control,17.133333333333333
1969164,Test,6.15
1969515,Control,8.25
1969696,Control,2.55
1969872,Control,8.466666666666667
1970759,Control,2.35
1970830,Control,2.966666666666667
1971148,Test,2.3
1971298,Control,11.75
1971383,Control,13.066666666666666
1972099,Test,2.0833333333333335
1972168,Test,3.316666666666667
1972749,Test,4.183333333333334
1972780,Test,2.0
1972845,Control,7.85
1972896,Test,2.6666666666666665
1972962,Test,3.95
1973111,Test,3.25
1973142,Test,7.55
1973304,Test,3.4
1973917,Control,2.816666666666667
1973973,Test,2.4833333333333334
1973989,Test,3.8666666666666667
1974241,Test,1.5
1974302,Test,1.0833333333333333
1974550,Test,6.733333333333333
1974610,Test,2.4833333333333334
1974728,Test,5.516666666666667
1975414,Control,2.65
1975499,Test,16.016666666666666
1975637,Test,1.8
1975649,Control,4.0
1975904,Control,3.216666666666667
1976026,Control,2.8666666666666667
1976107,Test,4.233333333333333
1976268,Control,2.716666666666667
1976723,Test,1.6
1976863,Test,5.316666666666666
1977502,Test,1.8666666666666667
1978068,Test,4.033333333333333
1978167,Control,4.033333333333333
1978521,Test,1.4166666666666667
1978655,Control,4.15
1978704,Test,17.766666666666666
1979389,Control,13.983333333333333
1979629,Test,3.8
1979830,Test,6.966666666666667
1980260,Test,8.116666666666667
1980473,Test,8.2
1980712,Test,2.05
1981568,Test,5.383333333333334
1981903,Test,4.1
1982004,Test,3.0
1982424,Test,6.266666666666667
1982805,Control,9.166666666666666
1982824,Control,4.166666666666667
1982897,Test,2.3666666666666667
1983217,Test,2.8
1983405,Control,4.6
1983489,Test,2.8
1984039,Control,44.983333333333334
1986076,Test,1.25
1986539,Control,1.7166666666666666
1986592,Control,2.5
1986643,Control,3.6
1987005,Test,1.85
1988002,Control,4.483333333333333
1988797,Test,2.0166666666666666
1988961,Control,6.916666666666667
1989030,Control,2.283333333333333
1989165,Control,1.2333333333333334
1989878,Test,5.833333333333333
1990150,Test,2.3833333333333333
1990671,Test,9.766666666666667
1990675,Control,8.466666666666667
1990708,Control,2.95
1991344,Control,4.15
1991360,Test,2.0166666666666666
1991503,Test,2.5
1991753,Control,1.9666666666666666
1991959,Control,3.8833333333333333
1992392,Test,4.233333333333333
1992455,Test,2.183333333333333
1992563,Test,5.116666666666666
1993088,Test,21.166666666666668
1993598,Test,4.466666666666667
1993746,Control,6.3
1993788,Control,7.1
1993843,Test,5.466666666666667
1993947,Control,2.55
1994353,Control,5.266666666666667
1994826,Control,3.7666666666666666
1994865,Control,17.65
1995060,Control,3.05
1995384,Control,1.1833333333333333
1995844,Test,2.3666666666666667
1996689,Control,25.266666666666666
1997339,Test,1.95
1997443,Control,13.433333333333334
1998232,Test,3.4166666666666665
1998440,Test,3.9
1998506,Test,6.866666666666666
1999950,Test,3.8
1999991,Test,17.033333333333335
2000080,Test,7.216666666666667
2000088,Test,3.216666666666667
2000326,Control,5.133333333333334
2000438,Control,13.9
2001185,Control,9.733333333333333
2001189,Control,27.783333333333335
2001533,Test,1.3
2001658,Control,1.4833333333333334
2001996,Control,5.966666666666667
2002054,Control,1.6
2002150,Test,1.15
2002497,Control,2.9
2003112,Test,53.45
2003392,Control,4.1
2003412,Test,18.2
2004209,Control,4.416666666666667
2004961,Test,2.1666666666666665
2004994,Test,5.883333333333334
2005283,Test,3.066666666666667
2006296,Test,2.65
2006522,Control,5.066666666666666
2006770,Control,10.283333333333333
2006775,Test,8.916666666666666
2007508,Test,3.566666666666667
2007632,Control,4.016666666666667
2007654,Test,23.883333333333333
2007660,Test,5.55
2007964,Test,3.3333333333333335
2008196,Control,14.15
2008219,Control,9.216666666666667
2008244,Control,3.5833333333333335
2008364,Control,3.5166666666666666
2009302,Control,4.016666666666667
2009543,Test,4.45
2009732,Test,6.083333333333333
2010335,Test,3.966666666666667
2010364,Test,5.55
2010554,Test,24.9
2010561,Control,3.35
2010706,Control,8.216666666666667
2010755,Test,2.5
2010851,Control,2.533333333333333
2010876,Test,3.816666666666667
2011557,Control,1.7666666666666666
2011573,Control,19.433333333333334
2011854,Control,3.25
2012155,Test,6.35
2012466,Test,29.483333333333334
2012679,Test,1.7333333333333334
2013019,Test,2.533333333333333
2013566,Control,1.2
2013589,Control,4.866666666666666
2013867,Control,8.65
2014480,Test,20.5
2014659,Test,4.366666666666666
2014716,Test,1.15
2015049,Test,1.2666666666666666
2015091,Control,3.7333333333333334
2015180,Test,16.583333333333332
2015197,Control,2.1666666666666665
2015629,Test,4.85
2016166,Control,2.816666666666667
2016325,Test,3.7666666666666666
2016479,Control,4.783333333333333
2016715,Test,80.53333333333333
2016971,Control,3.15
2017693,Test,2.3833333333333333
2018953,Test,3.8833333333333333
2019076,Control,2.033333333333333
2019581,Test,3.9
2019893,Test,4.683333333333334
2019950,Test,1.1833333333333333
2020418,Control,5.05
2020501,Control,4.333333333333333
2020919,Test,2.9166666666666665
2020936,Test,5.466666666666667
2020972,Test,2.7
2021664,Test,4.6
2022026,Control,2.1166666666666667
2023345,Control,3.0833333333333335
2023674,Test,2.85
2023853,Control,6.0
2024442,Test,3.6
2024626,Test,4.45
2024752,Test,6.35
2025041,Test,5.866666666666666
2025451,Test,1.6166666666666667
2025734,Control,4.216666666666667
2026116,Test,4.433333333333334
2026269,Control,4.233333333333333
2026412,Test,3.433333333333333
2026557,Control,5.533333333333333
2026560,Control,2.8666666666666667
2027369,Test,3.033333333333333
2027860,Test,2.2
2028340,Test,5.083333333333333
2028457,Control,2.3666666666666667
2028483,Test,4.65
2028637,Control,1.6666666666666667
2028861,Test,2.4
2029059,Control,1.75
2029226,Test,5.983333333333333
2029683,Test,1.8666666666666667
2029999,Control,6.833333333333333
2030016,Control,8.566666666666666
2031358,Test,4.366666666666666
2032061,Test,21.15
2032283,Test,7.85
2032400,Test,4.7
2033019,Test,6.683333333333334
2033133,Control,2.5
2033367,Test,3.433333333333333
2033411,Control,9.733333333333333
2034560,Test,14.2
2034717,Test,2.8333333333333335
2035055,Test,6.25
2035117,Control,2.1166666666666667
2035789,Control,6.133333333333334
2035958,Test,10.05
2036439,Test,2.0166666666666666
2036502,Control,45.1
2036598,Test,6.916666666666667
2036653,Test,8.5
2036689,Test,3.033333333333333
2037145,Control,4.433333333333334
2037181,Control,17.75
2037206,Test,1.2166666666666666
2038365,Control,2.5833333333333335
2038553,Control,22.45
2038595,Test,2.533333333333333
2038707,Control,11.75
2038721,Test,5.75
2038876,Test,7.433333333333334
2039070,Control,1.7333333333333334
2039099,Test,10.833333333333334
2039364,Control,3.2333333333333334
2039550,Test,17.266666666666666
2040881,Control,6.566666666666666
2040900,Control,2.716666666666667
2041444,Test,3.316666666666667
2041578,Test,2.5
2041645,Control,5.416666666666667
2041724,Test,2.433333333333333
2041796,Test,1.6333333333333333
2041839,Control,27.216666666666665
2041875,Control,23.55
2042144,Test,4.05
2042907,Test,3.25
2043345,Test,9.1
2043512,Test,3.35
2044540,Control,3.0
2045087,Control,2.05
2045101,Test,3.533333333333333
2045369,Control,6.933333333333334
2045712,Test,2.5
2046788,Control,2.2
2047305,Control,3.5166666666666666
2047755,Control,6.966666666666667
2047867,Control,5.483333333333333
2047876,Control,14.566666666666666
2048027,Test,7.683333333333334
2048072,Test,6.833333333333333
2048285,Test,7.35
2048347,Test,3.8
2048431,Test,2.0166666666666666
2048937,Test,8.233333333333333
2049079,Test,4.266666666666667
2049385,Test,2.7666666666666666
2049570,Control,3.7
2049672,Control,3.5833333333333335
2050197,Test,0.8833333333333333
2050360,Test,9.583333333333334
2050840,Control,31.0
2050885,Control,8.55
2052207,Test,3.05
2052549,Control,4.566666666666666
2052647,Test,1.2333333333333334
2052733,Control,8.8
2052923,Test,2.3833333333333333
2053174,Test,7.25
2053183,Control,4.133333333333334
2053219,Test,4.083333333333333
2053248,Control,8.933333333333334
2053624,Test,5.916666666666667
2053769,Control,2.2666666666666666
2053795,Control,6.716666666666667
2053842,Test,2.0833333333333335
2054441,Test,2.933333333333333
2054719,Control,1.7666666666666666
2054834,Test,1.3833333333333333
2055031,Test,5.033333333333333
2055063,Control,4.433333333333334
2055185,Control,15.2
2055445,Control,22.45
2055802,Test,4.666666666666667
2056063,Control,2.683333333333333
2056567,Control,19.233333333333334
2056656,Test,2.316666666666667
2056799,Test,6.316666666666666
2057492,Control,4.7
2057594,Test,8.383333333333333
2057700,Test,19.566666666666666
2057773,Control,2.2
2057801,Test,3.783333333333333
2057858,Test,13.516666666666667
2058100,Test,2.15
2058253,Test,2.85
2058776,Test,2.3833333333333333
2058971,Control,11.95
2059028,Control,2.7333333333333334
2059033,Control,7.1
2059285,Control,1.4833333333333334
2059449,Control,2.966666666666667
2060068,Test,6.933333333333334
2060162,Test,18.833333333333332
2060326,Test,13.7
2060349,Test,11.766666666666667
2061194,Test,2.816666666666667
2061256,Test,3.7666666666666666
2061471,Control,3.966666666666667
2061519,Test,4.866666666666666
2061626,Control,9.35
2061668,Control,3.35
2062493,Test,2.3333333333333335
2062515,Test,3.1333333333333333
2062588,Control,1.6666666666666667
2063805,Control,20.533333333333335
2064271,Test,3.1
2064307,Test,7.283333333333333
2064344,Control,5.266666666666667
2064675,Test,6.316666666666666
2065107,Test,4.6
2065266,Test,1.7666666666666666
2065932,Test,2.3833333333333333
2066508,Control,6.4
2067509,Test,2.9166666666666665
2067540,Control,2.7666666666666666
2067551,Test,1.2666666666666666
2068954,Control,10.35
2069002,Test,1.5666666666666667
2069251,Control,1.5166666666666666
2069344,Test,1.95
2069447,Test,1.7166666666666666
2069824,Control,3.5166666666666666
2070184,Control,5.3
2070352,Test,1.6333333333333333
2070572,Test,2.7666666666666666
2070948,Control,3.533333333333333
2071011,Control,2.1
2071121,Control,4.666666666666667
2071719,Control,23.733333333333334
2071744,Control,5.6
2071841,Control,10.616666666666667
2073001,Control,11.216666666666667
2073037,Test,9.383333333333333
2073207,Test,3.65
2073658,Control,4.666666666666667
2074094,Control,15.133333333333333
2074688,Control,17.0
2075007,Control,2.65
2075145,Test,13.816666666666666
2075347,Test,2.1166666666666667
2075655,Test,1.5833333333333333
2076087,Control,6.166666666666667
2076382,Test,1.3666666666666667
2076943,Test,1.8833333333333333
2078407,Control,2.3666666666666667
2078453,Test,13.8
2078513,Test,2.6166666666666667
2078711,Control,4.533333333333333
2079061,Test,2.7666666666666666
2079150,Test,45.11666666666667
2079191,Test,14.166666666666666
2079408,Test,5.516666666666667
2079440,Test,1.5333333333333334
2079465,Control,3.683333333333333
2080022,Control,5.516666666666667
2080124,Test,6.916666666666667
2080737,Test,1.5166666666666666
2081736,Control,3.35
2081780,Test,4.966666666666667
2082621,Test,2.283333333333333
2082753,Test,2.5166666666666666
2082886,Control,17.916666666666668
2082931,Control,3.2333333333333334
2083525,Test,4.716666666666667
2083605,Test,5.5
2084279,Test,14.316666666666666
2084327,Test,1.6
2084517,Control,3.433333333333333
2084702,Test,3.65
2084978,Control,18.816666666666666
2085066,Test,3.3333333333333335
2086391,Test,28.533333333333335
2086535,Test,3.6666666666666665
2086680,Control,4.516666666666667
2086854,Control,11.8
2087249,Test,1.0666666666666667
2088315,Control,2.1
2088839,Test,3.7333333333333334
2089071,Control,8.033333333333333
2089563,Test,5.766666666666667
2089991,Control,4.533333333333333
2090413,Test,2.7333333333333334
2090428,Control,7.933333333333334
2090464,Control,3.3
2090574,Test,3.6166666666666667
2090939,Control,3.8333333333333335
2091122,Control,2.35
2091601,Control,8.983333333333333
2091731,Control,4.85
2091795,Control,1.6166666666666667
2092141,Test,27.016666666666666
2092231,Test,13.216666666666667
2092341,Control,6.016666666666667
2092570,Control,8.7
2093449,Test,5.133333333333334
2093746,Test,7.766666666666667
2094626,Control,13.5
2095170,Test,3.0833333333333335
2095375,Control,6.983333333333333
2095509,Test,7.7
2096453,Test,2.533333333333333
2096514,Control,6.316666666666666
2096724,Test,6.633333333333334
2097722,Control,3.6166666666666667
2097904,Test,2.3666666666666667
2097917,Test,1.25
2098270,Control,2.3833333333333333
2099826,Test,3.8333333333333335
2100661,Control,8.166666666666666
2100717,Control,2.033333333333333
2100720,Control,4.283333333333333
2100725,Test,2.183333333333333
2101216,Test,2.466666666666667
2102149,Control,15.7
2102243,Test,9.666666666666666
2102662,Test,8.416666666666666
2103586,Control,7.3
2103635,Control,1.9833333333333334
2103672,Test,9.133333333333333
2104284,Control,3.9833333333333334
2104456,Control,6.016666666666667
2105107,Test,11.55
2105198,Test,2.433333333333333
2105237,Test,1.8333333333333333
2105851,Test,6.483333333333333
2105948,Control,20.333333333333332
2105954,Test,14.116666666666667
2106310,Test,4.783333333333333
2106390,Test,2.6333333333333333
2106701,Control,2.8666666666666667
2107396,Test,1.4166666666666667
2107979,Control,16.333333333333332
2109282,Test,6.466666666666667
2109472,Test,2.3833333333333333
2109862,Test,1.7166666666666666
2110274,Test,4.816666666666666
2110321,Test,25.816666666666666
2110330,Test,4.916666666666667
2110397,Test,2.3833333333333333
2110629,Test,5.883333333333334
2111172,Test,2.65
2111268,Control,5.3
2111468,Control,6.15
2111559,Control,21.916666666666668
2111947,Test,3.8333333333333335
2113091,Control,4.3
2113100,Test,1.4833333333333334
2113414,Test,5.183333333333334
2113818,Test,4.316666666666666
2113915,Test,3.716666666666667
2114773,Test,6.616666666666666
2114888,Control,4.116666666666666
2114924,Control,1.1833333333333333
2116228,Test,2.966666666666667
2116261,Control,1.9333333333333333
2116375,Control,3.2666666666666666
2116486,Test,14.416666666666666
2116546,Test,3.3333333333333335
2116988,Test,1.85
2117103,Control,15.283333333333333
2117485,Test,2.25
2117625,Control,3.65
2117926,Control,4.516666666666667
2118118,Test,2.45
2118215,Test,7.45
2120119,Control,31.133333333333333
2120274,Test,6.85
2120319,Test,4.0
2120373,Control,8.283333333333333
2122069,Control,15.233333333333333
2122128,Test,3.033333333333333
2122332,Test,1.2833333333333334
2122411,Control,7.516666666666667
2122586,Control,6.066666666666666
2122736,Control,10.283333333333333
2122793,Test,12.6
2122912,Control,7.583333333333333
2123867,Control,4.8
2124031,Control,3.216666666666667
2124044,Control,2.35
2124322,Test,3.7666666666666666
2124499,Control,3.033333333333333
2124715,Control,2.716666666666667
2125062,Control,2.65
2125543,Control,7.266666666666667
2125802,Control,5.55
2125871,Test,2.183333333333333
2126911,Test,7.233333333333333
2127092,Control,1.7833333333333334
2127474,Test,1.2666666666666666
2127772,Test,13.016666666666667
2128031,Test,3.7
2128567,Test,5.816666666666666
2128615,Test,3.466666666666667
2129008,Control,2.85
2129448,Control,9.233333333333333
2129470,Test,3.1
2130150,Test,3.1
2130164,Control,12.816666666666666
2130538,Test,1.7333333333333334
2130660,Control,3.0
2131056,Test,2.9
2131405,Control,4.9
2131562,Control,7.0
2132417,Test,9.116666666666667
2132645,Test,6.883333333333334
2133839,Control,2.7666666666666666
2135962,Control,3.966666666666667
2136502,Test,5.3
2136669,Test,3.6166666666666667
2136746,Control,4.616666666666666
2137312,Test,3.15
2137495,Control,2.9
2138383,Test,2.033333333333333
2138403,Test,4.283333333333333
2138761,Test,2.033333333333333
2138772,Test,22.633333333333333
2139166,Control,4.7
2139307,Test,14.833333333333334
2139778,Test,17.8
2139967,Test,1.8
2140309,Test,2.7
2140326,Test,1.6
2140639,Test,1.7
2141244,Test,1.5833333333333333
2142490,Control,4.366666666666666
2142735,Test,12.566666666666666
2143246,Control,3.433333333333333
2144039,Test,10.416666666666666
2144251,Test,2.783333333333333
2144256,Control,7.55
2144544,Test,2.9833333333333334
2145029,Test,3.3666666666666667
2145511,Control,3.8666666666666667
2145579,Test,1.7166666666666666
2145857,Control,3.05
2146822,Control,7.683333333333334
2146904,Test,13.516666666666667
2147061,Control,1.9333333333333333
2147313,Test,16.783333333333335
2147436,Control,13.033333333333333
2147522,Control,4.466666666666667
2147721,Control,6.883333333333334
2148471,Test,4.683333333333334
2149205,Control,10.516666666666667
2149499,Control,8.483333333333333
2149777,Test,2.9833333333333334
2150129,Control,7.233333333333333
2150650,Test,3.2666666666666666
2151221,Control,3.9833333333333334
2151672,Test,4.116666666666666
2152047,Test,2.25
2152611,Control,5.483333333333333
2152873,Control,2.5833333333333335
2152887,Control,6.6
2153182,Control,4.966666666666667
2153656,Control,2.3833333333333333
2154143,Test,41.0
2155157,Control,6.5
2155192,Test,1.8333333333333333
2155691,Control,5.35
2155956,Control,11.15
2156095,Test,2.1666666666666665
2156245,Control,4.85
2156246,Control,4.583333333333333
2156378,Test,3.216666666666667
2156449,Control,6.766666666666667
2157327,Control,2.1666666666666665
2158003,Test,3.1666666666666665
2158246,Control,18.733333333333334
2158455,Control,13.4
2158797,Test,4.083333333333333
2158801,Test,9.433333333333334
2158872,Test,11.616666666666667
2159101,Test,1.8833333333333333
2159157,Control,8.283333333333333
2159243,Control,6.6
2159788,Test,2.55
2160088,Control,3.25
2161349,Control,6.683333333333334
2161378,Control,4.466666666666667
2161393,Control,6.166666666666667
2161587,Test,4.233333333333333
2162184,Control,3.65
2162263,Test,7.233333333333333
2162880,Test,9.3
2162964,Control,3.816666666666667
2163213,Test,1.8
2163368,Test,14.466666666666667
2163599,Control,2.316666666666667
2164174,Control,17.166666666666668
2165019,Test,6.916666666666667
2165259,Control,4.716666666666667
2165367,Control,1.8666666666666667
2165736,Test,2.5166666666666666
2165764,Control,10.9
2166089,Control,4.616666666666666
2166183,Control,3.2666666666666666
2166417,Test,5.833333333333333
2166435,Test,7.933333333333334
2166490,Test,8.816666666666666
2167134,Test,7.85
2167421,Test,17.816666666666666
2167470,Control,6.383333333333334
2167660,Test,5.233333333333333
2168025,Test,3.2
2168871,Test,6.516666666666667
2169058,Test,4.483333333333333
2169315,Test,1.6333333333333333
2169491,Test,8.183333333333334
2169613,Control,3.3666666666666667
2169938,Control,10.55
2169990,Control,14.683333333333334
2170311,Control,1.8666666666666667
2170862,Control,3.2
2171694,Control,3.2666666666666666
2172278,Test,5.7
2173057,Test,5.716666666666667
2173661,Test,2.6
2173953,Control,6.633333333333334
2174230,Test,5.616666666666666
2174254,Test,2.8833333333333333
2174418,Control,9.483333333333333
2174882,Control,2.566666666666667
2175321,Test,1.3833333333333333
2175549,Test,3.033333333333333
2175935,Test,7.55
2175999,Test,1.8
2176343,Control,4.383333333333334
2177143,Test,2.0166666666666666
2177404,Control,8.9
2177579,Control,6.25
2177769,Test,5.366666666666666
2177777,Control,2.85
2177970,Control,4.5
2178220,Test,1.6166666666666667
2178579,Control,3.25
2178793,Test,20.983333333333334
2179845,Control,4.783333333333333
2180052,Test,26.016666666666666
2180904,Control,3.7333333333333334
2181079,Control,10.833333333333334
2181223,Test,3.6
2181486,Test,9.233333333333333
2181599,Control,4.066666666666666
2182225,Control,2.2333333333333334
2183096,Test,3.8666666666666667
2183135,Test,2.5833333333333335
2183140,Test,2.533333333333333
2183344,Control,2.9
2183946,Control,1.6666666666666667
2184455,Control,1.6
2184517,Test,2.533333333333333
2184714,Control,4.766666666666667
2184782,Test,3.65
2185006,Control,5.683333333333334
2185235,Control,3.533333333333333
2185465,Control,3.066666666666667
2185885,Control,3.2666666666666666
2185907,Control,4.366666666666666
2186143,Test,5.316666666666666
2186318,Test,2.55
2186426,Test,1.8166666666666667
2186943,Test,3.8
2187415,Test,2.183333333333333
2187752,Test,18.366666666666667
2187978,Test,2.283333333333333
2187998,Test,4.55
2188558,Control,2.4
2188628,Control,9.5
2188746,Control,8.65
2188753,Test,9.266666666666667
2188831,Test,3.1
2188938,Control,2.466666666666667
2189393,Control,6.033333333333333
2189784,Control,2.0166666666666666
2189824,Test,2.066666666666667
2190311,Test,17.0
2190702,Test,5.55
2191227,Control,5.666666666666667
2191364,Control,5.783333333333333
2191460,Test,2.2666666666666666
2191483,Test,9.65
2191497,Test,2.15
2192044,Test,8.816666666666666
2192199,Control,4.716666666666667
2192505,Control,4.483333333333333
2192714,Control,2.7333333333333334
2193034,Control,13.766666666666667
2193220,Test,4.15
2193235,Control,1.35
2193622,Control,10.533333333333333
2194088,Test,1.2
2194434,Control,8.633333333333333
2194589,Test,13.766666666666667
2195240,Test,2.55
2195277,Test,18.433333333333334
2195447,Test,5.95
2195967,Control,7.866666666666666
2196035,Test,7.966666666666667
2196302,Test,2.3833333333333333
2196511,Test,1.9666666666666666
2196547,Test,1.6
2196962,Test,60.083333333333336
2197044,Test,5.666666666666667
2197266,Test,32.4
2197515,Test,5.983333333333333
2197834,Test,2.966666666666667
2197946,Test,13.766666666666667
2197949,Control,5.833333333333333
2198173,Control,3.6666666666666665
2199001,Control,1.1166666666666667
2199492,Control,4.8
2199516,Control,4.25
2199536,Test,2.183333333333333
2199722,Test,5.583333333333333
2200335,Test,2.25
2200779,Test,15.45
2200791,Test,13.516666666666667
2200900,Control,2.7666666666666666
2201280,Test,6.4
2202204,Test,7.366666666666666
2202223,Test,8.95
2202333,Test,34.71666666666667
2202711,Test,20.033333333333335
2202822,Control,1.2333333333333334
2202835,Test,5.866666666666666
2203401,Control,2.4
2203560,Control,2.9
2203738,Control,4.033333333333333
2204322,Test,3.0833333333333335
2204958,Control,3.8
2205199,Control,5.9
2205691,Control,6.183333333333334
2205743,Test,8.816666666666666
2205884,Control,2.75
2205995,Control,2.5166666666666666
2206093,Test,1.2666666666666666
2206536,Control,2.3
2206697,Control,2.7666666666666666
2206736,Test,3.066666666666667
2206828,Test,3.2666666666666666
2207194,Control,8.55
2207701,Control,1.2833333333333334
2207829,Test,3.066666666666667
2207976,Control,10.316666666666666
2208717,Test,7.483333333333333
2209005,Control,2.35
2209237,Test,3.566666666666667
2209429,Control,6.55
2209532,Test,2.716666666666667
2209554,Test,1.9333333333333333
2209920,Test,1.6
2209985,Test,14.783333333333333
2210348,Control,5.283333333333333
2210369,Control,11.85
2211014,Control,55.13333333333333
2211277,Test,2.683333333333333
2211630,Test,2.783333333333333
2212042,Control,11.65
2212057,Control,3.25
2212650,Test,3.5833333333333335
2212960,Test,5.416666666666667
2212962,Test,2.2
2213365,Test,3.716666666666667
2213954,Test,8.266666666666667
2214073,Test,27.316666666666666
2214131,Control,3.283333333333333
2214260,Control,3.55
2214357,Test,4.0
2214360,Control,7.05
2214841,Test,3.0
2214904,Test,2.783333333333333
2214909,Control,7.883333333333334
2214910,Control,10.466666666666667
2214966,Test,2.15
2215051,Control,3.6166666666666667
2215192,Test,0.75
2215598,Control,1.7666666666666666
2215826,Control,4.366666666666666
2215874,Test,6.65
2216021,Test,3.783333333333333
2216120,Test,1.8
2216224,Test,3.3
2217121,Test,4.533333333333333
2217126,Control,3.716666666666667
2217307,Control,1.5
2217574,Test,7.266666666666667
2217601,Test,52.233333333333334
2217905,Test,1.7
2217976,Test,3.2666666666666666
2218050,Test,1.8
2218715,Test,16.65
2218878,Test,15.383333333333333
2220030,Test,2.316666666666667
2220892,Control,3.05
2220910,Test,1.8166666666666667
2221200,Control,3.1666666666666665
2221633,Test,2.8666666666666667
2221946,Test,4.716666666666667
2221950,Control,4.566666666666666
2222172,Test,1.6666666666666667
2222297,Test,2.9833333333333334
2222556,Test,5.3
2222738,Test,6.033333333333333
2222923,Test,2.033333333333333
2223198,Control,1.8
2223495,Test,2.683333333333333
2223497,Test,1.6
2223546,Test,4.816666666666666
2224552,Control,30.966666666666665
2224720,Control,3.683333333333333
2225257,Control,2.4833333333333334
2225489,Control,8.133333333333333
2225588,Control,2.8
2225730,Test,2.05
2225879,Control,17.3
2226215,Control,2.966666666666667
2226543,Control,1.0166666666666666
2226956,Control,2.3833333333333333
2227005,Control,4.833333333333333
2227118,Test,2.1333333333333333
2227212,Test,5.85
2227231,Control,7.083333333333333
2227327,Test,13.3
2227559,Control,5.166666666666667
2228228,Test,1.4333333333333333
2228486,Control,4.516666666666667
2228618,Test,5.016666666666667
2228978,Test,4.083333333333333
2229120,Test,2.8333333333333335
2229537,Control,1.65
2229584,Test,3.466666666666667
2229647,Control,7.6
2230146,Test,2.683333333333333
2230361,Test,4.033333333333333
2230504,Control,6.366666666666666
2230522,Test,18.45
2230745,Control,12.316666666666666
2230975,Control,9.483333333333333
2231000,Control,2.1666666666666665
2232126,Control,15.1
2232190,Control,3.566666666666667
2232360,Control,2.55
2232369,Test,2.933333333333333
2232805,Test,3.05
2232833,Test,5.116666666666666
2233220,Test,11.116666666666667
2233347,Test,1.4
2234064,Test,2.033333333333333
2234198,Test,2.966666666666667
2234213,Control,12.25
2234265,Control,3.1166666666666667
2234704,Control,7.483333333333333
2234759,Test,6.633333333333334
2235345,Control,12.15
2235419,Control,5.283333333333333
2235638,Control,3.4166666666666665
2235744,Test,2.8833333333333333
2236396,Control,11.1
2236448,Control,2.8833333333333333
2236959,Test,8.616666666666667
2237129,Test,5.55
2237173,Test,4.466666666666667
2237376,Test,9.666666666666666
2237617,Control,6.783333333333333
2238081,Control,6.6
2238252,Test,1.8833333333333333
2238446,Test,5.666666666666667
2238815,Control,5.883333333333334
2239147,Test,2.283333333333333
2239313,Test,2.466666666666667
2239512,Test,10.883333333333333
2240256,Test,5.966666666666667
2240373,Control,2.9166666666666665
2240779,Test,3.316666666666667
2241165,Test,2.7666666666666666
2241980,Test,1.6166666666666667
2242286,Control,5.266666666666667
2242363,Control,45.03333333333333
2243159,Control,5.616666666666666
2243361,Control,10.766666666666667
2244492,Test,2.95
2244649,Control,6.133333333333334
2244717,Test,0.9666666666666667
2244759,Control,4.866666666666666
2244761,Test,4.9
2245262,Test,9.866666666666667
2245552,Test,2.3333333333333335
2245788,Test,10.983333333333333
2246870,Control,2.683333333333333
2247265,Test,9.383333333333333
2247497,Control,8.916666666666666
2247829,Test,7.483333333333333
2247921,Control,14.866666666666667
2248091,Control,12.2
2249600,Test,5.8
2249641,Control,4.183333333333334
2249663,Test,4.633333333333334
2249993,Control,12.183333333333334
2250020,Test,5.233333333333333
2250111,Control,3.7333333333333334
2250474,Test,9.816666666666666
2250711,Test,2.8333333333333335
2251561,Control,1.5
2252096,Control,2.85
2252602,Test,12.0
2252694,Test,13.816666666666666
2252926,Test,2.8333333333333335
2253226,Test,7.816666666666666
2253299,Test,8.366666666666667
2253625,Test,4.116666666666666
2254043,Control,2.433333333333333
2254581,Test,3.933333333333333
2254754,Control,3.7666666666666666
2254930,Test,3.316666666666667
2254952,Control,2.6
2255127,Test,13.25
2255606,Control,2.283333333333333
2255932,Control,6.0
2255988,Test,4.516666666666667
2256055,Control,2.8833333333333333
2256413,Control,6.5
2256831,Control,1.9666666666666666
2256857,Test,2.066666666666667
2256976,Test,59.03333333333333
2257004,Test,6.65
2257208,Test,5.883333333333334
2257239,Control,10.583333333333334
2257692,Test,1.2666666666666666
2258357,Control,4.583333333333333
2258366,Control,2.0
2259706,Control,15.266666666666667
2260897,Test,9.016666666666667
2261819,Test,1.4666666666666666
2261960,Test,29.583333333333332
2262027,Test,4.033333333333333
2262081,Control,5.666666666666667
2262356,Control,15.1
2262377,Test,2.683333333333333
2262795,Control,2.65
2262841,Test,5.933333333333334
2263285,Test,4.333333333333333
2263474,Control,5.85
2263542,Test,7.283333333333333
2264189,Test,5.816666666666666
2264281,Control,3.6666666666666665
2264903,Test,1.4666666666666666
2264937,Test,4.333333333333333
2266160,Control,1.2833333333333334
2267713,Test,7.116666666666666
2267878,Control,4.266666666666667
2267895,Test,9.766666666666667
2268205,Control,1.45
2268231,Control,5.55
2268258,Test,6.066666666666666
2268780,Control,6.083333333333333
2268955,Control,9.35
2269063,Control,2.8333333333333335
2269341,Test,2.783333333333333
2269601,Control,2.9
2269733,Control,3.4833333333333334
2269867,Control,2.933333333333333
2269974,Test,3.9833333333333334
2270034,Control,4.583333333333333
2270179,Test,2.7333333333333334
2270432,Test,55.86666666666667
2270844,Control,9.183333333333334
2271164,Test,2.6666666666666665
2271187,Test,4.366666666666666
2271229,Test,5.533333333333333
2271391,Test,2.716666666666667
2271678,Test,2.2666666666666666
2271732,Control,4.583333333333333
2272416,Test,2.6666666666666665
2272471,Control,15.55
2273445,Control,11.366666666666667
2273603,Control,5.866666666666666
2274274,Test,6.616666666666666
2274475,Control,5.15
2274489,Test,1.7666666666666666
2274658,Control,4.133333333333334
2274696,Control,7.883333333333334
2275076,Test,1.9
2275192,Control,9.75
2275495,Test,7.466666666666667
2275531,Test,1.7666666666666666
2275598,Control,8.85
2276002,Test,10.833333333333334
2276090,Control,3.966666666666667
2276437,Control,3.9166666666666665
2276756,Test,3.0833333333333335
2276803,Control,2.183333333333333
2276962,Test,3.8
2277142,Control,13.566666666666666
2277300,Test,15.45
2277404,Control,2.816666666666667
2277480,Test,3.3833333333333333
2277821,Control,0.7666666666666667
2278258,Test,2.216666666666667
2278314,Test,2.183333333333333
2278325,Test,2.1166666666666667
2278337,Control,3.466666666666667
2278584,Control,2.05
2278737,Test,1.4666666666666666
2278798,Control,6.5
2279041,Test,4.516666666666667
2279186,Control,1.0333333333333334
2279817,Control,1.9333333333333333
2280022,Test,2.15
2280450,Control,5.333333333333333
2280509,Test,9.666666666666666
2280700,Control,3.7333333333333334
2280839,Test,9.716666666666667
2280908,Test,5.9
2280986,Test,4.783333333333333
2281012,Control,19.283333333333335
2281740,Test,9.466666666666667
2282258,Test,7.183333333333334
2282338,Test,6.316666666666666
2282363,Test,4.933333333333334
2282626,Control,5.033333333333333
2282698,Test,2.15
2282707,Control,3.2333333333333334
2282781,Test,1.4
2283351,Control,132.45
2284215,Control,8.533333333333333
2284833,Test,8.6
2284868,Control,1.0833333333333333
2285228,Test,3.683333333333333
2285493,Control,12.416666666666666
2285610,Control,7.6
2286415,Test,18.35
2286444,Control,5.966666666666667
2286579,Test,2.4
2286665,Test,3.6333333333333333
2286758,Test,3.5166666666666666
2286797,Test,2.5833333333333335
2287420,Control,14.133333333333333
2287464,Test,4.333333333333333
2287580,Control,4.166666666666667
2288009,Test,2.8666666666666667
2288164,Control,8.55
2288204,Control,4.65
2288541,Control,3.8833333333333333
2288638,Control,8.066666666666666
2288746,Test,3.8833333333333333
2288933,Test,4.1
2289242,Control,3.4
2289261,Test,1.35
2289694,Test,1.95
2289937,Control,6.7
2290080,Control,3.45
2290198,Control,4.15
2290543,Control,5.616666666666666
2290934,Test,2.6166666666666667
2291067,Test,4.816666666666666
2291168,Test,3.5833333333333335
2291408,Test,5.45
2291432,Control,4.583333333333333
2291551,Test,2.1166666666666667
2291589,Test,5.916666666666667
2291630,Test,6.533333333333333
2291989,Test,5.966666666666667
2292333,Control,13.766666666666667
2292643,Test,4.6
2292757,Test,8.166666666666666
2293046,Control,2.7333333333333334
2293275,Control,15.3
2293850,Test,1.9333333333333333
2293999,Control,3.75
2294048,Control,5.683333333333334
2294133,Control,5.233333333333333
2294786,Control,8.166666666666666
2295862,Test,2.55
2295997,Control,6.983333333333333
2296131,Control,13.166666666666666
2296209,Test,23.15
2297194,Test,7.633333333333334
2297514,Control,15.316666666666666
2297521,Control,3.283333333333333
2297738,Control,2.933333333333333
2298096,Control,8.0
2298414,Test,13.0
2298936,Control,2.066666666666667
2299456,Control,5.133333333333334
2300570,Control,42.9
2300964,Control,6.083333333333333
2301536,Test,18.566666666666666
2301667,Test,3.7
2301692,Control,0.9666666666666667
2302138,Test,3.066666666666667
2302866,Control,4.9
2302930,Test,2.2
2304137,Test,8.25
2304816,Test,3.1666666666666665
2304905,Control,4.916666666666667
2304952,Test,4.85
2305223,Control,4.083333333333333
2305252,Control,2.25
2305789,Control,3.95
2305813,Control,4.616666666666666
2306046,Test,4.433333333333334
2306578,Test,4.85
2306958,Control,3.9166666666666665
2307094,Test,6.55
2307211,Control,1.8
2307904,Control,7.266666666666667
2308460,Test,3.35
2308847,Control,1.2333333333333334
2309007,Control,2.1
2309367,Test,3.8666666666666667
2310251,Test,1.25
2310542,Test,2.15
2311246,Control,7.366666666666666
2311252,Control,4.716666666666667
2311400,Test,4.783333333333333
2311614,Control,5.866666666666666
2311816,Control,9.416666666666666
2312949,Control,2.7333333333333334
2313249,Test,5.05
2313272,Test,25.65
2313292,Test,23.533333333333335
2313632,Test,9.083333333333334
2313651,Test,2.85
2313692,Test,2.466666666666667
2313780,Test,2.1666666666666665
2313865,Test,8.9
2314798,Control,2.2666666666666666
2314843,Test,16.783333333333335
2315091,Control,1.8166666666666667
2315149,Test,3.0166666666666666
2316460,Control,6.333333333333333
2316975,Test,6.9
2317232,Test,4.85
2317698,Test,6.033333333333333
2317941,Test,9.2
2318298,Control,3.65
2318565,Test,2.033333333333333
2319061,Test,7.5
2319496,Test,2.75
2319604,Control,1.0833333333333333
2319928,Test,6.816666666666666
2320664,Control,7.416666666666667
2320677,Test,6.716666666666667
2320742,Control,1.9166666666666667
2321427,Control,2.566666666666667
2321875,Test,2.9166666666666665
2322348,Control,10.75
2322507,Test,3.85
2322551,Test,2.6166666666666667
2323288,Control,1.5666666666666667
2323408,Test,8.866666666666667
2324576,Test,3.35
2324718,Test,3.566666666666667
2325224,Control,4.466666666666667
2325282,Control,10.15
2326112,Test,1.3
2326659,Test,5.65
2326972,Test,6.466666666666667
2327007,Control,43.36666666666667
2327485,Test,10.0
2328158,Control,8.766666666666667
2328167,Test,2.466666666666667
2328234,Test,6.466666666666667
2328287,Control,6.283333333333333
2328452,Control,1.5333333333333334
2328592,Control,2.566666666666667
2329384,Test,4.2
2329513,Control,2.033333333333333
2330017,Test,4.55
2330172,Test,4.216666666666667
2330451,Control,2.3
2331081,Test,2.2333333333333334
2331309,Control,1.9333333333333333
2331608,Control,5.35
2331613,Control,8.933333333333334
2331726,Test,1.6333333333333333
2331782,Control,8.983333333333333
2332122,Control,3.8
2332428,Test,2.2666666666666666
2333006,Control,5.066666666666666
2333118,Test,9.016666666666667
2333169,Control,5.533333333333333
2333786,Test,5.883333333333334
2334881,Control,3.1
2334903,Test,2.4833333333333334
2335093,Test,4.233333333333333
2335590,Test,4.983333333333333
2335724,Test,22.383333333333333
2335870,Test,2.1333333333333333
2336104,Control,1.9666666666666666
2336280,Test,10.65
2336436,Test,2.966666666666667
2336764,Control,7.916666666666667
2336769,Control,2.5166666666666666
2336869,Control,4.516666666666667
2337117,Test,1.4
2337162,Control,2.1166666666666667
2337168,Control,6.65
2337192,Test,3.4166666666666665
2337547,Test,5.25
2337961,Control,2.2333333333333334
2338296,Control,10.816666666666666
2338344,Test,4.883333333333334
2338427,Control,3.95
2339126,Control,2.3833333333333333
2339127,Control,1.8166666666666667
2339876,Test,2.1
2340487,Test,3.933333333333333
2340830,Test,76.46666666666667
2341060,Test,8.116666666666667
2341202,Control,15.016666666666667
2341335,Test,6.5
2341480,Control,4.7
2341832,Test,3.05
2342369,Test,3.2333333333333334
2342766,Test,5.266666666666667
2342940,Test,4.95
2343199,Control,1.9833333333333334
2343322,Control,2.6
2343430,Test,1.6666666666666667
2343695,Test,10.766666666666667
2343902,Test,4.583333333333333
2345159,Control,2.65
2345989,Test,2.35
2346012,Control,4.233333333333333
2346401,Control,7.133333333333334
2346504,Control,5.783333333333333
2346575,Test,7.55
2346576,Control,5.65
2346755,Test,1.55
2346767,Control,5.95
2346934,Test,4.033333333333333
2346970,Control,4.583333333333333
2347026,Test,2.533333333333333
2347179,Test,1.55
2348515,Test,6.9
2348609,Test,5.516666666666667
2348840,Control,3.6
2349303,Control,11.433333333333334
2349326,Test,6.333333333333333
2349521,Test,3.066666666666667
2351400,Test,5.466666666666667
2351870,Test,11.783333333333333
2352141,Test,1.6666666666666667
2352309,Test,7.016666666666667
2352363,Test,2.25
2352899,Test,3.0
2353193,Control,4.5
2353442,Test,2.8
2353480,Control,1.15
2353550,Control,5.083333333333333
2353620,Test,4.466666666666667
2354204,Test,6.866666666666666
2354227,Test,5.216666666666667
2354284,Test,4.666666666666667
2354414,Test,2.216666666666667
2354722,Test,8.0
2355414,Control,1.0666666666666667
2355590,Control,8.883333333333333
2355748,Control,3.816666666666667
2356445,Test,4.466666666666667
2357486,Test,7.233333333333333
2357490,Control,8.583333333333334
2357832,Control,3.4
2359034,Control,1.7666666666666666
2359280,Test,3.6166666666666667
2359427,Test,3.683333333333333
2359936,Test,3.533333333333333
2360447,Control,10.1
2360532,Control,2.2333333333333334
2361758,Control,3.1
2361790,Test,2.316666666666667
2362248,Test,3.4
2362808,Test,11.25
2362826,Test,2.8833333333333333
2363091,Test,0.75
2363257,Control,4.433333333333334
2363701,Control,3.0166666666666666
2363857,Control,3.15
2364116,Test,4.783333333333333
2364227,Control,15.983333333333333
2365020,Test,4.466666666666667
2365190,Test,5.65
2365265,Test,1.8166666666666667
2365348,Control,3.2666666666666666
2365440,Test,3.95
2365737,Test,11.233333333333333
2365879,Control,7.4
2366018,Control,2.1
2366940,Test,3.5833333333333335
2367065,Control,5.0
2367084,Control,2.933333333333333
2367184,Control,9.25
2367390,Test,1.9833333333333334
2367706,Control,2.6166666666666667
2367906,Control,6.166666666666667
2368030,Test,3.55
2368093,Control,2.3333333333333335
2368241,Test,8.8
2368293,Test,4.183333333333334
2368401,Control,3.0166666666666666
2368419,Test,4.133333333333334
2368690,Test,19.366666666666667
2368987,Control,43.46666666666667
2369775,Test,0.8166666666666667
2369934,Test,1.9166666666666667
2370158,Test,2.683333333333333
2370481,Control,1.8333333333333333
2371126,Control,7.783333333333333
2371270,Test,2.1666666666666665
2371463,Test,3.4833333333333334
2371536,Control,3.8666666666666667
2371545,Control,11.733333333333333
2373790,Test,3.433333333333333
2374507,Test,4.233333333333333
2374902,Control,5.933333333333334
2375127,Test,5.083333333333333
2375918,Test,7.533333333333333
2376070,Control,4.483333333333333
2376321,Test,2.15
2376344,Test,24.783333333333335
2376452,Test,7.166666666666667
2376486,Test,3.0166666666666666
2376505,Control,12.6
2377028,Control,9.566666666666666
2377064,Test,1.6666666666666667
2377314,Control,2.8333333333333335
2377937,Control,2.8333333333333335
2378341,Control,4.0
2378565,Test,2.466666666666667
2378794,Control,16.6
2379374,Test,4.266666666666667
2379592,Test,7.483333333333333
2379890,Control,1.9666666666666666
2380023,Test,5.283333333333333
2380077,Control,3.15
2380192,Control,12.533333333333333
2380463,Control,5.433333333333334
2380669,Test,4.233333333333333
2381834,Control,1.3666666666666667
2382696,Test,5.533333333333333
2383076,Test,2.1333333333333333
2383258,Control,0.7833333333333333
2383421,Test,2.2
2383774,Control,7.183333333333334
2383926,Test,1.4
2384121,Control,3.6
2384259,Control,12.733333333333333
2384314,Control,5.483333333333333
2385262,Control,28.733333333333334
2385269,Test,2.316666666666667
2385832,Test,1.6666666666666667
2386069,Test,66.48333333333333
2386141,Control,4.55
2386323,Test,4.05
2386780,Control,5.4
2386890,Control,17.35
2387654,Test,1.6833333333333333
2388317,Test,1.7166666666666666
2388335,Test,3.4166666666666665
2388642,Test,1.9666666666666666
2389741,Test,5.9
2389810,Control,5.066666666666666
2389989,Control,6.316666666666666
2390274,Test,4.55
2390279,Test,2.7666666666666666
2390391,Test,2.716666666666667
2390984,Test,5.5
2391727,Control,3.65
2391782,Control,3.05
2391803,Test,3.85
2392260,Test,1.9
2392397,Control,12.95
2393271,Test,2.533333333333333
2393856,Control,5.316666666666666
2394796,Control,3.4
2395006,Control,4.633333333333334
2395301,Control,3.1333333333333333
2395828,Control,8.916666666666666
2395949,Test,2.05
2396007,Control,2.2666666666666666
2396230,Test,20.15
2396331,Test,9.15
2396499,Control,5.7
2396722,Test,4.016666666666667
2396836,Test,1.9833333333333334
2397050,Test,1.6833333333333333
2397115,Control,1.4333333333333333
2397151,Test,4.55
2397250,Test,10.716666666666667
2397739,Test,8.0
2397900,Control,17.033333333333335
2398023,Control,6.283333333333333
2398138,Test,2.25
2398801,Control,1.2833333333333334
2399201,Control,4.383333333333334
2399324,Test,2.7666666666666666
2400004,Control,21.083333333333332
2400035,Test,19.733333333333334
2400763,Control,5.95
2400777,Test,4.15
2400957,Test,7.133333333333334
2401634,Test,9.95
2401912,Test,3.95
2402214,Test,3.8333333333333335
2402627,Control,1.3666666666666667
2402695,Test,8.116666666666667
2402724,Control,8.783333333333333
2402747,Control,4.116666666666666
2402872,Control,5.783333333333333
2404401,Control,3.25
2404609,Test,2.3666666666666667
2405156,Control,3.1166666666666667
2405207,Test,3.066666666666667
2405235,Control,4.15
2405238,Test,5.166666666666667
2405811,Test,2.0833333333333335
2406021,Control,8.416666666666666
2406034,Control,2.433333333333333
2406074,Control,27.566666666666666
2406154,Test,5.033333333333333
2408060,Control,3.3
2408598,Test,22.966666666666665
2408633,Test,5.066666666666666
2408649,Control,9.183333333333334
2408776,Test,4.666666666666667
2408816,Control,6.516666666666667
2408879,Test,10.8
2408953,Control,3.0833333333333335
2409622,Control,3.1666666666666665
2411415,Control,2.0166666666666666
2411512,Test,2.25
2411588,Test,3.4166666666666665
2411890,Control,1.1333333333333333
2412181,Test,6.466666666666667
2412538,Test,1.65
2413002,Test,1.7
2413226,Test,4.7
2413409,Control,21.633333333333333
2413454,Test,1.6166666666666667
2413649,Control,5.166666666666667
2414260,Control,14.433333333333334
2414359,Control,2.183333333333333
2414386,Control,3.3666666666666667
2414527,Control,13.933333333333334
2414662,Test,4.583333333333333
2415000,Test,9.416666666666666
2415092,Control,64.85
2415149,Test,4.0
2415180,Test,1.65
2415294,Test,6.233333333333333
2416805,Control,17.783333333333335
2417189,Test,41.6
2417286,Test,3.066666666666667
2417330,Control,12.066666666666666
2417474,Test,15.5
2417501,Control,17.4
2417819,Control,6.9
2417924,Test,4.416666666666667
2418324,Test,12.283333333333333
2418775,Test,6.75
2418795,Control,3.183333333333333
2419034,Test,4.816666666666666
2419293,Control,2.5833333333333335
2420607,Test,2.65
2420923,Test,2.683333333333333
2421681,Control,1.75
2422177,Control,3.9833333333333334
2422256,Control,6.233333333333333
2422435,Test,8.7
2422500,Test,1.3666666666666667
2423061,Control,4.633333333333334
2423250,Control,3.716666666666667
2423443,Control,6.616666666666666
2423591,Control,3.5833333333333335
2424231,Control,2.0833333333333335
2424440,Control,5.433333333333334
2424817,Test,3.566666666666667
2424864,Test,1.8333333333333333
2424965,Control,3.683333333333333
2425225,Test,3.95
2426068,Test,2.2333333333333334
2426670,Test,1.8833333333333333
2427048,Control,2.15
2427319,Control,1.6333333333333333
2427579,Test,5.45
2427690,Control,2.55
2428552,Control,4.783333333333333
2428657,Control,3.5833333333333335
2428939,Control,3.95
2429252,Control,13.5
2430937,Test,7.05
2431679,Control,3.85
2431736,Test,3.6333333333333333
2432176,Test,3.85
2432412,Test,3.433333333333333
2432802,Test,6.566666666666666
2432885,Control,3.2333333333333334
2433237,Control,2.033333333333333
2433455,Test,17.65
2433851,Control,11.716666666666667
2434043,Test,1.9
2434281,Control,2.2333333333333334
2434428,Test,12.033333333333333
2434945,Test,2.05
2435403,Test,1.2666666666666666
2435494,Control,16.216666666666665
2435547,Test,8.833333333333334
2435836,Control,4.016666666666667
2435906,Control,6.366666666666666
2436105,Test,3.7666666666666666
2436306,Test,7.766666666666667
2436415,Control,5.683333333333334
2436537,Test,1.4333333333333333
2437348,Test,17.383333333333333
2437413,Test,5.8
2437429,Control,1.7833333333333334
2437471,Control,4.283333333333333
2437813,Test,1.3166666666666667
2438098,Test,3.933333333333333
2438516,Control,3.45
2438878,Control,1.8333333333333333
2439038,Test,6.383333333333334
2439144,Test,4.216666666666667
2439795,Test,6.583333333333333
2439811,Test,10.4
2440061,Control,4.033333333333333
2440161,Test,2.3666666666666667
2440403,Test,3.1333333333333333
2440502,Control,5.516666666666667
2441483,Control,4.016666666666667
2442261,Test,2.35
2442831,Test,2.5
2442931,Control,16.733333333333334
2443089,Test,1.8666666666666667
2443297,Test,2.4833333333333334
2443596,Control,5.2
2443802,Test,3.433333333333333
2443994,Test,1.0833333333333333
2443997,Control,19.883333333333333
2444673,Control,3.6
2444815,Test,3.8
2444894,Control,2.7666666666666666
2445043,Control,47.583333333333336
2445077,Test,8.816666666666666
2445093,Test,6.383333333333334
2446022,Control,2.533333333333333
2446381,Control,5.566666666666666
2447231,Test,7.916666666666667
2447244,Test,1.7166666666666666
2448065,Test,6.566666666666666
2448594,Test,5.366666666666666
2448787,Control,3.0
2448867,Test,4.733333333333333
2448910,Test,5.75
2448942,Test,10.783333333333333
2448965,Test,6.65
2448970,Control,4.233333333333333
2449601,Control,17.8
2449759,Test,2.683333333333333
2449889,Test,2.183333333333333
2450057,Test,12.266666666666667
2450230,Control,10.3
2450413,Control,6.55
2451074,Control,6.766666666666667
2451760,Test,8.15
2451899,Control,2.8
2452053,Test,4.516666666666667
2452877,Test,2.466666666666667
2453264,Control,6.833333333333333
2453740,Control,3.2333333333333334
2454337,Test,1.7
2454453,Control,4.066666666666666
2454606,Test,4.516666666666667
2454757,Control,8.666666666666666
2455070,Test,10.2
2456180,Test,1.4833333333333334
2456244,Control,3.183333333333333
2456295,Test,1.05
2456828,Control,3.216666666666667
2456909,Test,2.033333333333333
2457672,Control,3.9833333333333334
2457788,Test,3.466666666666667
2457806,Control,2.7
2458102,Control,1.7166666666666666
2458407,Test,18.016666666666666
2458866,Test,7.716666666666667
2458943,Control,3.9166666666666665
2459082,Control,3.933333333333333
2459169,Test,7.216666666666667
2459355,Control,5.616666666666666
2460415,Control,10.0
2460459,Test,30.883333333333333
2460796,Test,2.283333333333333
2460890,Control,1.25
2460940,Test,3.216666666666667
2460950,Test,6.233333333333333
2461471,Control,5.4
2461921,Test,3.9
2462140,Control,3.466666666666667
2462823,Control,3.5166666666666666
2462987,Test,6.333333333333333
2463388,Test,3.933333333333333
2463601,Control,9.216666666666667
2463820,Test,4.25
2463844,Test,3.0166666666666666
2464747,Test,1.7333333333333334
2464755,Control,3.433333333333333
2464889,Test,1.1833333333333333
2465098,Test,5.95
2465119,Control,3.8333333333333335
2465241,Control,11.25
2465348,Test,2.283333333333333
2465500,Test,1.3166666666666667
2465653,Control,12.55
2465843,Control,7.1
2466037,Test,2.15
2466307,Control,4.516666666666667
2466669,Control,1.65
2467238,Control,16.033333333333335
2467383,Test,2.3833333333333333
2467505,Test,4.95
2467879,Test,4.433333333333334
2467952,Control,2.3833333333333333
2468473,Control,4.55
2468846,Control,6.85
2469228,Test,18.15
2469240,Control,1.7333333333333334
2469563,Test,2.2333333333333334
2470571,Control,3.85
2471025,Test,3.0
2471147,Control,6.083333333333333
2471812,Test,3.4
2472637,Test,9.3
2472691,Control,4.55
2473261,Control,4.383333333333334
2473387,Test,7.933333333333334
2473466,Control,8.733333333333333
2473930,Test,2.0166666666666666
2474224,Test,3.966666666666667
2474358,Control,8.183333333333334
2474749,Control,1.3166666666666667
2475212,Control,5.666666666666667
2475425,Test,2.033333333333333
2475916,Control,31.216666666666665
2476053,Control,3.966666666666667
2476202,Control,4.666666666666667
2476272,Control,2.05
2476589,Control,4.183333333333334
2477472,Test,2.7666666666666666
2477779,Control,4.866666666666666
2477796,Test,14.683333333333334
2477801,Test,2.2666666666666666
2478030,Test,14.033333333333333
2478101,Control,7.633333333333334
2478508,Control,6.283333333333333
2478585,Test,12.416666666666666
2478628,Test,3.0
2478632,Control,8.733333333333333
2478742,Control,2.9
2479001,Test,4.183333333333334
2479632,Control,11.566666666666666
2479825,Test,8.783333333333333
2479866,Test,1.4333333333333333
2480352,Test,5.6
2480469,Control,7.216666666666667
2480762,Test,3.0833333333333335
2481278,Test,2.5166666666666666
2482142,Control,1.5
2482224,Control,4.633333333333334
2482270,Control,3.2333333333333334
2482954,Test,11.566666666666666
2483117,Test,5.716666666666667
2483614,Control,12.816666666666666
2483642,Control,19.916666666666668
2483737,Test,4.366666666666666
2483751,Test,1.1833333333333333
2484038,Test,6.366666666666666
2484214,Test,5.2
2485024,Control,3.2666666666666666
2485121,Test,21.7
2485176,Test,8.7
2485231,Control,14.85
2486509,Control,16.8
2487043,Control,5.316666666666666
2487224,Control,1.8666666666666667
2487330,Test,7.633333333333334
2487900,Test,7.383333333333334
2487945,Control,2.1666666666666665
2487977,Test,5.783333333333333
2488007,Control,3.05
2488155,Control,4.966666666666667
2488210,Test,2.8833333333333333
2488896,Test,13.116666666666667
2489153,Control,2.25
2489233,Control,5.833333333333333
2489713,Control,18.75
2489943,Control,11.7
2491135,Test,0.85
2491171,Control,30.433333333333334
2491574,Test,10.533333333333333
2492084,Control,20.883333333333333
2492103,Test,19.05
2492406,Test,5.25
2492506,Test,5.733333333333333
2493468,Test,2.9166666666666665
2493537,Test,1.6
2494024,Control,2.25
2494470,Control,16.95
2494635,Test,9.916666666666666
2495009,Control,1.8333333333333333
2495018,Control,8.216666666666667
2495100,Test,12.183333333333334
2495175,Test,2.45
2495191,Control,4.133333333333334
2495460,Control,9.916666666666666
2495471,Control,5.55
2495855,Control,9.1
2496332,Test,11.883333333333333
2496690,Test,2.75
2496814,Control,3.5
2497100,Test,11.283333333333333
2497235,Control,5.383333333333334
2497267,Test,3.566666666666667
2497279,Test,3.6333333333333333
2497451,Control,3.6333333333333333
2497622,Control,3.35
2498134,Test,1.0
2498729,Control,4.8
2499274,Test,1.5
2500352,Control,3.15
2500591,Control,5.3
2500988,Test,7.233333333333333
2501151,Test,1.9833333333333334
2501329,Test,5.15
2502350,Test,5.333333333333333
2502567,Control,4.6
2503558,Test,2.8833333333333333
2503728,Test,7.616666666666666
2503853,Test,3.533333333333333
2503988,Control,9.433333333333334
2504073,Control,3.55
2506130,Test,3.816666666666667
2506346,Control,3.45
2506665,Control,6.116666666666666
2506696,Control,3.15
2507080,Control,2.45
2507991,Test,4.083333333333333
2508004,Test,2.65
2508150,Control,2.716666666666667
2508266,Control,4.833333333333333
2508453,Test,13.366666666666667
2508516,Test,14.75
2509466,Test,1.4
2509687,Test,2.433333333333333
2509777,Control,4.75
2510328,Test,5.616666666666666
2510638,Test,7.7
2511331,Control,6.416666666666667
2511849,Control,16.7
2512034,Control,4.966666666666667
2512075,Control,7.616666666666666
2512607,Control,5.45
2512762,Test,23.666666666666668
2513132,Control,4.533333333333333
2513163,Test,52.3
2513729,Control,5.1
2514143,Control,3.216666666666667
2514528,Test,1.65
2515293,Test,12.216666666666667
2515513,Control,4.15
2515588,Test,7.316666666666666
2515743,Control,6.466666666666667
2516332,Test,6.933333333333334
2516570,Test,3.1
2517014,Test,9.666666666666666
2517380,Test,23.216666666666665
2517465,Test,3.2666666666666666
2517871,Control,28.983333333333334
2518101,Control,6.016666666666667
2518624,Test,3.066666666666667
2518709,Test,2.6166666666666667
2518909,Test,26.183333333333334
2519037,Test,33.3
2519119,Test,6.216666666666667
2519329,Control,8.85
2519728,Test,1.4666666666666666
2521236,Test,8.55
2521253,Test,13.266666666666667
2521514,Test,10.183333333333334
2522259,Control,3.4833333333333334
2522435,Test,3.4833333333333334
2522628,Control,2.6666666666666665
2523295,Control,3.066666666666667
2523775,Control,2.6166666666666667
2524317,Test,8.983333333333333
2524763,Test,1.5333333333333334
2524845,Control,6.166666666666667
2524954,Control,5.25
2525157,Control,1.6666666666666667
2525193,Test,2.6666666666666665
2525328,Test,3.8666666666666667
2525382,Test,6.816666666666666
2525455,Control,10.366666666666667
2525521,Control,17.483333333333334
2525626,Test,6.066666666666666
2525636,Test,3.783333333333333
2525972,Test,6.55
2526016,Test,5.616666666666666
2526374,Control,4.5
2527405,Test,3.716666666666667
2527557,Test,3.1333333333333333
2528365,Test,5.866666666666666
2528613,Test,2.45
2528628,Control,2.35
2528961,Test,4.833333333333333
2529019,Control,3.566666666666667
2529465,Test,2.9166666666666665
2529548,Control,5.05
2529590,Control,4.516666666666667
2529743,Test,13.466666666666667
2529822,Test,4.95
2530226,Test,2.6333333333333333
2530984,Test,1.7666666666666666
2531408,Control,8.466666666666667
2531581,Control,1.3166666666666667
2531827,Test,2.7666666666666666
2532662,Control,2.316666666666667
2532676,Control,8.5
2532775,Test,6.716666666666667
2532897,Test,24.766666666666666
2532966,Control,1.7833333333333334
2533218,Control,11.75
2533757,Control,9.3
2533841,Control,2.0
2534280,Test,4.65
2534438,Test,5.866666666666666
2535055,Test,2.4833333333333334
2536110,Control,1.6
2536817,Test,4.483333333333333
2536995,Test,1.4833333333333334
2537139,Control,3.2
2537621,Control,4.466666666666667
2537848,Test,1.8666666666666667
2538398,Control,1.7
2538680,Test,2.933333333333333
2539571,Control,3.6333333333333333
2539742,Test,14.183333333333334
2540049,Test,1.95
2540158,Test,2.5833333333333335
2540907,Test,2.2333333333333334
2540930,Test,2.433333333333333
2541695,Test,2.6166666666666667
2542139,Control,2.283333333333333
2543327,Test,3.566666666666667
2544329,Test,4.266666666666667
2544481,Test,27.283333333333335
2544704,Test,1.4666666666666666
2544793,Test,2.5
2545515,Test,1.9333333333333333
2545621,Control,3.7
2545668,Control,1.4666666666666666
2546247,Control,1.3833333333333333
2547733,Control,5.683333333333334
2547961,Test,2.9
2547974,Test,6.55
2548477,Test,19.783333333333335
2549008,Test,4.35
2549128,Control,6.083333333333333
2549185,Test,8.733333333333333
2549206,Control,2.6166666666666667
2549650,Test,2.9
2549932,Test,2.966666666666667
2550027,Control,1.9
2550100,Control,6.083333333333333
2550129,Test,3.95
2550598,Control,3.816666666666667
2551192,Control,11.15
2551688,Test,1.8666666666666667
2551891,Test,2.3333333333333335
2552287,Control,4.433333333333334
2552663,Control,2.6333333333333333
2552887,Control,15.85
2553168,Control,7.783333333333333
2553353,Control,7.4
2553718,Test,2.3
2554820,Control,3.3
2555200,Control,3.0166666666666666
2555492,Control,8.6
2555657,Test,7.15
2556258,Control,4.45
2556428,Test,6.0
2556751,Test,4.516666666666667
2556887,Control,2.433333333333333
2557009,Control,1.6
2557122,Test,6.133333333333334
2557654,Control,2.566666666666667
2558586,Test,5.05
2558937,Control,3.4166666666666665
2559205,Test,10.166666666666666
2559250,Test,3.3833333333333333
2559536,Test,7.1
2559643,Control,2.0
2560230,Test,5.483333333333333
2560272,Test,17.9
2560331,Control,4.316666666666666
2560413,Test,3.8833333333333333
2560691,Test,8.683333333333334
2560718,Control,4.566666666666666
2560783,Test,6.8
2561603,Control,13.233333333333333
2561640,Test,1.6666666666666667
2561809,Test,4.433333333333334
2561883,Test,24.883333333333333
2562491,Test,4.8
2562836,Test,5.033333333333333
2563119,Control,5.183333333333334
2563475,Test,2.716666666666667
2563749,Control,2.2333333333333334
2563831,Test,3.5
2564246,Control,3.1333333333333333
2564709,Control,5.283333333333333
2565373,Control,11.766666666666667
2565679,Test,6.116666666666666
2566413,Control,6.783333333333333
2566429,Test,2.183333333333333
2566430,Control,8.983333333333333
2566649,Test,8.816666666666666
2567155,Test,2.85
2567267,Test,2.2
2567857,Control,3.183333333333333
2568142,Test,4.5
2568361,Test,7.75
2568838,Test,2.8333333333333335
2570257,Control,2.9
2570342,Control,3.033333333333333
2570380,Control,3.35
2571936,Control,3.1166666666666667
2571952,Control,6.683333333333334
2572100,Test,0.9833333333333333
2572316,Test,1.7333333333333334
2573092,Test,2.7333333333333334
2573760,Test,5.883333333333334
2573774,Control,3.55
2573953,Test,1.8166666666666667
2574005,Test,2.7
2574463,Test,5.633333333333334
2575201,Test,6.366666666666666
2575333,Test,2.6666666666666665
2575421,Control,2.3833333333333333
2575645,Control,3.8333333333333335
2575869,Control,6.183333333333334
2575906,Test,6.766666666666667
2576241,Control,2.3833333333333333
2576314,Test,5.733333333333333
2576852,Test,1.5
2577121,Control,3.3666666666666667
2577284,Test,2.3333333333333335
2577355,Control,4.9
2577458,Control,2.85
2577696,Test,1.8333333333333333
2577697,Test,6.066666666666666
2578113,Test,19.7
2578361,Control,1.9833333333333334
2578492,Test,10.616666666666667
2579174,Test,15.016666666666667
2579616,Test,1.6333333333333333
2579694,Test,6.55
2579748,Test,4.3
2579776,Test,2.1333333333333333
2580270,Test,1.9833333333333334
2580545,Test,2.933333333333333
2581399,Control,3.8666666666666667
2581786,Control,8.383333333333333
2581969,Control,2.6333333333333333
2582298,Control,2.55
2582611,Test,2.783333333333333
2582689,Control,4.016666666666667
2583349,Control,3.45
2583622,Test,2.933333333333333
2583871,Control,4.116666666666666
2584029,Test,18.283333333333335
2584059,Control,4.25
2584275,Control,4.35
2584295,Test,1.85
2584387,Test,4.433333333333334
2584464,Control,3.933333333333333
2584570,Control,7.7
2584867,Test,4.616666666666666
2585001,Test,3.216666666666667
2585555,Control,21.233333333333334
2585770,Control,1.9833333333333334
2586304,Control,5.566666666666666
2586690,Test,5.716666666666667
2588255,Control,9.4
2588535,Test,5.383333333333334
2589483,Control,2.55
2590485,Test,5.8
2590512,Control,2.966666666666667
2590530,Test,4.366666666666666
2590779,Control,1.7
2591463,Control,2.533333333333333
2591793,Test,1.45
2592191,Test,1.5166666666666666
2592273,Control,8.516666666666667
2592502,Control,3.4
2592885,Test,50.6
2593251,Control,2.283333333333333
2593346,Test,2.4166666666666665
2593397,Test,1.6666666666666667
2593399,Test,2.15
2593577,Control,2.8
2593741,Test,3.466666666666667
2594063,Test,2.65
2594508,Test,3.033333333333333
2594534,Test,2.1166666666666667
2594560,Test,8.533333333333333
2594614,Test,4.783333333333333
2594659,Control,2.8833333333333333
2594883,Test,2.283333333333333
2595098,Control,2.6333333333333333
2595115,Control,13.333333333333334
2595560,Control,1.35
2595947,Test,1.5666666666666667
2596077,Test,2.933333333333333
2596274,Test,1.5833333333333333
2596526,Test,3.283333333333333
2596734,Control,3.566666666666667
2597191,Test,2.3666666666666667
2597661,Test,1.1666666666666667
2598263,Test,3.6333333333333333
2598411,Control,6.05
2598437,Test,1.9166666666666667
2599021,Test,5.15
2599050,Test,11.866666666666667
2599060,Test,2.1
2599844,Control,4.983333333333333
2600074,Control,4.083333333333333
2600705,Control,3.2
2600734,Test,3.6333333333333333
2600988,Control,5.366666666666666
2601028,Control,4.283333333333333
2601202,Control,3.95
2601296,Test,5.433333333333334
2601341,Test,2.3833333333333333
2601570,Test,4.516666666666667
2601807,Test,5.766666666666667
2602009,Test,24.183333333333334
2602692,Control,2.1
2603190,Control,11.683333333333334
2603199,Test,2.45
2603992,Control,3.3333333333333335
2604064,Control,3.4
2604445,Control,11.05
2604544,Control,10.55
2604894,Test,1.4
2605179,Control,33.86666666666667
2605357,Test,2.966666666666667
2605545,Control,17.433333333333334
2605871,Test,2.966666666666667
2606054,Test,2.7
2606074,Control,5.933333333333334
2606324,Control,2.7
2606655,Control,16.116666666666667
2606880,Test,5.183333333333334
2607463,Test,3.066666666666667
2607873,Control,2.816666666666667
2608015,Test,4.816666666666666
2608135,Test,1.8166666666666667
2608155,Test,11.483333333333333
2608649,Test,44.65
2609315,Test,13.566666666666666
2609515,Test,1.2166666666666666
2609599,Control,1.7333333333333334
2609914,Test,9.6
2610198,Control,8.55
2610417,Control,3.75
2610631,Test,25.2
2611548,Control,4.1
2611614,Control,10.1
2612292,Test,2.566666666666667
2612320,Test,12.083333333333334
2612667,Test,3.7
2612784,Test,9.416666666666666
2612792,Test,7.583333333333333
2612801,Test,2.2333333333333334
2612987,Test,7.9
2614146,Control,3.8666666666666667
2614184,Test,2.5
2614394,Test,2.933333333333333
2614999,Control,5.866666666666666
2615052,Test,2.3833333333333333
2615146,Control,1.4
2615297,Control,3.3833333333333333
2615550,Test,3.433333333333333
2615801,Test,2.9166666666666665
2615994,Test,1.7833333333333334
2616515,Control,11.316666666666666
2616521,Control,8.8
2616524,Test,4.516666666666667
2616790,Test,22.183333333333334
2617114,Control,7.883333333333334
2618189,Test,3.966666666666667
2618496,Control,2.65
2618987,Test,2.3833333333333333
2619189,Test,1.3333333333333333
2619494,Control,11.183333333333334
2619562,Control,2.0166666666666666
2619690,Control,5.683333333333334
2620402,Test,3.65
2620479,Test,3.5
2620510,Control,1.6
2620961,Test,1.95
2621063,Control,3.2
2621114,Test,1.1
2621516,Control,1.6833333333333333
2621982,Control,5.3
2622312,Control,10.666666666666666
2622340,Test,8.366666666666667
2622480,Test,5.55
2622714,Control,5.183333333333334
2623075,Control,4.016666666666667
2623148,Control,4.233333333333333
2623324,Control,6.966666666666667
2624205,Control,8.316666666666666
2624239,Control,10.75
2624301,Test,5.333333333333333
2625271,Control,4.333333333333333
2626001,Control,2.1666666666666665
2626569,Test,3.3833333333333333
2626703,Test,3.0833333333333335
2627413,Test,8.233333333333333
2628332,Test,3.4166666666666665
2628355,Control,2.9833333333333334
2628742,Test,6.25
2628857,Test,2.7333333333333334
2628956,Test,3.033333333333333
2629010,Control,1.85
2629185,Test,5.7
2629473,Control,14.066666666666666
2629614,Test,2.35
2629733,Control,4.916666666666667
2629856,Control,2.316666666666667
2630172,Test,2.2
2630914,Test,1.7
2631084,Control,15.466666666666667
2631095,Control,2.65
2631511,Test,2.683333333333333
2631761,Test,2.6
2632330,Control,2.5166666666666666
2632937,Test,2.783333333333333
2633282,Test,11.616666666666667
2633455,Test,2.8333333333333335
2633568,Control,4.116666666666666
2634149,Test,1.1333333333333333
2634263,Test,2.183333333333333
2634677,Control,2.066666666666667
2634727,Control,8.05
2634756,Control,4.0
2634860,Test,4.683333333333334
2636116,Test,2.6166666666666667
2636290,Test,7.716666666666667
2636615,Test,4.0
2637047,Test,3.283333333333333
2637557,Test,5.1
2637815,Test,2.466666666666667
2638214,Control,11.816666666666666
2638234,Control,3.2666666666666666
2638326,Control,6.783333333333333
2638464,Test,2.8833333333333333
2638520,Control,14.933333333333334
2638887,Test,1.85
2639557,Control,3.25
2639664,Test,13.583333333333334
2639770,Control,7.533333333333333
2639882,Test,20.933333333333334
2640267,Test,3.8
2640314,Test,4.166666666666667
2640361,Control,8.083333333333334
2641426,Control,1.1166666666666667
2642188,Control,2.45
2642278,Test,2.783333333333333
2642906,Test,3.433333333333333
2643269,Test,29.0
2643562,Test,5.233333333333333
2643833,Control,1.2666666666666666
2644129,Test,11.233333333333333
2644266,Test,6.316666666666666
2644510,Test,12.35
2644621,Control,3.7333333333333334
2644661,Control,4.95
2645335,Control,6.033333333333333
2645531,Control,1.3666666666666667
2645953,Control,6.583333333333333
2645990,Test,3.15
2646807,Test,3.816666666666667
2646813,Control,46.083333333333336
2647193,Test,5.883333333333334
2647562,Test,1.6166666666666667
2647605,Test,3.7666666666666666
2647853,Test,1.2
2648130,Test,6.766666666666667
2648176,Test,4.95
2648419,Control,18.0
2648727,Control,7.383333333333334
2649126,Control,7.416666666666667
2649354,Control,4.7
2649382,Test,6.5
2649386,Test,1.9166666666666667
2650217,Control,31.2
2650327,Control,5.083333333333333
2650434,Test,1.9833333333333334
2651167,Test,3.3
2651306,Test,6.916666666666667
2651390,Test,9.05
2652105,Control,4.85
2652985,Test,2.6333333333333333
2653016,Control,8.6
2653125,Control,6.416666666666667
2653167,Test,20.516666666666666
2653428,Test,4.5
2654002,Control,3.466666666666667
2654776,Control,3.6666666666666665
2654796,Control,3.35
2654807,Control,4.716666666666667
2654891,Control,2.9
2654965,Test,2.65
2655032,Test,2.533333333333333
2655180,Control,4.933333333333334
2655879,Control,15.933333333333334
2656955,Test,4.416666666666667
2657062,Control,0.8
2657642,Test,11.383333333333333
2657876,Test,3.65
2657900,Control,3.1
2658149,Test,1.8666666666666667
2658940,Test,3.3333333333333335
2658964,Control,5.833333333333333
2659072,Test,12.4
2659237,Control,8.1
2659593,Test,1.9666666666666666
2660140,Control,9.533333333333333
2660768,Control,6.016666666666667
2660822,Test,4.783333333333333
2660839,Test,3.75
2660945,Test,2.8
2661111,Control,19.483333333333334
2662438,Control,6.183333333333334
2662902,Test,1.75
2663002,Control,3.9166666666666665
2663352,Test,3.933333333333333
2663673,Test,4.233333333333333
2663697,Control,5.3
2665020,Control,5.466666666666667
2665162,Control,2.3833333333333333
2665926,Control,26.35
2665992,Control,2.716666666666667
2666016,Control,3.0
2666114,Control,7.083333333333333
2666398,Control,2.4833333333333334
2666411,Test,6.566666666666666
2666629,Test,4.166666666666667
2667434,Control,5.166666666666667
2667527,Test,3.6166666666666667
2667550,Test,2.966666666666667
2668008,Control,2.3333333333333335
2668062,Control,5.733333333333333
2668148,Control,4.466666666666667
2668250,Test,4.35
2668666,Test,2.1333333333333333
2669712,Control,4.483333333333333
2669917,Test,1.9
2670282,Test,3.1333333333333333
2671231,Control,1.7666666666666666
2671924,Test,33.55
2671983,Control,3.1166666666666667
2672504,Control,1.8333333333333333
2672778,Test,6.116666666666666
2672962,Test,9.383333333333333
2673006,Test,1.65
2673051,Test,2.533333333333333
2673316,Test,2.1166666666666667
2673699,Control,15.766666666666667
2673789,Test,5.466666666666667
2674184,Test,2.3666666666666667
2674649,Control,5.066666666666666
2674901,Control,4.183333333333334
2675136,Control,8.2
2675470,Test,2.7333333333333334
2675631,Control,13.1
2676107,Test,21.583333333333332
2676477,Test,3.1
2676574,Control,5.866666666666666
2677391,Test,8.95
2677410,Test,2.4166666666666665
2677821,Control,28.716666666666665
2677902,Test,5.766666666666667
2677984,Test,2.65
2678430,Test,20.016666666666666
2678642,Test,1.0833333333333333
2678732,Control,2.7333333333333334
2678865,Control,6.866666666666666
2679453,Control,2.4166666666666665
2679854,Control,8.016666666666667
2679961,Control,1.8666666666666667
2680334,Test,1.9166666666666667
2680464,Control,1.6
2680768,Test,1.7833333333333334
2680789,Test,1.6333333333333333
2681013,Test,2.783333333333333
2681216,Test,2.0833333333333335
2681354,Control,43.016666666666666
2681612,Control,4.933333333333334
2681771,Test,11.083333333333334
2682091,Control,2.4
2683226,Control,10.633333333333333
2683336,Control,4.55
2683922,Test,2.4
2683949,Test,5.966666666666667
2684004,Control,2.9166666666666665
2684020,Test,4.466666666666667
2684246,Control,5.666666666666667
2685475,Test,11.983333333333333
2685663,Test,13.916666666666666
2685804,Control,6.9
2685910,Test,3.3666666666666667
2686458,Test,4.65
2686544,Control,3.85
2686820,Control,1.9666666666666666
2686877,Control,10.75
2687012,Control,11.7
2687189,Test,1.6333333333333333
2687251,Test,0.95
2688057,Control,5.066666666666666
2688470,Control,10.033333333333333
2689307,Test,1.1166666666666667
2689442,Control,3.0833333333333335
2689588,Test,5.416666666666667
2689878,Test,3.6
2689880,Test,1.7333333333333334
2690825,Control,11.966666666666667
2691102,Control,2.683333333333333
2691313,Test,8.683333333333334
2692109,Control,5.9
2692181,Test,3.7
2692189,Control,2.65
2692249,Test,1.5166666666666666
2692743,Test,2.6
2693087,Test,9.133333333333333
2693433,Test,14.966666666666667
2693746,Control,3.533333333333333
2693752,Test,15.85
2694334,Test,39.983333333333334
2694432,Test,6.816666666666666
2694902,Control,4.4
2695351,Test,2.066666666666667
2695688,Control,21.75
2696301,Test,12.4
2696779,Test,12.5
2697037,Test,3.45
2698101,Test,30.4
2698218,Test,1.4166666666666667
2698538,Test,2.45
2698849,Control,11.366666666666667
2699963,Test,1.2333333333333334
2700087,Test,2.466666666666667
2700111,Test,3.466666666666667
2700187,Control,2.7
2700367,Test,3.1
2701538,Control,5.65
2702504,Test,0.7833333333333333
2703317,Test,2.5166666666666666
2703469,Test,22.333333333333332
2704676,Test,4.25
2704747,Control,4.833333333333333
2704884,Control,12.45
2705941,Test,6.2
2706171,Test,30.85
2706190,Control,13.116666666666667
2706512,Control,3.05
2706662,Control,7.233333333333333
2706793,Test,2.783333333333333
2706854,Test,7.25
2707257,Control,2.7333333333333334
2708001,Control,1.1333333333333333
2708318,Test,2.1166666666666667
2708604,Test,16.233333333333334
2708707,Control,6.133333333333334
2708760,Control,1.75
2708787,Test,11.566666666666666
2709011,Test,1.7333333333333334
2709237,Test,25.55
2709282,Test,12.266666666666667
2709693,Control,4.5
2709822,Control,2.566666666666667
2710360,Control,2.3
2710557,Test,2.45
2710593,Test,4.816666666666666
2711017,Test,1.8166666666666667
2711126,Control,7.65
2711563,Test,41.03333333333333
2711963,Test,3.933333333333333
2712496,Control,6.533333333333333
2712519,Control,4.983333333333333
2713154,Control,3.1333333333333333
2713472,Control,27.716666666666665
2714519,Test,3.7666666666666666
2714618,Test,2.033333333333333
2714848,Control,1.65
2714922,Control,1.2166666666666666
2714945,Control,2.3833333333333333
2715028,Test,4.866666666666666
2715696,Control,7.333333333333333
2715707,Control,1.7666666666666666
2716977,Test,3.1166666666666667
2717233,Test,6.45
2717283,Test,1.7
2717408,Test,7.6
2717499,Test,3.966666666666667
2717799,Control,4.416666666666667
2718368,Control,3.1
2718542,Test,2.5166666666666666
2719237,Test,6.616666666666666
2720367,Control,2.6333333333333333
2721185,Test,2.8833333333333333
2721873,Test,9.616666666666667
2721980,Test,1.9
2722728,Test,4.5
2722950,Control,5.133333333333334
2723277,Test,17.1
2723801,Control,5.966666666666667
2724633,Control,3.2333333333333334
2725506,Test,2.183333333333333
2725562,Control,1.9833333333333334
2726231,Control,1.65
2726407,Control,1.45
2726591,Test,3.6666666666666665
2727344,Test,3.9166666666666665
2727403,Control,3.8666666666666667
2727697,Control,15.65
2727819,Test,6.133333333333334
2729240,Test,5.15
2730048,Test,1.7166666666666666
2730316,Control,6.35
2730414,Test,18.9
2731499,Control,2.1
2732545,Test,2.35
2732841,Control,3.933333333333333
2733173,Test,3.716666666666667
2733202,Control,7.766666666666667
2733370,Test,1.8666666666666667
2733707,Control,1.5666666666666667
2733721,Control,2.5
2734031,Test,3.7
2734118,Test,2.816666666666667
2734119,Test,3.316666666666667
2734296,Test,8.1
2734383,Control,2.783333333333333
2734496,Test,1.4166666666666667
2735156,Test,2.6166666666666667
2735247,Control,3.6333333333333333
2735258,Test,5.033333333333333
2735464,Control,1.65
2735478,Control,5.416666666666667
2735635,Test,9.583333333333334
2735984,Control,11.483333333333333
2736143,Control,6.416666666666667
2736294,Test,6.8
2737360,Test,1.1666666666666667
2737884,Test,24.95
2738051,Control,22.683333333333334
2738233,Test,4.183333333333334
2738404,Test,2.8
2738481,Test,23.4
2738595,Control,10.7
2738677,Test,1.2333333333333334
2739005,Test,11.366666666666667
2739169,Test,2.3833333333333333
2740069,Test,4.116666666666666
2740227,Control,4.416666666666667
2740285,Test,4.966666666666667
2741618,Test,3.966666666666667
2741861,Control,7.6
2742781,Test,1.2
2743053,Test,5.7
2743662,Test,3.9
2743993,Test,4.766666666666667
2744178,Control,4.383333333333334
2744682,Control,3.75
2744794,Control,3.2333333333333334
2745495,Test,8.916666666666666
2745600,Test,5.716666666666667
2745626,Test,5.683333333333334
2745943,Test,2.3833333333333333
2746029,Control,3.1333333333333333
2746359,Control,18.516666666666666
2747302,Control,2.65
2747345,Test,3.2666666666666666
2747401,Test,7.366666666666666
2747440,Control,3.4
2747827,Control,10.383333333333333
2748333,Test,2.1166666666666667
2748531,Control,9.266666666666667
2748753,Test,2.25
2748956,Control,1.5333333333333334
2749187,Control,2.683333333333333
2749235,Control,2.283333333333333
2750619,Test,4.383333333333334
2750633,Test,4.116666666666666
2751784,Test,2.2333333333333334
2752022,Control,4.15
2752072,Test,2.716666666666667
2752257,Test,3.3833333333333333
2752261,Test,2.316666666666667
2752791,Test,2.8
2753144,Control,7.4
2753304,Test,2.75
2753459,Test,5.633333333333334
2753644,Test,5.75
2753830,Test,6.9
2753871,Test,2.216666666666667
2753930,Control,4.25
2754248,Test,6.433333333333334
2754521,Test,4.25
2754800,Control,5.633333333333334
2754826,Control,5.883333333333334
2754914,Control,2.7
2754991,Control,3.4166666666666665
2755280,Test,2.966666666666667
2756618,Test,26.3
2757019,Control,2.5166666666666666
2757177,Test,6.616666666666666
2757419,Test,3.85
2758215,Control,10.133333333333333
2758274,Test,3.35
2758391,Control,1.2666666666666666
2758714,Control,7.383333333333334
2759407,Test,2.183333333333333
2760021,Control,3.3
2760289,Test,2.6
2760923,Test,2.3833333333333333
2761743,Control,3.5
2761828,Test,8.966666666666667
2761914,Test,2.6333333333333333
2761960,Test,3.8833333333333333
2762642,Control,1.0833333333333333
2763008,Test,2.45
2763443,Test,4.533333333333333
2763487,Control,8.466666666666667
2763758,Control,5.833333333333333
2763922,Test,3.6333333333333333
2764519,Control,4.65
2764535,Test,3.0833333333333335
2764821,Test,2.1666666666666665
2765161,Control,1.65
2765335,Test,1.7
2765438,Test,8.5
2765586,Test,4.5
2765727,Control,1.55
2767589,Control,4.933333333333334
2767704,Test,7.75
2767738,Test,11.833333333333334
2768437,Test,5.166666666666667
2769154,Test,1.4166666666666667
2769178,Control,5.766666666666667
2769726,Control,6.466666666666667
2769858,Test,32.06666666666667
2770274,Test,6.7
2770626,Test,3.05
2771150,Control,2.5
2771409,Control,3.933333333333333
2771618,Test,84.05
2772297,Test,3.6666666666666665
2772323,Test,8.733333333333333
2772447,Control,3.1333333333333333
2772837,Control,7.666666666666667
2773493,Control,4.416666666666667
2773719,Control,2.8666666666666667
2773934,Control,7.35
2774032,Test,2.2333333333333334
2774078,Test,1.7833333333333334
2774213,Control,4.55
2774365,Control,2.9
2775504,Test,4.133333333333334
2775796,Test,9.4
2775822,Test,3.433333333333333
2775837,Control,14.85
2775873,Test,3.316666666666667
2776088,Test,14.883333333333333
2776894,Control,7.483333333333333
2777290,Test,2.316666666666667
2777442,Test,5.416666666666667
2778117,Test,2.5833333333333335
2778172,Test,3.85
2778415,Control,9.75
2778428,Control,0.9833333333333333
2779383,Control,14.983333333333333
2779552,Test,2.7666666666666666
2779621,Test,4.016666666666667
2780112,Test,1.25
2780782,Control,1.4666666666666666
2781011,Control,8.966666666666667
2781665,Test,3.9
2782008,Control,1.5
2782058,Control,7.15
2782533,Control,2.55
2782815,Control,3.466666666666667
2782863,Control,3.85
2783261,Test,2.2333333333333334
2784264,Test,5.633333333333334
2785030,Test,2.6333333333333333
2785390,Test,8.3
2785779,Control,2.15
2786042,Control,6.616666666666666
2786109,Test,8.783333333333333
2786437,Control,2.8666666666666667
2786535,Test,8.116666666666667
2787049,Control,5.65
2787096,Control,2.4166666666666665
2787270,Control,8.433333333333334
2787388,Control,3.183333333333333
2787668,Test,2.2
2788385,Test,27.05
2789487,Test,1.5666666666666667
2789495,Control,1.4166666666666667
2790108,Test,2.4166666666666665
2790268,Test,2.0833333333333335
2790569,Control,1.7
2790623,Test,3.0
2790712,Control,1.3333333333333333
2790745,Test,0.9166666666666666
2791163,Control,2.5
2791386,Test,1.1666666666666667
2791395,Control,23.866666666666667
2791463,Control,2.533333333333333
2791552,Control,2.2333333333333334
2791732,Control,2.95
2791797,Control,17.233333333333334
2792305,Test,5.25
2792598,Control,4.266666666666667
2793397,Test,16.133333333333333
2793422,Test,1.4833333333333334
2794479,Test,7.55
2794549,Test,1.4833333333333334
2795142,Control,13.65
2795565,Test,5.6
2795958,Test,3.7666666666666666
2797091,Control,3.95
2797397,Control,4.55
2797503,Control,7.133333333333334
2797546,Control,5.2
2798000,Control,2.1166666666666667
2798135,Control,2.2333333333333334
2798149,Test,37.53333333333333
2798211,Test,2.05
2798244,Control,1.9166666666666667
2798458,Control,0.9
2799101,Test,4.683333333333334
2799355,Test,9.033333333333333
2799605,Test,6.633333333333334
2799623,Control,3.0
2799991,Test,11.233333333333333
2800338,Control,2.933333333333333
2800486,Test,2.5
2800558,Test,30.433333333333334
2800663,Control,2.4833333333333334
2801133,Control,11.35
2802200,Control,5.45
2802304,Test,26.533333333333335
2803224,Test,3.3333333333333335
2803523,Control,10.9
2803852,Control,7.666666666666667
2804455,Control,4.133333333333334
2804769,Test,8.716666666666667
2805278,Test,3.2
2805312,Test,1.15
2805354,Control,4.516666666666667
2805420,Test,2.65
2805504,Control,5.266666666666667
2806047,Control,2.15
2806397,Control,6.5
2806504,Control,5.383333333333334
2806680,Test,3.066666666666667
2807639,Test,3.1166666666666667
2807656,Test,3.033333333333333
2808156,Control,5.6
2808502,Test,10.55
2808651,Test,2.3333333333333335
2808682,Control,2.0166666666666666
2808713,Test,1.1666666666666667
2808727,Control,14.5
2809024,Control,4.916666666666667
2809254,Test,3.3
2809450,Test,2.716666666666667
2809453,Control,2.6666666666666665
2809621,Control,5.5
2809643,Test,33.95
2809668,Test,8.783333333333333
2809689,Control,2.6
2809905,Test,1.6833333333333333
2809946,Control,3.2
2810157,Test,2.966666666666667
2810377,Test,4.2
2810834,Test,5.833333333333333
2811304,Test,2.3666666666666667
2811586,Control,5.316666666666666
2811682,Control,3.9833333333333334
2812048,Test,2.9166666666666665
2812755,Control,4.65
2813430,Control,3.9166666666666665
2813563,Test,3.7333333333333334
2813719,Control,10.166666666666666
2813826,Test,6.35
2814263,Test,3.65
2814384,Control,2.816666666666667
2814457,Test,3.6666666666666665
2814458,Control,2.466666666666667
2814887,Test,45.4
2816492,Control,7.866666666666666
2816918,Test,18.0
2817393,Control,3.1666666666666665
2817519,Control,7.683333333333334
2817916,Test,2.2
2818088,Test,5.233333333333333
2818136,Test,6.0
2818303,Control,8.45
2819135,Test,2.0166666666666666
2819179,Test,4.816666666666666
2819518,Test,1.6833333333333333
2819703,Test,2.7333333333333334
2819742,Test,1.3333333333333333
2819916,Test,4.9
2820615,Test,13.183333333333334
2820779,Control,6.283333333333333
2820986,Control,3.1666666666666665
2821034,Test,4.983333333333333
2821165,Test,11.033333333333333
2821267,Control,8.233333333333333
2821306,Test,3.966666666666667
2821646,Test,3.4833333333333334
2821740,Control,1.8166666666666667
2821933,Test,4.416666666666667
2822255,Test,3.6666666666666665
2822267,Test,3.55
2822607,Control,11.083333333333334
2822730,Control,2.316666666666667
2822827,Test,13.666666666666666
2823318,Test,7.033333333333333
2823361,Test,7.316666666666666
2823737,Control,4.316666666666666
2823751,Control,7.55
2824178,Test,8.116666666666667
2824256,Control,13.4
2824309,Control,1.8833333333333333
2824566,Control,9.916666666666666
2824575,Test,27.8
2825376,Control,5.5
2825830,Control,7.75
2826163,Control,3.7333333333333334
2826172,Test,5.616666666666666
2826373,Control,3.4166666666666665
2826389,Control,1.8
2826504,Test,1.35
2826729,Test,6.933333333333334
2826827,Control,2.3
2826898,Test,12.25
2827235,Test,12.95
2827581,Control,6.9
2828096,Control,5.2
2828351,Test,5.066666666666666
2828863,Test,7.366666666666666
2829025,Test,1.3166666666666667
2829680,Test,2.0
2829817,Test,3.15
2830142,Control,8.35
2830224,Test,5.8
2831158,Control,4.866666666666666
2831189,Control,3.1333333333333333
2831452,Control,7.9
2831475,Control,1.4833333333333334
2831747,Test,2.1166666666666667
2831995,Test,7.183333333333334
2832939,Test,1.85
2833057,Control,13.016666666666667
2833889,Test,6.283333333333333
2834150,Test,2.5833333333333335
2835071,Test,1.3833333333333333
2835681,Control,3.8
2835689,Test,13.333333333333334
2836054,Control,4.2
2836104,Test,1.6333333333333333
2836159,Test,7.333333333333333
2836203,Control,2.466666666666667
2836509,Control,9.016666666666667
2836964,Control,25.983333333333334
2837561,Control,2.5166666666666666
2837581,Control,3.9
2837772,Test,3.066666666666667
2838107,Control,3.45
2838884,Test,11.1
2839247,Control,25.033333333333335
2839485,Test,14.133333333333333
2839600,Test,2.8
2839846,Control,1.0333333333333334
2839976,Test,13.883333333333333
2840019,Control,6.5
2840610,Control,7.083333333333333
2840810,Test,5.35
2840811,Control,20.766666666666666
2841010,Control,4.733333333333333
2842485,Control,7.683333333333334
2842705,Control,2.933333333333333
2843022,Test,2.066666666666667
2843312,Test,5.716666666666667
2843452,Test,1.7833333333333334
2844117,Test,3.15
2844190,Control,4.383333333333334
2844725,Control,3.6166666666666667
2844839,Test,3.4
2845107,Test,7.733333333333333
2845257,Test,2.2333333333333334
2846232,Test,2.2666666666666666
2846274,Control,15.666666666666666
2846287,Test,2.45
2846471,Control,6.8
2846646,Control,3.9166666666666665
2846662,Control,2.0166666666666666
2846778,Test,4.166666666666667
2847496,Test,8.283333333333333
2847543,Test,1.9666666666666666
2847822,Control,4.166666666666667
2848615,Control,3.966666666666667
2848749,Control,7.8
2848798,Control,16.783333333333335
2849212,Test,3.4
2849820,Test,1.2666666666666666
2849825,Test,10.683333333333334
2850288,Control,1.5666666666666667
2850353,Test,5.116666666666666
2850387,Control,3.9166666666666665
2850940,Test,2.433333333333333
2852339,Test,9.116666666666667
2852455,Test,1.4
2852533,Test,1.7
2852913,Test,14.983333333333333
2852997,Control,2.433333333333333
2853086,Test,3.533333333333333
2853115,Control,2.1333333333333333
2853248,Test,24.45
2853271,Control,12.0
2854270,Test,2.816666666666667
2854435,Test,3.6
2854662,Test,24.316666666666666
2854823,Test,10.333333333333334
2854927,Test,2.3
2855134,Control,11.3
2855888,Control,8.0
2856330,Test,19.566666666666666
2856502,Test,3.0166666666666666
2856778,Test,3.316666666666667
2856801,Test,4.866666666666666
2857079,Test,2.75
2857106,Control,2.45
2857152,Test,4.233333333333333
2857759,Control,5.133333333333334
2858338,Test,4.433333333333334
2858412,Test,1.8833333333333333
2858455,Test,11.55
2858504,Test,14.316666666666666
2858665,Test,2.6
2858813,Control,17.666666666666668
2858874,Control,2.5
2859064,Control,3.183333333333333
2859751,Control,2.6
2859899,Control,2.566666666666667
2860247,Control,11.316666666666666
2860895,Test,2.3333333333333335
2861330,Control,3.0166666666666666
2861792,Test,3.6
2862693,Test,4.916666666666667
2863254,Test,4.033333333333333
2863341,Test,51.43333333333333
2863515,Test,9.05
2863786,Control,4.333333333333333
2864415,Control,2.9833333333333334
2865370,Test,3.783333333333333
2866128,Control,13.116666666666667
2866431,Test,4.366666666666666
2866434,Control,4.3
2866503,Control,5.116666666666666
2866523,Control,4.383333333333334
2866632,Control,2.1666666666666665
2866707,Test,3.283333333333333
2866912,Control,23.966666666666665
2869034,Test,8.166666666666666
2869244,Test,3.8666666666666667
2869375,Test,5.383333333333334
2869395,Test,4.3
2870176,Test,1.2166666666666666
2870521,Test,2.6166666666666667
2870539,Test,4.383333333333334
2870699,Test,5.533333333333333
2871256,Test,2.466666666666667
2872157,Test,3.566666666666667
2872953,Test,0.8833333333333333
2873060,Test,6.016666666666667
2873671,Test,20.85
2873827,Control,3.0833333333333335
2874779,Test,11.383333333333333
2874925,Test,4.116666666666666
2875143,Control,2.216666666666667
2875217,Test,2.7333333333333334
2875466,Test,4.616666666666666
2875540,Test,4.833333333333333
2875988,Control,3.066666666666667
2876118,Test,11.1
2876251,Control,9.666666666666666
2876364,Test,2.6333333333333333
2876848,Test,12.283333333333333
2876901,Test,4.1
2877141,Test,2.3666666666666667
2877305,Test,2.6666666666666665
2877612,Control,2.45
2877692,Test,2.9833333333333334
2878339,Control,5.0
2878434,Control,9.316666666666666
2878715,Control,4.366666666666666
2878898,Test,13.916666666666666
2879347,Control,5.333333333333333
2879531,Control,36.233333333333334
2879592,Test,20.483333333333334
2880251,Test,7.15
2880593,Test,4.116666666666666
2880714,Control,1.85
2881524,Test,4.433333333333334
2881693,Test,2.45
2881753,Control,5.633333333333334
2882001,Control,4.783333333333333
2882250,Test,6.35
2882324,Test,6.45
2882702,Control,2.9
2883141,Control,3.35
2883168,Test,3.7666666666666666
2883620,Test,3.0833333333333335
2884220,Test,3.2
2884298,Control,6.733333333333333
2884308,Test,2.4166666666666665
2885694,Test,2.9166666666666665
2886145,Test,3.1
2886170,Test,3.8833333333333333
2886311,Test,5.333333333333333
2886641,Test,15.25
2887817,Test,3.9
2888193,Control,10.833333333333334
2888391,Control,1.9333333333333333
2888974,Test,3.0833333333333335
2889049,Control,22.433333333333334
2889072,Test,2.15
2889621,Control,3.183333333333333
2889627,Test,33.71666666666667
2889903,Test,6.05
2889999,Control,10.366666666666667
2890412,Control,5.1
2890508,Control,6.216666666666667
2890603,Test,4.483333333333333
2891006,Control,2.316666666666667
2891163,Control,6.9
2891436,Control,4.1
2891606,Control,1.65
2892152,Test,6.983333333333333
2892201,Control,3.2
2892738,Control,3.35
2892822,Test,2.966666666666667
2892955,Test,2.8666666666666667
2893361,Control,8.466666666666667
2893623,Control,3.966666666666667
2894209,Test,13.966666666666667
2894471,Test,2.7
2894519,Control,4.566666666666666
2894722,Control,4.0
2894996,Control,3.9833333333333334
2895726,Control,3.35
2896725,Control,2.216666666666667
2896887,Control,3.8666666666666667
2896984,Control,13.616666666666667
2897189,Test,1.3166666666666667
2897282,Control,12.516666666666667
2898010,Control,8.733333333333333
2898308,Test,0.7
2898460,Test,2.2333333333333334
2898532,Control,10.633333333333333
2898817,Control,3.316666666666667
2898903,Control,4.333333333333333
2898999,Control,4.366666666666666
2899509,Test,10.133333333333333
2899980,Test,2.25
2900178,Test,7.283333333333333
2900275,Test,2.3666666666666667
2901290,Test,3.4166666666666665
2901726,Control,4.883333333333334
2901829,Control,12.0
2902418,Test,4.783333333333333
2902628,Control,6.433333333333334
2902655,Test,2.8666666666666667
2903115,Control,5.966666666666667
2903228,Control,5.966666666666667
2903318,Test,9.733333333333333
2903383,Test,26.866666666666667
2903616,Test,5.5
2903686,Test,3.4833333333333334
2903734,Control,2.4166666666666665
2903954,Test,6.45
2904767,Test,3.966666666666667
2905232,Control,2.8
2905307,Test,2.8
2905387,Test,2.65
2905481,Control,4.716666666666667
2905655,Test,2.3833333333333333
2906088,Test,12.866666666666667
2906578,Test,5.283333333333333
2906777,Test,3.0833333333333335
2907112,Control,4.783333333333333
2907218,Control,3.6333333333333333
2907303,Control,12.4
2907522,Test,3.25
2907733,Test,6.216666666666667
2908055,Test,2.433333333333333
2908142,Control,69.68333333333334
2908177,Test,1.3333333333333333
2909102,Test,2.7666666666666666
2909272,Control,5.716666666666667
2909421,Control,13.483333333333333
2909998,Test,3.85
2910062,Test,2.533333333333333
2910449,Control,8.766666666666667
2910644,Test,0.9333333333333333
2911002,Test,6.933333333333334
2911049,Control,2.45
2911179,Test,2.7333333333333334
2911193,Control,8.683333333333334
2911416,Control,4.966666666666667
2911975,Control,6.466666666666667
2912218,Control,3.1666666666666665
2912399,Test,10.966666666666667
2912507,Test,8.866666666666667
2913074,Test,5.4
2913092,Control,5.2
2913503,Control,12.633333333333333
2913555,Test,2.783333333333333
2914011,Test,2.316666666666667
2915029,Test,2.0166666666666666
2915335,Test,4.4
2915433,Test,4.633333333333334
2915635,Test,2.3333333333333335
2915887,Control,3.8833333333333333
2916530,Control,6.033333333333333
2916728,Test,2.316666666666667
2917410,Control,2.2
2917495,Control,3.433333333333333
2917814,Test,3.933333333333333
2918312,Control,2.1166666666666667
2918665,Control,2.05
2918674,Test,1.9166666666666667
2918728,Test,2.6666666666666665
2918922,Control,10.8
2919624,Test,2.3666666666666667
2919639,Test,32.333333333333336
2919916,Test,3.8
2920041,Test,15.116666666666667
2920044,Control,7.616666666666666
2920410,Control,2.0166666666666666
2920485,Test,1.75
2920551,Test,4.766666666666667
2920915,Control,2.0
2921435,Test,4.6
2921463,Test,1.8
2921499,Test,2.65
2922541,Test,6.316666666666666
2922633,Control,10.166666666666666
2922703,Control,6.516666666666667
2922807,Control,5.083333333333333
2923048,Test,23.166666666666668
2923145,Control,10.65
2923314,Test,1.9166666666666667
2923439,Test,3.7333333333333334
2923510,Test,5.05
2925255,Control,4.9
2926621,Test,4.15
2926683,Control,5.466666666666667
2927088,Test,3.183333333333333
2927272,Test,4.95
2927484,Test,2.316666666666667
2928002,Control,43.95
2928156,Test,2.3833333333333333
2928369,Control,43.6
2928495,Test,4.566666666666666
2928968,Test,6.916666666666667
2929334,Test,5.283333333333333
2929982,Test,11.0
2930101,Control,5.033333333333333
2931057,Control,2.783333333333333
2931528,Control,1.6
2933245,Test,5.833333333333333
2933555,Test,4.983333333333333
2933843,Control,5.4
2933864,Control,1.9833333333333334
2934006,Control,5.066666666666666
2934436,Test,3.7
2934470,Control,6.466666666666667
2934738,Test,19.183333333333334
2934958,Test,5.4
2935066,Test,5.483333333333333
2935311,Control,2.0166666666666666
2935462,Test,3.6666666666666665
2935833,Control,5.933333333333334
2936364,Control,2.7666666666666666
2936563,Test,3.966666666666667
2937341,Test,12.533333333333333
2937724,Control,9.783333333333333
2937954,Test,12.583333333333334
2938239,Test,5.083333333333333
2938423,Control,4.233333333333333
2938714,Test,9.466666666666667
2938762,Control,3.8833333333333333
2938798,Test,2.6333333333333333
2938904,Test,2.816666666666667
2939151,Test,10.233333333333333
2939579,Control,3.7333333333333334
2939962,Test,11.35
2940022,Control,2.816666666666667
2941394,Test,7.416666666666667
2941743,Test,4.266666666666667
2941981,Test,27.866666666666667
2941991,Test,35.18333333333333
2942135,Test,3.9166666666666665
2942468,Control,5.683333333333334
2942633,Control,6.066666666666666
2942725,Test,3.0833333333333335
2942905,Control,3.5833333333333335
2944383,Control,1.8833333333333333
2944878,Test,2.966666666666667
2945563,Test,8.983333333333333
2945669,Control,6.216666666666667
2945880,Control,13.25
2946301,Control,1.7666666666666666
2946707,Test,6.2
2946761,Control,6.45
2946784,Test,1.4166666666666667
2946845,Control,4.016666666666667
2946941,Test,11.466666666666667
2947302,Control,3.533333333333333
2947829,Control,3.183333333333333
2948165,Test,2.8833333333333333
2948485,Test,2.216666666666667
2948707,Control,25.666666666666668
2948735,Test,11.75
2949303,Test,1.9333333333333333
2949340,Test,9.4
2949346,Control,2.316666666666667
2949523,Control,2.433333333333333
2949607,Control,3.7666666666666666
2949963,Test,2.8
2950030,Control,2.4833333333333334
2950065,Control,1.7
2950516,Test,2.8833333333333333
2951320,Control,14.65
2951330,Test,3.6
2951480,Test,3.35
2951899,Test,4.516666666666667
2952435,Test,4.883333333333334
2952627,Test,3.033333333333333
2952883,Test,1.6833333333333333
2952896,Test,11.566666666666666
2952942,Test,2.283333333333333
2954139,Control,1.4666666666666666
2954633,Test,6.366666666666666
2954678,Test,2.8833333333333333
2955394,Test,1.9833333333333334
2955506,Control,8.366666666666667
2955739,Control,8.983333333333333
2955767,Test,4.75
2955920,Test,3.1
2956615,Test,38.733333333333334
2957064,Test,3.5166666666666666
2957115,Control,7.166666666666667
2957678,Control,16.866666666666667
2958474,Control,2.1333333333333333
2958543,Test,15.183333333333334
2958867,Control,16.25
2958995,Control,3.2
2959030,Test,3.433333333333333
2959614,Test,2.7
2959782,Control,6.133333333333334
2959977,Test,62.13333333333333
2960561,Test,3.6666666666666665
2960870,Control,5.233333333333333
2962019,Control,2.7666666666666666
2962779,Control,3.683333333333333
2963023,Test,1.6833333333333333
2963107,Control,7.966666666666667
2963856,Test,3.6166666666666667
2964488,Control,10.833333333333334
2965081,Control,3.6666666666666665
2965474,Test,2.9
2965703,Test,7.116666666666666
2965989,Test,4.766666666666667
2966302,Test,3.966666666666667
2966822,Control,3.216666666666667
2966935,Test,1.9
2967109,Test,4.816666666666666
2967150,Test,4.916666666666667
2967297,Control,4.966666666666667
2967451,Test,4.9
2967584,Control,5.066666666666666
2967798,Test,3.65
2968201,Test,7.3
2968242,Test,0.9666666666666667
2968554,Control,1.3833333333333333
2968638,Control,1.4666666666666666
2968779,Control,4.95
2969158,Control,1.7
2969404,Test,3.6166666666666667
2969737,Control,5.266666666666667
2970159,Test,1.8166666666666667
2970209,Test,8.866666666666667
2970524,Test,1.8166666666666667
2970740,Control,5.55
2971453,Test,2.1
2971609,Test,11.366666666666667
2971636,Control,13.483333333333333
2971711,Control,24.066666666666666
2972755,Test,1.75
2972767,Control,4.133333333333334
2972819,Control,4.466666666666667
2972845,Test,3.816666666666667
2973289,Control,27.166666666666668
2973823,Control,8.533333333333333
2973864,Test,2.8
2973941,Test,5.8
2974123,Test,8.683333333333334
2974446,Control,5.133333333333334
2974536,Test,1.2666666666666666
2975248,Control,2.45
2975456,Test,18.333333333333332
2975647,Test,4.25
2975818,Control,3.6333333333333333
2975991,Test,3.1166666666666667
2976279,Control,1.4
2976361,Test,2.283333333333333
2976498,Test,5.2
2977108,Control,3.933333333333333
2977461,Control,11.266666666666667
2977468,Test,1.2333333333333334
2977752,Test,1.4166666666666667
2978551,Control,3.7
2978646,Control,28.516666666666666
2978653,Control,19.05
2978729,Control,6.416666666666667
2978756,Test,3.033333333333333
2979075,Control,16.583333333333332
2979170,Control,4.2
2979920,Test,2.316666666666667
2980350,Test,2.25
2980446,Test,1.35
2980797,Test,3.4
2981422,Control,3.75
2982062,Control,3.3
2982302,Test,4.483333333333333
2982359,Test,2.9833333333333334
2982738,Control,5.166666666666667
2983447,Test,1.9833333333333334
2983465,Test,6.95
2983616,Test,5.483333333333333
2983687,Control,1.3333333333333333
2983782,Test,1.2166666666666666
2983878,Control,28.916666666666668
2984162,Control,2.0166666666666666
2984358,Test,2.7
2984964,Control,6.233333333333333
2985225,Control,1.0333333333333334
2986072,Test,8.316666666666666
2986109,Test,6.433333333333334
2986194,Test,5.116666666666666
2986513,Test,1.2833333333333334
2986784,Control,3.816666666666667
2987193,Test,14.616666666666667
2987417,Test,4.516666666666667
2987813,Control,2.0833333333333335
2987845,Test,2.8
2987983,Test,37.81666666666667
2988143,Test,4.85
2988219,Test,7.0
2989423,Test,4.25
2989514,Control,7.466666666666667
2990066,Test,6.85
2990600,Control,13.666666666666666
2990838,Control,2.216666666666667
2991219,Test,3.316666666666667
2991897,Test,2.7333333333333334
2992374,Test,4.85
2992443,Control,5.05
2992803,Control,4.55
2993768,Test,4.533333333333333
2994001,Control,2.05
2994540,Control,1.9333333333333333
2994578,Control,9.816666666666666
2995237,Control,4.3
2995640,Control,2.8
2995887,Control,3.966666666666667
2996254,Test,4.833333333333333
2996318,Test,21.433333333333334
2996782,Test,3.2333333333333334
2996810,Test,26.9
2997774,Control,2.683333333333333
2997960,Test,3.683333333333333
2998708,Test,2.1
2998821,Control,2.566666666666667
2998988,Test,1.6166666666666667
2999505,Control,1.85
2999877,Control,3.8666666666666667
2999886,Control,5.55
3000332,Control,2.5
3000430,Control,3.933333333333333
3000918,Test,2.85
3001093,Control,9.983333333333333
3001667,Control,1.6166666666666667
3002237,Test,2.316666666666667
3002288,Control,1.9833333333333334
3002873,Control,24.066666666666666
3003277,Control,3.183333333333333
3003746,Control,4.9
3004061,Control,4.783333333333333
3004070,Control,12.216666666666667
3004249,Test,3.1166666666666667
3004381,Control,6.683333333333334
3004580,Test,10.15
3004695,Control,4.533333333333333
3004927,Test,1.7666666666666666
3005333,Test,2.3833333333333333
3005754,Control,5.033333333333333
3005892,Control,7.35
3005964,Test,8.366666666666667
3006177,Control,1.75
3006695,Test,3.933333333333333
3006793,Control,8.966666666666667
3007171,Test,9.916666666666666
3007459,Control,10.15
3007638,Control,4.233333333333333
3007715,Control,16.866666666666667
3008006,Test,4.0
3008036,Control,2.0
3008375,Test,1.7666666666666666
3008621,Control,4.366666666666666
3009581,Control,3.75
3009588,Control,14.066666666666666
3009615,Control,9.583333333333334
3009769,Test,9.666666666666666
3009911,Test,7.933333333333334
3010704,Control,4.766666666666667
3010914,Control,6.7
3011192,Test,2.716666666666667
3011265,Control,5.283333333333333
3011272,Test,8.416666666666666
3011290,Test,2.533333333333333
3012770,Control,6.0
3013018,Test,0.8166666666666667
3013739,Test,3.35
3013805,Test,9.016666666666667
3014716,Test,2.2333333333333334
3014779,Control,16.583333333333332
3014872,Control,5.8
3015082,Test,4.883333333333334
3015113,Test,3.7666666666666666
3015438,Control,8.0
3015972,Control,4.05
3016026,Test,3.3
3016282,Test,3.1333333333333333
3016443,Control,2.6333333333333333
3016724,Control,8.45
3016851,Control,3.466666666666667
3016960,Test,2.033333333333333
3017094,Control,10.383333333333333
3017194,Test,4.516666666666667
3017374,Test,2.2
3017509,Control,2.216666666666667
3017579,Control,5.3
3017951,Control,4.516666666666667
3018016,Test,4.283333333333333
3018059,Control,3.783333333333333
3018065,Test,3.6333333333333333
3018285,Test,1.2833333333333334
3018474,Test,3.3833333333333333
3018496,Test,2.55
3018646,Test,23.65
3018904,Control,0.9666666666666667
3018943,Control,4.916666666666667
3018946,Control,10.283333333333333
3019051,Test,3.65
3019314,Control,7.316666666666666
3019910,Control,4.516666666666667
3021430,Test,5.6
3021700,Test,2.1166666666666667
3021757,Test,86.71666666666667
3021965,Control,17.833333333333332
3022559,Test,3.466666666666667
3022679,Test,3.5833333333333335
3022895,Test,7.3
3023031,Control,1.15
3023902,Test,6.55
3024162,Test,4.966666666666667
3024246,Control,3.283333333333333
3024744,Control,1.35
3025015,Control,5.3
3025280,Control,9.783333333333333
3025285,Control,18.383333333333333
3025871,Test,21.15
3026033,Test,2.5166666666666666
3027050,Test,1.2833333333333334
3027182,Test,2.2666666666666666
3027315,Control,4.133333333333334
3027452,Control,5.583333333333333
3027610,Test,10.283333333333333
3028270,Test,6.15
3028826,Control,1.4333333333333333
3028832,Test,5.2
3028950,Test,5.1
3029208,Test,4.666666666666667
3029315,Test,11.683333333333334
3030068,Control,4.0
3030087,Test,4.15
3030826,Test,14.883333333333333
3031528,Test,2.75
3031632,Control,4.1
3032745,Test,6.266666666666667
3032968,Control,8.65
3032988,Test,4.35
3032996,Control,2.4166666666666665
3033091,Control,5.1
3034096,Test,1.9333333333333333
3034709,Test,2.5833333333333335
3034927,Test,1.8666666666666667
3035205,Control,4.35
3036660,Control,13.566666666666666
3036745,Control,42.05
3036897,Test,10.833333333333334
3037310,Test,2.216666666666667
3037617,Test,2.716666666666667
3037662,Test,3.2
3037882,Control,3.716666666666667
3037959,Test,9.466666666666667
3038059,Test,2.566666666666667
3038711,Test,13.766666666666667
3039602,Test,2.433333333333333
3040199,Test,2.216666666666667
3040729,Test,2.55
3041020,Test,8.45
3041776,Control,3.6333333333333333
3042867,Test,3.8666666666666667
3043851,Control,16.983333333333334
3043895,Control,3.3833333333333333
3043924,Control,15.733333333333333
3044046,Test,3.3333333333333335
3044203,Control,3.066666666666667
3044726,Control,3.5166666666666666
3044984,Test,1.45
3045007,Control,29.433333333333334
3045158,Control,15.266666666666667
3045527,Test,3.0
3046008,Test,5.016666666666667
3046019,Test,1.55
3046021,Control,3.9166666666666665
3046140,Control,3.1333333333333333
3046631,Control,1.35
3046703,Control,2.1333333333333333
3047132,Test,3.1
3047293,Test,3.8666666666666667
3047313,Test,5.5
3047437,Control,3.466666666666667
3047758,Test,5.383333333333334
3047764,Control,2.533333333333333
3048576,Control,10.2
3048587,Test,10.266666666666667
3049191,Control,9.966666666666667
3049466,Test,2.65
3049636,Test,2.933333333333333
3050053,Test,6.483333333333333
3050400,Control,5.133333333333334
3050536,Test,8.533333333333333
3050600,Control,3.1333333333333333
3050718,Test,2.716666666666667
3051193,Test,7.883333333333334
3052460,Control,3.216666666666667
3052488,Control,7.083333333333333
3052534,Control,2.183333333333333
3053434,Control,4.466666666666667
3053639,Control,2.1333333333333333
3053842,Test,2.933333333333333
3054118,Control,16.35
3054355,Control,3.566666666666667
3054953,Test,2.466666666666667
3055168,Test,3.8666666666666667
3055315,Control,7.633333333333334
3056475,Control,6.016666666666667
3056753,Control,3.183333333333333
3057378,Test,2.933333333333333
3057515,Test,1.9
3058849,Control,3.316666666666667
3059335,Test,9.066666666666666
3060095,Test,2.25
3060280,Test,3.4833333333333334
3060305,Control,4.066666666666666
3060572,Test,4.783333333333333
3060931,Control,5.466666666666667
3060990,Test,1.7
3061491,Test,0.8833333333333333
3061563,Control,11.333333333333334
3062683,Test,1.95
3062998,Test,4.4
3063284,Test,5.466666666666667
3063706,Control,2.5833333333333335
3063763,Test,22.216666666666665
3064622,Test,15.183333333333334
3064729,Test,22.05
3065153,Test,2.3333333333333335
3065637,Test,3.183333333333333
3065805,Test,2.3
3066692,Test,13.366666666666667
3066822,Test,3.6
3067778,Control,11.85
3068094,Test,41.75
3068432,Test,2.466666666666667
3068579,Control,6.6
3068582,Test,3.6333333333333333
3068937,Control,2.35
3068965,Test,2.9833333333333334
3069127,Control,5.066666666666666
3069269,Test,4.466666666666667
3069289,Test,3.9833333333333334
3069501,Test,36.86666666666667
3069573,Test,5.633333333333334
3070009,Test,2.7
3070398,Test,1.55
3070720,Control,2.1166666666666667
3070856,Test,8.95
3070971,Test,5.483333333333333
3071126,Test,6.966666666666667
3071281,Test,11.916666666666666
3071537,Control,9.033333333333333
3071553,Test,2.1666666666666665
3071651,Test,1.6
3071700,Test,5.866666666666666
3071824,Test,11.75
3071976,Test,9.6
3072060,Test,1.6
3072135,Test,8.15
3072474,Control,13.55
3072665,Test,5.9
3072907,Test,31.066666666666666
3073143,Test,2.066666666666667
3073245,Control,5.15
3073326,Control,2.6666666666666665
3073360,Control,3.816666666666667
3073523,Control,8.4
3073670,Control,3.0833333333333335
3074145,Control,5.55
3074319,Test,4.05
3074522,Test,4.333333333333333
3074540,Test,1.0833333333333333
3075073,Control,4.1
3075138,Test,3.25
3075744,Control,2.85
3076358,Control,3.45
3076584,Control,6.083333333333333
3076613,Control,4.383333333333334
3076639,Control,1.9666666666666666
3076748,Test,7.983333333333333
3076977,Test,7.733333333333333
3077197,Test,3.9
3077224,Test,4.466666666666667
3077416,Control,2.1333333333333333
3077646,Test,3.216666666666667
3077737,Test,23.1
3078031,Test,5.466666666666667
3078858,Test,2.9
3078880,Control,9.466666666666667
3080031,Test,3.216666666666667
3080346,Test,2.3666666666666667
3080903,Test,4.116666666666666
3081113,Test,5.25
3081214,Control,11.083333333333334
3081216,Control,1.9333333333333333
3081313,Control,3.683333333333333
3081419,Test,5.25
3081541,Control,11.916666666666666
3081692,Control,21.1
3081843,Test,3.2666666666666666
3081918,Test,1.6166666666666667
3082671,Test,4.883333333333334
3082752,Test,5.383333333333334
3082821,Test,1.5833333333333333
3083196,Test,8.466666666666667
3083365,Test,4.8
3083585,Test,9.283333333333333
3083985,Control,3.066666666666667
3084005,Control,2.3833333333333333
3084223,Control,3.05
3084446,Test,9.883333333333333
3084562,Control,2.1
3084575,Control,1.7
3084733,Control,2.35
3084938,Test,2.033333333333333
3084989,Control,12.366666666666667
3085019,Test,2.2
3085181,Test,6.1
3085213,Test,9.233333333333333
3085421,Test,7.166666666666667
3085984,Control,4.833333333333333
3086073,Control,14.55
3086399,Control,28.216666666666665
3086713,Test,4.566666666666666
3086953,Test,3.5
3087062,Test,2.7333333333333334
3087316,Control,6.033333333333333
3087509,Test,2.033333333333333
3087575,Test,8.066666666666666
3087957,Control,5.033333333333333
3088104,Control,2.7
3088189,Control,8.083333333333334
3088659,Test,8.2
3089039,Test,1.3833333333333333
3089314,Control,3.933333333333333
3089372,Test,3.433333333333333
3090014,Control,2.6166666666666667
3090064,Test,3.4833333333333334
3090130,Control,2.433333333333333
3091038,Control,4.433333333333334
3091233,Test,3.683333333333333
3091387,Control,12.1
3091404,Test,9.6
3091837,Test,4.983333333333333
3091844,Test,3.4
3092256,Control,3.4
3092668,Control,8.0
3093212,Control,2.15
3093476,Test,8.716666666666667
3093790,Test,17.45
3094709,Test,11.033333333333333
3095218,Control,9.733333333333333
3095311,Test,15.2
3095495,Control,2.6333333333333333
3096217,Test,8.2
3096335,Test,1.9833333333333334
3097149,Control,2.816666666666667
3097245,Control,5.95
3097665,Test,1.0333333333333334
3097679,Control,4.783333333333333
3097686,Test,4.2
3097947,Control,2.8833333333333333
3098068,Control,3.9833333333333334
3098598,Test,5.916666666666667
3098610,Test,3.35
3099006,Test,2.55
3099332,Test,3.783333333333333
3100051,Test,2.2
3100504,Control,6.583333333333333
3100744,Control,4.566666666666666
3100769,Control,4.45
3100892,Test,2.7333333333333334
3101574,Test,2.0166666666666666
3101604,Control,5.55
3101605,Test,5.466666666666667
3102426,Control,2.3833333333333333
3102910,Test,1.6166666666666667
3103157,Test,4.833333333333333
3103208,Test,4.083333333333333
3103372,Test,3.8
3103528,Control,2.966666666666667
3103634,Test,2.1166666666666667
3104178,Test,5.316666666666666
3104347,Test,1.7833333333333334
3104701,Control,11.75
3105736,Test,5.516666666666667
3106417,Test,5.883333333333334
3106658,Control,2.4833333333333334
3106914,Control,3.6333333333333333
3107324,Control,4.05
3108095,Control,2.6333333333333333
3109397,Test,5.2
3109423,Test,2.7
3109472,Test,2.533333333333333
3109651,Control,9.466666666666667
3109687,Test,6.85
3109965,Test,4.266666666666667
3110411,Test,9.0
3110566,Test,13.7
3110575,Test,18.766666666666666
3110656,Test,3.783333333333333
3111038,Control,5.316666666666666
3111768,Test,14.816666666666666
3112288,Test,5.2
3112429,Control,1.5833333333333333
3112649,Test,0.6666666666666666
3112808,Control,4.783333333333333
3113361,Control,8.816666666666666
3113411,Control,13.683333333333334
3113614,Control,4.066666666666666
3113731,Test,2.4833333333333334
3113785,Control,1.75
3114225,Test,8.05
3114370,Control,2.3833333333333333
3115591,Control,2.533333333333333
3115593,Control,2.066666666666667
3115710,Control,36.36666666666667
3115914,Test,1.0666666666666667
3116584,Control,3.1333333333333333
3116809,Test,4.15
3117001,Test,6.766666666666667
3117242,Control,3.05
3117249,Control,2.3833333333333333
3117292,Test,4.266666666666667
3117497,Test,2.466666666666667
3117674,Control,4.75
3118099,Control,3.8833333333333333
3118535,Test,4.416666666666667
3118617,Control,5.95
3118638,Control,3.716666666666667
3119037,Test,6.183333333333334
3119190,Control,6.766666666666667
3119303,Control,6.733333333333333
3119321,Test,7.916666666666667
3119324,Test,12.316666666666666
3120243,Control,14.816666666666666
3120254,Control,1.75
3120499,Control,6.45
3121140,Test,1.9833333333333334
3121469,Control,3.0833333333333335
3121872,Test,2.8833333333333333
3122134,Control,2.0833333333333335
3122525,Test,1.6
3122539,Control,6.1
3123158,Test,11.45
3123286,Control,3.933333333333333
3123295,Test,2.7666666666666666
3123350,Control,2.0
3123548,Test,4.15
3123566,Control,8.816666666666666
3123697,Control,5.633333333333334
3123928,Control,2.0833333333333335
3124094,Test,3.3666666666666667
3124882,Control,13.333333333333334
3126806,Test,2.5833333333333335
3126841,Control,23.05
3127374,Control,10.083333333333334
3127476,Test,1.85
3127574,Test,3.4833333333333334
3127596,Test,1.6
3127899,Test,3.816666666666667
3127959,Test,2.2
3128288,Test,13.3
3128351,Test,3.1333333333333333
3129246,Test,6.25
3129289,Control,6.133333333333334
3130024,Control,8.05
3130099,Test,7.35
3131141,Test,1.6333333333333333
3131159,Control,5.483333333333333
3131167,Test,7.583333333333333
3131510,Control,2.6166666666666667
3131528,Test,3.8333333333333335
3131568,Test,32.516666666666666
3132053,Test,2.933333333333333
3132076,Control,3.1333333333333333
3132085,Test,2.7666666666666666
3132172,Test,6.266666666666667
3132868,Test,3.1166666666666667
3132961,Control,7.616666666666666
3133001,Test,4.033333333333333
3133671,Control,11.6
3133688,Test,37.233333333333334
3133800,Test,6.733333333333333
3134144,Test,6.85
3134431,Test,3.2
3134802,Control,11.083333333333334
3134968,Control,7.55
3135162,Test,17.5
3135230,Control,4.366666666666666
3135355,Test,2.6
3135404,Test,1.45
3135759,Control,2.95
3136386,Control,17.8
3137209,Test,2.466666666666667
3137665,Control,3.25
3138378,Test,3.9
3138783,Control,2.5833333333333335
3138864,Control,4.283333333333333
3138887,Control,10.666666666666666
3139038,Test,13.1
3139298,Control,2.1
3139396,Test,4.533333333333333
3141131,Test,8.933333333333334
3141851,Control,5.416666666666667
3142191,Test,20.466666666666665
3142332,Test,3.95
3142979,Control,2.5
3143081,Test,1.8333333333333333
3143124,Test,9.316666666666666
3143164,Control,3.683333333333333
3143271,Test,1.7666666666666666
3143443,Test,2.783333333333333
3143682,Control,7.033333333333333
3143806,Control,5.416666666666667
3143881,Control,3.8
3144002,Control,1.9833333333333334
3145003,Control,3.65
3145026,Control,13.2
3145508,Test,34.55
3145774,Test,5.55
3145959,Test,1.8
3146446,Test,5.75
3146709,Test,2.7666666666666666
3147904,Test,3.75
3148379,Control,5.183333333333334
3148603,Control,4.75
3149064,Test,2.716666666666667
3149254,Test,4.25
3149390,Control,1.8
3149820,Control,4.8
3149933,Control,3.4166666666666665
3150082,Control,2.1
3150350,Test,4.066666666666666
3150649,Test,5.666666666666667
3152123,Test,1.8
3152279,Test,14.733333333333333
3152346,Test,2.6166666666666667
3152986,Test,1.6833333333333333
3153010,Control,2.283333333333333
3153355,Control,5.55
3153502,Test,4.383333333333334
3154259,Control,7.116666666666666
3154316,Test,2.3833333333333333
3154378,Control,6.75
3155140,Control,2.65
3155479,Test,5.033333333333333
3155867,Test,6.516666666666667
3155873,Control,16.316666666666666
3156446,Test,1.9333333333333333
3156633,Test,2.283333333333333
3156983,Test,4.416666666666667
3157368,Test,5.966666666666667
3157856,Control,3.2666666666666666
3158341,Test,13.366666666666667
3158462,Test,8.6
3158600,Test,2.316666666666667
3159189,Test,1.6
3159251,Test,6.183333333333334
3159769,Test,49.15
3160599,Control,4.466666666666667
3160757,Test,1.8
3160872,Control,2.3666666666666667
3161052,Control,3.2333333333333334
3161273,Control,2.2
3161378,Control,6.7
3161390,Test,7.2
3161669,Test,9.683333333333334
3161828,Control,22.433333333333334
3161851,Control,4.75
3162290,Test,5.633333333333334
3162487,Test,15.183333333333334
3162969,Test,15.333333333333334
3164231,Test,10.4
3164659,Control,4.55
3165398,Control,8.766666666666667
3166313,Control,2.2333333333333334
3167031,Test,6.066666666666666
3167322,Test,16.366666666666667
3167339,Test,2.6166666666666667
3167355,Test,3.3
3168052,Test,2.183333333333333
3168759,Test,5.133333333333334
3169324,Control,2.5166666666666666
3169493,Control,12.333333333333334
3170094,Control,2.4166666666666665
3170122,Test,3.3333333333333335
3170143,Test,3.7
3171398,Test,3.85
3171521,Control,2.75
3172746,Test,2.1
3173168,Control,3.4833333333333334
3173760,Control,5.266666666666667
3173811,Test,39.53333333333333
3173824,Control,6.1
3173931,Test,37.75
3174093,Test,4.233333333333333
3174112,Control,5.033333333333333
3174146,Control,3.566666666666667
3174168,Test,2.6666666666666665
3174171,Control,2.3
3174716,Control,6.05
3174783,Control,15.383333333333333
3175143,Control,2.9
3175164,Test,2.9166666666666665
3175813,Test,3.6
3175882,Control,5.35
3176103,Control,25.483333333333334
3176218,Control,3.0
3176701,Test,2.6
3176993,Control,6.35
3177871,Test,10.85
3177883,Test,3.1166666666666667
3178426,Control,6.033333333333333
3178491,Control,22.533333333333335
3178517,Test,2.9833333333333334
3179109,Test,4.45
3179231,Test,12.083333333333334
3179251,Control,1.65
3179756,Control,15.383333333333333
3180374,Test,3.0166666666666666
3180685,Test,3.6
3180864,Control,8.516666666666667
3181054,Test,3.55
3181060,Control,3.75
3181922,Control,3.4
3182963,Test,4.2
3183069,Test,1.25
3183399,Test,31.083333333333332
3183559,Test,5.533333333333333
3183825,Control,3.65
3184236,Test,10.566666666666666
3184500,Test,2.716666666666667
3184564,Control,7.733333333333333
3184837,Control,2.1
3184891,Test,3.4833333333333334
3184980,Control,3.966666666666667
3185996,Control,10.85
3186737,Control,4.066666666666666
3186806,Control,21.766666666666666
3186929,Test,2.3333333333333335
3186963,Control,5.95
3186988,Test,18.4
3188445,Control,6.1
3188840,Control,9.35
3189056,Control,2.45
3189211,Test,3.05
3189730,Control,7.316666666666666
3189956,Test,3.2
3190345,Control,2.7333333333333334
3190600,Control,48.916666666666664
3190981,Test,5.65
3191374,Test,1.9833333333333334
3191722,Control,6.683333333333334
3191906,Control,5.55
3192339,Test,1.4166666666666667
3192447,Control,2.433333333333333
3192881,Test,4.066666666666666
3192941,Control,9.033333333333333
3192979,Control,31.233333333333334
3193662,Test,8.083333333333334
3193675,Test,4.966666666666667
3194023,Test,8.9
3194104,Test,2.4
3194331,Control,3.1666666666666665
3194840,Test,2.4
3195135,Test,2.3
3195151,Control,3.8333333333333335
3195967,Test,2.533333333333333
3196381,Control,1.2
3196595,Test,5.666666666666667
3197585,Control,3.3666666666666667
3197853,Test,9.55
3197890,Test,3.933333333333333
3198093,Test,4.616666666666666
3198495,Control,3.15
3198496,Test,5.266666666666667
3198805,Control,2.7
3199195,Test,5.85
3199354,Test,1.8
3200955,Test,8.633333333333333
3201142,Control,6.35
3201254,Control,2.3833333333333333
3201380,Control,14.15
3201404,Test,1.15
3201665,Control,2.8666666666666667
3201983,Test,13.833333333333334
3202024,Test,4.3
3202884,Test,4.466666666666667
3203251,Test,4.033333333333333
3203597,Test,12.083333333333334
3203669,Test,5.3
3203744,Test,1.8166666666666667
3204570,Test,4.083333333333333
3204724,Test,3.25
3205096,Control,8.05
3205404,Test,3.1333333333333333
3205643,Control,4.866666666666666
3205867,Test,3.15
3206419,Control,3.183333333333333
3206719,Control,3.5
3206726,Control,1.6666666666666667
3206768,Control,3.05
3206966,Control,44.8
3207103,Test,3.25
3207832,Control,4.616666666666666
3208047,Test,11.933333333333334
3208099,Control,28.6
3208119,Test,2.066666666666667
3208442,Test,3.8833333333333333
3209032,Control,3.2
3209119,Control,3.716666666666667
3209152,Control,4.066666666666666
3209230,Control,1.65
3209283,Test,1.35
3209460,Test,2.816666666666667
3209959,Test,2.716666666666667
3210373,Control,2.566666666666667
3210401,Control,2.316666666666667
3210525,Control,3.2666666666666666
3210702,Test,1.8
3210892,Control,7.133333333333334
3210992,Test,5.516666666666667
3211165,Test,4.75
3211203,Control,6.5
3211244,Test,3.283333333333333
3211558,Control,6.983333333333333
3212145,Test,3.7666666666666666
3212379,Test,2.783333333333333
3212441,Control,1.7333333333333334
3212676,Test,1.3333333333333333
3213131,Control,5.533333333333333
3213427,Control,2.933333333333333
3213762,Control,4.316666666666666
3214086,Test,3.5833333333333335
3214131,Test,8.916666666666666
3214191,Test,10.683333333333334
3214725,Control,12.683333333333334
3214839,Test,6.333333333333333
3214901,Test,1.2666666666666666
3215049,Control,1.85
3215110,Control,4.833333333333333
3215650,Test,6.416666666666667
3216907,Test,9.866666666666667
3216999,Control,6.65
3217714,Control,25.1
3217890,Control,6.966666666666667
3217920,Test,8.95
3218370,Control,2.85
3218552,Control,2.316666666666667
3219313,Control,13.866666666666667
3219379,Test,7.566666666666666
3220136,Control,4.15
3220360,Control,2.3666666666666667
3220502,Test,7.383333333333334
3220881,Test,2.3666666666666667
3221043,Test,4.3
3221253,Test,2.183333333333333
3221598,Control,6.8
3221809,Control,2.65
3222523,Control,3.55
3222647,Control,8.816666666666666
3222884,Control,5.616666666666666
3222928,Test,2.466666666666667
3223172,Test,52.8
3223326,Test,3.65
3223702,Test,25.866666666666667
3225038,Test,4.016666666666667
3225099,Control,1.95
3226254,Test,2.15
3227110,Control,8.566666666666666
3227559,Control,1.1833333333333333
3228212,Test,26.1
3228340,Control,3.1
3228458,Test,3.316666666666667
3228740,Test,8.683333333333334
3228987,Test,13.5
3229207,Test,2.683333333333333
3229214,Test,6.233333333333333
3229802,Test,1.65
3229964,Test,7.266666666666667
3230369,Test,3.933333333333333
3230421,Control,1.7166666666666666
3230695,Control,24.216666666666665
3231302,Control,1.5666666666666667
3232335,Control,3.7666666666666666
3232607,Control,5.083333333333333
3232821,Test,1.45
3232830,Test,15.433333333333334
3233489,Control,2.45
3233554,Test,3.7
3233984,Control,7.133333333333334
3234627,Test,5.233333333333333
3235299,Test,5.583333333333333
3235641,Test,2.3
3236017,Test,5.433333333333334
3236269,Test,6.816666666666666
3236351,Test,6.05
3236736,Test,0.8666666666666667
3236857,Control,1.8666666666666667
3236930,Test,5.716666666666667
3237124,Test,1.8666666666666667
3237701,Control,7.033333333333333
3237999,Test,6.133333333333334
3238088,Control,6.7
3238616,Control,5.733333333333333
3239523,Control,5.8
3239592,Control,3.65
3239909,Control,5.666666666666667
3239922,Control,3.7333333333333334
3239977,Test,4.983333333333333
3240177,Test,2.8666666666666667
3240673,Test,1.9
3241023,Control,7.083333333333333
3241972,Test,17.65
3242161,Test,6.05
3242197,Control,6.75
3242420,Test,2.2666666666666666
3242632,Test,1.25
3243026,Test,3.2
3243036,Control,3.966666666666667
3243153,Test,1.35
3243462,Control,4.933333333333334
3243523,Control,3.033333333333333
3243773,Test,1.3
3244142,Test,1.3333333333333333
3244552,Test,15.633333333333333
3245544,Test,1.9833333333333334
3246008,Test,1.25
3246449,Test,2.8666666666666667
3246756,Control,6.283333333333333
3246879,Control,10.4
3246979,Control,13.033333333333333
3247062,Control,2.35
3247251,Control,11.1
3247283,Test,3.966666666666667
3247336,Control,3.45
3247583,Test,6.883333333333334
3247829,Test,22.35
3248417,Test,2.8
3249076,Control,6.416666666666667
3249445,Control,21.133333333333333
3250123,Test,2.45
3250135,Test,19.166666666666668
3250358,Control,1.5833333333333333
3250936,Control,5.816666666666666
3251101,Control,1.3333333333333333
3251257,Control,2.1166666666666667
3251455,Control,1.9333333333333333
3251851,Test,4.966666666666667
3252191,Control,1.3666666666666667
3252218,Control,5.616666666666666
3252528,Test,3.5166666666666666
3252729,Control,2.1333333333333333
3253100,Control,0.9
3253291,Control,20.433333333333334
3253916,Test,18.35
3254156,Test,3.1333333333333333
3254381,Control,3.9833333333333334
3254514,Test,3.1666666666666665
3254765,Control,3.3
3255172,Test,1.7833333333333334
3255508,Test,2.183333333333333
3256200,Test,2.45
3256364,Control,1.9
3257006,Test,2.216666666666667
3257381,Test,7.733333333333333
3258217,Test,6.833333333333333
3258618,Control,4.816666666666666
3258934,Control,3.1
3259588,Test,6.483333333333333
3259703,Test,6.5
3260064,Control,4.916666666666667
3260408,Control,3.0166666666666666
3260752,Test,1.4333333333333333
3260937,Control,4.483333333333333
3261109,Control,10.25
3261220,Test,1.4666666666666666
3262664,Control,5.416666666666667
3262729,Test,2.1666666666666665
3263400,Control,4.683333333333334
3263636,Test,4.65
3263729,Test,1.9333333333333333
3263824,Control,7.0
3264159,Test,3.7333333333333334
3264886,Test,3.4166666666666665
3264966,Control,2.95
3265028,Test,13.1
3265158,Test,4.05
3265232,Test,6.25
3265750,Test,1.4666666666666666
3265970,Control,2.4
3265995,Control,1.8
3266097,Control,2.066666666666667
3266908,Control,1.8166666666666667
3266922,Test,5.983333333333333
3267458,Control,9.616666666666667
3267960,Test,7.1
3268024,Control,8.2
3268156,Test,6.933333333333334
3268234,Test,9.85
3268387,Control,4.3
3268586,Control,4.333333333333333
3269114,Control,47.166666666666664
3269880,Control,1.3333333333333333
3270512,Control,12.333333333333334
3270533,Test,12.433333333333334
3270754,Control,23.466666666666665
3270955,Control,4.2
3270995,Control,7.383333333333334
3270998,Control,5.733333333333333
3271234,Test,2.1333333333333333
3271311,Test,1.25
3271404,Test,18.566666666666666
3271450,Control,3.0833333333333335
3271556,Control,2.283333333333333
3272226,Test,2.6333333333333333
3272761,Control,20.183333333333334
3272906,Test,1.2833333333333334
3272980,Control,3.55
3273765,Control,1.95
3273879,Control,4.233333333333333
3274136,Control,5.733333333333333
3274948,Test,11.3
3275639,Control,5.166666666666667
3275704,Test,36.55
3276513,Test,2.45
3276529,Control,4.65
3276629,Control,9.283333333333333
3276921,Control,7.133333333333334
3277167,Test,4.466666666666667
3277329,Test,3.75
3277607,Test,2.7
3277706,Control,1.7666666666666666
3278160,Control,12.816666666666666
3278374,Control,6.166666666666667
3278440,Control,9.65
3278968,Test,5.1
3279105,Test,1.6166666666666667
3279139,Test,2.2
3279914,Control,4.8
3280021,Test,2.95
3280959,Control,2.1666666666666665
3281290,Test,3.75
3281409,Test,35.516666666666666
3281696,Test,2.35
3281711,Control,6.483333333333333
3281716,Test,10.166666666666666
3282519,Test,5.933333333333334
3282755,Control,1.75
3283172,Control,3.966666666666667
3283578,Test,13.233333333333333
3283879,Control,2.933333333333333
3284361,Test,1.55
3284406,Control,4.883333333333334
3285000,Test,2.0166666666666666
3285638,Test,1.8166666666666667
3285762,Test,4.916666666666667
3285791,Control,7.916666666666667
3285852,Control,5.1
3286441,Control,4.316666666666666
3286807,Control,3.0
3287155,Control,6.7
3287210,Test,11.4
3288080,Test,5.5
3288356,Test,3.066666666666667
3288833,Control,1.5833333333333333
3288914,Test,12.283333333333333
3288926,Test,4.133333333333334
3289611,Test,5.466666666666667
3289650,Test,1.5666666666666667
3289674,Control,8.35
3290004,Test,4.516666666666667
3290069,Test,12.666666666666666
3290090,Test,11.683333333333334
3290167,Control,4.15
3290362,Test,1.65
3290446,Control,8.65
3290487,Control,15.0
3290498,Control,20.916666666666668
3291122,Control,14.0
3291616,Control,1.1666666666666667
3291778,Control,2.0833333333333335
3292271,Control,4.916666666666667
3292582,Test,5.916666666666667
3292707,Control,3.4
3293183,Test,5.35
3293345,Test,3.45
3293764,Control,5.866666666666666
3293818,Test,8.316666666666666
3294033,Control,11.783333333333333
3294129,Test,6.5
3294909,Control,2.033333333333333
3295995,Control,4.066666666666666
3296442,Test,4.516666666666667
3296840,Test,1.7166666666666666
3296880,Control,3.65
3297370,Test,6.233333333333333
3298257,Test,34.88333333333333
3298633,Control,8.966666666666667
3299174,Control,12.666666666666666
3299664,Control,3.15
3299785,Test,7.4
3300089,Test,2.283333333333333
3300186,Control,7.616666666666666
3300476,Test,6.25
3300583,Control,1.3333333333333333
3300848,Control,5.716666666666667
3301121,Control,24.433333333333334
3301232,Test,0.95
3301388,Test,1.8
3301541,Test,5.5
3301689,Control,3.033333333333333
3301695,Control,4.95
3302147,Control,2.9
3302296,Test,7.4
3302386,Control,5.016666666666667
3302485,Test,7.566666666666666
3302512,Control,2.283333333333333
3302766,Control,7.883333333333334
3303111,Test,2.8666666666666667
3304360,Control,10.016666666666667
3304493,Control,2.5166666666666666
3304729,Test,3.716666666666667
3305421,Test,2.05
3305488,Control,22.716666666666665
3306367,Control,4.333333333333333
3306516,Test,3.283333333333333
3306755,Test,19.15
3307059,Test,12.983333333333333
3307231,Test,8.95
3307527,Control,4.0
3308172,Test,1.6
3308183,Control,4.466666666666667
3308211,Control,4.966666666666667
3308752,Test,17.316666666666666
3308760,Test,24.75
3308944,Test,1.5333333333333334
3309188,Control,6.066666666666666
3309192,Test,9.716666666666667
3309350,Test,1.5
3309659,Test,2.9166666666666665
3310669,Test,22.4
3310984,Test,2.783333333333333
3311132,Control,2.4166666666666665
3311163,Test,6.1
3311618,Test,3.9166666666666665
3311746,Test,5.133333333333334
3312433,Control,24.283333333333335
3313072,Test,2.65
3313511,Test,2.8833333333333333
3313640,Control,14.2
3314111,Test,5.116666666666666
3314416,Control,4.883333333333334
3316547,Control,4.633333333333334
3316734,Test,2.533333333333333
3317334,Control,1.5833333333333333
3317639,Test,10.333333333333334
3317840,Test,3.2
3318205,Control,1.5166666666666666
3318469,Control,4.966666666666667
3319092,Control,6.75
3319635,Test,2.5833333333333335
3319690,Test,3.4166666666666665
3320692,Control,2.183333333333333
3320785,Test,5.733333333333333
3321469,Test,1.95
3321697,Test,7.2
3322887,Test,2.05
3322994,Test,1.8333333333333333
3323049,Control,20.116666666666667
3323243,Control,5.633333333333334
3323753,Control,2.4166666666666665
3324459,Control,4.033333333333333
3324615,Test,1.6833333333333333
3325490,Control,5.4
3325600,Test,2.3666666666666667
3326527,Control,4.116666666666666
3327085,Control,2.283333333333333
3328033,Control,2.5166666666666666
3328812,Test,1.6166666666666667
3329079,Control,1.6333333333333333
3329377,Control,6.283333333333333
3329794,Test,19.133333333333333
3329950,Test,2.85
3330070,Control,6.033333333333333
3331063,Control,15.783333333333333
3331216,Test,1.1166666666666667
3331643,Control,2.5
3331992,Test,7.966666666666667
3332324,Test,7.6
3332395,Control,14.65
3332531,Control,2.9
3332551,Test,7.816666666666666
3332621,Test,5.0
3332995,Test,2.033333333333333
3333429,Test,5.483333333333333
3333535,Control,3.1
3334174,Test,2.4166666666666665
3334550,Control,2.8
3334636,Test,23.083333333333332
3334755,Test,2.1
3335141,Control,27.2
3335487,Test,2.066666666666667
3336291,Test,5.783333333333333
3336392,Test,3.3833333333333333
3336636,Control,7.583333333333333
3337145,Test,3.933333333333333
3337300,Test,3.933333333333333
3337387,Test,1.1833333333333333
3337439,Test,1.2833333333333334
3338090,Control,3.6166666666666667
3338122,Control,1.2833333333333334
3338146,Test,4.3
3338628,Test,2.6333333333333333
3338846,Control,6.683333333333334
3339110,Control,8.066666666666666
3340172,Test,22.716666666666665
3340184,Test,2.4166666666666665
3340481,Test,5.4
3340793,Test,22.45
3341070,Control,8.033333333333333
3341127,Control,3.7
3341219,Control,4.05
3342000,Test,1.9166666666666667
3342092,Test,1.4333333333333333
3342221,Test,4.233333333333333
3342284,Test,1.5166666666666666
3342333,Test,5.883333333333334
3342363,Control,2.0166666666666666
3342455,Control,6.75
3342816,Test,7.433333333333334
3342852,Control,3.033333333333333
3342954,Test,1.9166666666666667
3342974,Test,2.0166666666666666
3343352,Control,3.9166666666666665
3343930,Test,8.783333333333333
3344093,Control,4.733333333333333
3344129,Test,2.4166666666666665
3344232,Test,2.5
3344462,Test,2.15
3344729,Test,2.65
3345879,Test,3.4
3346525,Test,2.4833333333333334
3346530,Control,6.816666666666666
3346785,Control,2.2666666666666666
3346987,Test,13.283333333333333
3347130,Control,14.566666666666666
3347344,Control,5.316666666666666
3347429,Control,4.75
3348557,Test,4.383333333333334
3348875,Test,3.1
3349037,Control,6.35
3349040,Test,5.45
3349220,Test,9.066666666666666
3349343,Test,1.4666666666666666
3350279,Control,34.416666666666664
3350406,Test,9.316666666666666
3350689,Test,15.65
3350914,Test,4.133333333333334
3351016,Control,2.7
3351045,Control,2.183333333333333
3351157,Test,9.45
3351420,Control,4.166666666666667
3351589,Control,2.1166666666666667
3351699,Control,7.283333333333333
3351731,Test,0.7666666666666667
3351739,Control,16.616666666666667
3352008,Control,3.65
3352429,Test,2.25
3352614,Test,2.033333333333333
3353040,Test,2.6
3353806,Test,6.266666666666667
3354034,Control,3.6666666666666665
3354637,Test,1.7166666666666666
3355169,Test,5.083333333333333
3355516,Test,13.466666666666667
3355542,Test,1.2
3355848,Control,14.766666666666667
3356526,Test,3.066666666666667
3356633,Control,3.1666666666666665
3356780,Test,6.616666666666666
3357159,Control,6.466666666666667
3357234,Test,4.833333333333333
3357235,Test,3.533333333333333
3357578,Control,24.55
3357999,Control,1.6
3358285,Test,7.1
3359150,Test,2.066666666666667
3360049,Test,9.35
3360406,Test,1.4
3360995,Test,2.8666666666666667
3361068,Test,3.3666666666666667
3361098,Control,5.716666666666667
3361110,Test,4.366666666666666
3361320,Control,14.033333333333333
3361646,Control,4.0
3361788,Test,2.0
3361871,Control,9.75
3361877,Test,4.1
3361896,Test,4.45
3362285,Control,2.2333333333333334
3362625,Control,12.283333333333333
3362725,Control,8.9
3362885,Test,5.55
3363043,Test,2.4
3364041,Test,7.7
3364212,Control,4.533333333333333
3364339,Test,2.4166666666666665
3364495,Control,4.166666666666667
3364689,Control,1.5166666666666666
3364777,Test,4.033333333333333
3365641,Control,11.05
3365922,Control,3.7333333333333334
3366095,Test,1.3666666666666667
3366197,Test,3.5166666666666666
3366315,Test,8.516666666666667
3366510,Test,3.0833333333333335
3366593,Test,2.2333333333333334
3366892,Test,14.633333333333333
3366913,Test,3.3666666666666667
3367073,Test,2.066666666666667
3367240,Test,1.9833333333333334
3367372,Test,8.9
3367386,Test,5.816666666666666
3367491,Test,1.7666666666666666
3367503,Control,2.2
3368046,Test,2.5
3368135,Control,5.333333333333333
3368421,Test,2.8666666666666667
3368476,Test,8.85
3368481,Test,3.816666666666667
3369137,Control,5.2
3369335,Control,5.05
3370612,Test,5.55
3370820,Test,3.3333333333333335
3370908,Control,48.016666666666666
3371715,Control,5.416666666666667
3372333,Control,4.466666666666667
3373207,Test,6.283333333333333
3373550,Test,6.35
3373762,Test,2.3
3374146,Test,1.3666666666666667
3374318,Test,4.4
3375542,Test,20.616666666666667
3376026,Test,5.416666666666667
3376442,Control,4.5
3376452,Test,8.216666666666667
3376821,Test,8.583333333333334
3376862,Control,5.683333333333334
3376865,Control,24.15
3376992,Test,4.683333333333334
3377070,Test,2.8333333333333335
3377468,Test,8.433333333333334
3378508,Control,11.416666666666666
3378764,Test,5.45
3378895,Control,2.9166666666666665
3379197,Control,4.966666666666667
3379219,Test,6.15
3379539,Test,6.333333333333333
3379730,Control,20.9
3380167,Test,10.716666666666667
3380173,Control,3.15
3380680,Control,5.783333333333333
3381044,Test,4.45
3381737,Control,5.3
3382291,Test,4.583333333333333
3382714,Control,12.9
3382771,Test,1.75
3383059,Test,3.683333333333333
3383345,Test,2.1
3383807,Test,3.6166666666666667
3384890,Test,17.716666666666665
3385368,Test,5.216666666666667
3385452,Test,1.3166666666666667
3385688,Control,3.2333333333333334
3385748,Test,2.3333333333333335
3385968,Control,4.516666666666667
3386441,Control,3.533333333333333
3386736,Control,3.466666666666667
3386764,Control,13.733333333333333
3386953,Test,13.283333333333333
3387092,Control,46.266666666666666
3387119,Test,2.8666666666666667
3387213,Control,9.4
3387602,Test,6.5
3387907,Control,5.716666666666667
3388144,Control,1.75
3388462,Test,2.4166666666666665
3388667,Test,2.3
3389054,Control,2.816666666666667
3389093,Control,5.5
3389527,Control,1.95
3390281,Test,6.566666666666666
3390482,Test,3.8
3390803,Control,3.35
3391293,Control,4.366666666666666
3391330,Test,8.283333333333333
3391934,Test,3.3
3392094,Control,9.366666666666667
3392152,Control,4.433333333333334
3392170,Test,1.35
3392317,Control,3.533333333333333
3392515,Test,4.166666666666667
3392630,Test,2.9
3393250,Test,1.9166666666666667
3393414,Control,3.3666666666666667
3393813,Control,9.1
3393848,Control,2.3
3394004,Test,6.516666666666667
3394302,Test,1.7666666666666666
3394384,Test,3.5166666666666666
3394851,Test,3.3
3396143,Control,6.816666666666666
3397019,Control,8.133333333333333
3397094,Control,2.3
3397622,Test,7.083333333333333
3397950,Test,2.1333333333333333
3398321,Control,3.3833333333333333
3398348,Test,6.833333333333333
3398547,Control,1.0666666666666667
3398629,Control,5.033333333333333
3398684,Control,2.65
3399048,Control,2.2666666666666666
3399237,Control,1.1666666666666667
3399340,Control,4.65
3399501,Test,4.45
3399635,Test,18.95
3399869,Test,6.333333333333333
3400859,Test,20.716666666666665
3400860,Control,6.683333333333334
3401302,Control,1.1666666666666667
3401354,Test,2.066666666666667
3401430,Control,4.45
3401687,Control,3.2666666666666666
3401928,Test,18.4
3402183,Test,6.666666666666667
3402480,Test,9.733333333333333
3402568,Control,3.05
3403308,Test,2.716666666666667
3403556,Control,8.783333333333333
3403877,Test,6.383333333333334
3404053,Control,1.9333333333333333
3404471,Control,5.566666666666666
3404682,Control,5.5
3404704,Control,9.9
3405006,Test,2.55
3405815,Test,14.1
3405825,Control,5.0
3406058,Control,4.8
3406078,Control,4.716666666666667
3407578,Test,4.25
3407812,Test,2.683333333333333
3407926,Control,3.9833333333333334
3408073,Test,8.766666666666667
3408170,Test,5.233333333333333
3408953,Test,4.816666666666666
3409692,Control,3.45
3409704,Test,16.016666666666666
3409990,Test,3.7666666666666666
3410687,Control,1.6666666666666667
3411294,Test,8.55
3412138,Control,3.066666666666667
3412220,Test,10.25
3412302,Control,5.083333333333333
3412634,Control,3.8666666666666667
3412832,Control,4.6
3413149,Test,8.766666666666667
3413239,Test,8.933333333333334
3413528,Test,2.1166666666666667
3413877,Control,2.4833333333333334
3413971,Control,3.2
3414059,Control,7.25
3414284,Test,9.4
3414773,Control,3.1333333333333333
3415032,Control,3.816666666666667
3415699,Test,7.4
3416345,Test,6.183333333333334
3416474,Control,16.966666666666665
3416779,Control,5.4
3416849,Test,7.9
3416877,Control,2.183333333333333
3416889,Control,3.6
3416934,Control,3.0833333333333335
3416943,Control,6.316666666666666
3417010,Control,5.7
3417295,Test,4.25
3417498,Test,3.35
3417643,Test,1.95
3418053,Test,4.4
3418099,Control,2.316666666666667
3418277,Test,23.033333333333335
3418515,Test,2.15
3418762,Control,5.75
3418802,Control,2.8333333333333335
3418810,Test,3.033333333333333
3419139,Control,6.5
3420244,Control,4.166666666666667
3420276,Control,18.2
3420433,Control,4.083333333333333
3421040,Control,3.4166666666666665
3421186,Control,3.4833333333333334
3421393,Control,2.9
3421838,Control,4.366666666666666
3421897,Test,7.983333333333333
3422168,Test,3.8666666666666667
3422366,Test,3.8
3422908,Control,14.4
3423009,Control,3.933333333333333
3423318,Control,3.283333333333333
3423515,Test,3.566666666666667
3423634,Test,2.2333333333333334
3424024,Test,4.2
3424157,Test,3.066666666666667
3424180,Test,6.816666666666666
3424200,Test,3.283333333333333
3424355,Test,8.2
3425096,Test,2.15
3425156,Control,3.2
3425202,Test,2.566666666666667
3425254,Control,16.7
3425925,Control,11.966666666666667
3426724,Test,3.1333333333333333
3427750,Test,1.5166666666666666
3427928,Control,9.916666666666666
3428020,Test,2.6166666666666667
3428833,Test,8.3
3428853,Control,5.0
3429239,Test,11.166666666666666
3429784,Test,4.2
3429875,Test,10.75
3430448,Control,1.65
3430492,Test,1.0666666666666667
3430793,Test,2.1333333333333333
3430885,Control,15.916666666666666
3431014,Test,3.8666666666666667
3431024,Control,9.65
3431165,Control,2.2666666666666666
3431620,Test,1.4666666666666666
3431660,Test,21.583333333333332
3431846,Control,2.033333333333333
3432025,Control,3.0833333333333335
3432043,Test,2.683333333333333
3432060,Control,1.5166666666666666
3432297,Control,5.816666666666666
3432305,Control,1.55
3432472,Test,3.9833333333333334
3433053,Control,2.45
3433215,Control,2.7333333333333334
3433766,Control,10.616666666666667
3433836,Test,4.25
3433998,Control,4.516666666666667
3434100,Control,6.166666666666667
3434225,Test,4.3
3434377,Test,1.95
3434412,Test,5.383333333333334
3434508,Control,2.7666666666666666
3434665,Test,2.2333333333333334
3434892,Control,7.433333333333334
3435535,Test,4.466666666666667
3435545,Control,6.333333333333333
3436036,Test,1.5333333333333334
3436512,Control,5.1
3436953,Test,6.583333333333333
3436975,Control,2.5833333333333335
3437771,Control,8.533333333333333
3437781,Control,13.033333333333333
3438431,Control,2.2
3438672,Test,9.016666666666667
3438860,Control,19.483333333333334
3439492,Test,8.75
3439716,Test,3.4833333333333334
3440791,Control,2.216666666666667
3440881,Test,14.766666666666667
3441070,Test,2.183333333333333
3441915,Control,5.233333333333333
3442204,Test,1.6
3442575,Control,11.25
3442612,Test,3.4833333333333334
3442846,Test,2.3
3442959,Control,5.0
3443014,Test,1.1166666666666667
3443063,Test,7.25
3443827,Control,8.483333333333333
3443904,Control,2.033333333333333
3444104,Test,10.7
3444332,Test,8.866666666666667
3445099,Test,3.2333333333333334
3445203,Control,6.983333333333333
3445770,Test,8.083333333333334
3446089,Control,3.6166666666666667
3446682,Test,5.833333333333333
3446827,Test,4.466666666666667
3447031,Control,2.6
3447384,Control,4.433333333333334
3447667,Control,7.816666666666666
3448079,Control,5.083333333333333
3448244,Test,9.183333333333334
3449157,Control,4.583333333333333
3449277,Control,19.4
3449388,Control,6.616666666666666
3449485,Test,20.95
3449739,Control,4.916666666666667
3449920,Control,15.416666666666666
3449981,Test,4.783333333333333
3449996,Test,4.75
3450553,Control,2.7333333333333334
3450870,Control,1.85
3451071,Control,3.0
3451808,Test,2.1
3451908,Test,3.316666666666667
3452031,Test,10.983333333333333
3452615,Control,19.266666666666666
3452782,Test,21.883333333333333
3452850,Test,3.3833333333333333
3452953,Control,2.466666666666667
3453063,Control,5.383333333333334
3453181,Test,11.516666666666667
3453411,Test,8.05
3453663,Control,6.266666666666667
3453846,Control,2.8333333333333335
3454815,Test,1.25
3454901,Control,9.033333333333333
3454937,Control,13.033333333333333
3455139,Test,5.533333333333333
3455729,Control,5.416666666666667
3457117,Test,3.2
3457331,Test,2.7666666666666666
3458188,Test,4.283333333333333
3458847,Test,38.43333333333333
3458978,Test,1.2166666666666666
3459625,Test,4.65
3459755,Control,3.1
3460226,Control,19.316666666666666
3460330,Control,8.95
3460547,Test,15.716666666666667
3460697,Control,3.6
3460741,Control,2.6
3460882,Test,2.75
3461027,Test,5.883333333333334
3461116,Control,12.383333333333333
3461541,Control,2.2
3461707,Control,1.9666666666666666
3462644,Test,9.466666666666667
3462836,Test,16.483333333333334
3463943,Control,5.566666666666666
3464312,Control,11.083333333333334
3464315,Control,4.55
3464519,Test,1.8333333333333333
3464541,Test,8.216666666666667
3464836,Test,1.4333333333333333
3465027,Control,4.283333333333333
3465286,Control,2.6333333333333333
3465652,Test,17.466666666666665
3466024,Test,7.083333333333333
3466102,Control,9.183333333333334
3466352,Control,3.2
3466478,Control,2.6166666666666667
3466680,Test,2.1
3466699,Control,4.766666666666667
3467432,Control,7.45
3467729,Test,3.0833333333333335
3467814,Control,3.25
3467900,Control,1.95
3468143,Control,2.4166666666666665
3468185,Test,4.6
3468586,Test,9.216666666666667
3468813,Control,10.7
3469137,Test,0.75
3469294,Control,2.183333333333333
3469508,Test,2.6166666666666667
3469548,Control,2.783333333333333
3469559,Control,5.533333333333333
3469734,Test,3.0
3470710,Control,1.45
3470971,Control,2.216666666666667
3471130,Test,6.166666666666667
3471892,Control,7.583333333333333
3471981,Test,2.45
3472561,Test,2.283333333333333
3474406,Test,5.183333333333334
3475892,Test,2.933333333333333
3476513,Test,3.8833333333333333
3476871,Control,7.083333333333333
3476892,Control,6.466666666666667
3476918,Control,6.15
3476970,Test,4.683333333333334
3477198,Test,3.05
3477535,Control,3.716666666666667
3477900,Test,1.2666666666666666
3477943,Test,3.0833333333333335
3478114,Test,6.183333333333334
3478239,Test,5.166666666666667
3478279,Control,3.2333333333333334
3478433,Control,2.966666666666667
3478523,Test,2.816666666666667
3478652,Control,14.0
3478671,Test,5.75
3478755,Test,10.5
3479493,Control,9.933333333333334
3479519,Control,5.9
3479663,Control,9.033333333333333
3480090,Control,4.05
3480805,Control,2.033333333333333
3480918,Test,3.55
3481997,Control,8.65
3482195,Control,17.666666666666668
3483027,Control,3.1333333333333333
3483144,Control,9.033333333333333
3483824,Test,6.483333333333333
3483828,Control,3.7
3483869,Test,4.4
3484393,Test,5.433333333333334
3484745,Test,2.316666666666667
3485394,Test,1.9166666666666667
3485485,Control,6.05
3485860,Test,4.566666666666666
3486040,Test,6.6
3486212,Test,5.033333333333333
3486447,Control,1.9166666666666667
3486803,Test,1.6
3486910,Test,2.7333333333333334
3487046,Test,3.55
3487248,Control,3.5
3487311,Control,2.2666666666666666
3487352,Test,3.35
3487866,Control,4.666666666666667
3488145,Test,3.066666666666667
3488454,Test,1.8666666666666667
3489363,Control,6.9
3490232,Test,14.866666666666667
3490396,Test,2.0166666666666666
3491788,Control,13.85
3491822,Control,2.7666666666666666
3492192,Control,3.75
3492512,Test,9.566666666666666
3492642,Test,3.0166666666666666
3493304,Control,8.9
3493322,Test,8.583333333333334
3493434,Control,3.8666666666666667
3493456,Test,8.0
3493560,Test,4.183333333333334
3493571,Test,10.433333333333334
3493690,Control,1.9666666666666666
3493700,Test,5.583333333333333
3494298,Test,2.1333333333333333
3494648,Test,3.75
3495059,Control,10.483333333333333
3495158,Control,20.433333333333334
3495630,Control,7.2
3495757,Control,18.133333333333333
3495838,Test,8.583333333333334
3495844,Test,6.3
3495911,Test,54.583333333333336
3496236,Test,10.1
3497471,Control,6.183333333333334
3497494,Control,7.966666666666667
3498098,Test,3.6333333333333333
3498908,Control,4.75
3498978,Test,3.95
3499085,Control,0.8166666666666667
3499592,Control,2.7666666666666666
3500099,Test,4.433333333333334
3500630,Control,23.333333333333332
3500783,Control,6.65
3501202,Control,8.85
3501299,Test,9.666666666666666
3501436,Test,24.516666666666666
3501547,Control,10.25
3502276,Control,5.633333333333334
3502301,Test,4.783333333333333
3502513,Test,3.1666666666666665
3502601,Control,14.45
3503092,Test,2.783333333333333
3503142,Test,2.75
3503567,Test,14.433333333333334
3503591,Test,7.7
3503831,Test,5.133333333333334
3504237,Test,14.133333333333333
3504399,Test,1.6166666666666667
3504849,Test,76.85
3505821,Test,8.15
3506232,Control,2.216666666666667
3506305,Control,7.5
3507030,Test,5.116666666666666
3507632,Control,2.7333333333333334
3507953,Test,2.316666666666667
3507994,Test,3.066666666666667
3508086,Control,7.216666666666667
3508276,Test,6.383333333333334
3508681,Test,5.066666666666666
3508963,Control,4.783333333333333
3509130,Test,4.433333333333334
3510156,Control,33.166666666666664
3510441,Test,4.466666666666667
3510917,Control,5.116666666666666
3512229,Control,7.466666666666667
3512288,Control,11.466666666666667
3512476,Test,3.5166666666666666
3512962,Control,4.316666666666666
3513771,Test,14.65
3513949,Control,9.2
3514576,Control,53.38333333333333
3514875,Control,6.716666666666667
3515019,Test,1.5666666666666667
3515457,Control,9.7
3516095,Control,3.65
3516384,Control,2.816666666666667
3516520,Test,2.75
3517546,Test,8.6
3517625,Control,3.466666666666667
3517848,Test,2.7333333333333334
3517900,Control,2.1
3518821,Test,2.1333333333333333
3518897,Test,2.5833333333333335
3519145,Test,1.9833333333333334
3519205,Test,5.716666666666667
3519242,Control,5.416666666666667
3519352,Control,2.533333333333333
3519657,Control,4.283333333333333
3520139,Control,8.55
3520813,Test,1.5666666666666667
3521638,Control,5.45
3521874,Control,7.35
3522031,Control,13.266666666666667
3522242,Control,4.366666666666666
3522501,Test,5.1
3522819,Control,16.95
3522825,Control,4.533333333333333
3522919,Test,6.316666666666666
3523070,Test,2.9833333333333334
3523665,Control,2.3833333333333333
3524038,Test,44.31666666666667
3524127,Test,46.65
3524186,Test,1.6
3524354,Control,3.5
3524441,Test,7.7
3524846,Control,2.8333333333333335
3525015,Control,16.383333333333333
3525800,Test,3.066666666666667
3526399,Control,1.8666666666666667
3526750,Test,9.066666666666666
3526820,Control,6.05
3527354,Test,1.55
3527712,Test,15.4
3527715,Control,2.316666666666667
3527743,Test,3.4
3527757,Test,4.216666666666667
3528580,Control,14.066666666666666
3528600,Test,9.333333333333334
3528897,Test,2.7666666666666666
3529156,Test,5.316666666666666
3529675,Test,7.616666666666666
3530185,Test,9.566666666666666
3530347,Control,11.616666666666667
3530419,Test,3.7333333333333334
3530525,Test,6.633333333333334
3530964,Test,1.9666666666666666
3531612,Control,5.866666666666666
3531620,Control,2.3
3532488,Test,1.6
3532521,Control,11.9
3532587,Test,2.9
3532717,Control,3.816666666666667
3532962,Test,3.6
3533056,Test,5.233333333333333
3534032,Test,2.9
3534225,Test,4.083333333333333
3534994,Test,19.283333333333335
3535282,Control,2.6166666666666667
3535465,Test,20.65
3535575,Test,11.0
3536336,Control,4.383333333333334
3536435,Test,2.933333333333333
3536676,Control,2.2666666666666666
3536701,Test,6.283333333333333
3536773,Test,3.55
3536844,Control,2.6
3537292,Test,1.5666666666666667
3537735,Control,6.383333333333334
3537871,Test,5.116666666666666
3537950,Control,2.7333333333333334
3538261,Test,2.3333333333333335
3538705,Control,12.8
3538787,Test,3.316666666666667
3538870,Test,3.216666666666667
3539231,Control,3.85
3539265,Control,5.316666666666666
3539384,Test,1.85
3539428,Test,6.166666666666667
3539756,Test,1.7333333333333334
3539952,Control,8.533333333333333
3539967,Test,5.866666666666666
3540313,Control,2.4
3540614,Test,18.45
3540633,Control,13.0
3540899,Control,3.2
3541275,Test,2.9833333333333334
3541284,Test,4.0
3541314,Test,5.033333333333333
3541332,Control,1.2166666666666666
3541390,Test,4.5
3541443,Control,4.366666666666666
3541576,Test,11.416666666666666
3541608,Control,1.5833333333333333
3542128,Test,3.466666666666667
3542559,Control,3.6666666666666665
3543043,Control,5.083333333333333
3543621,Control,14.05
3543667,Test,15.366666666666667
3543788,Test,4.383333333333334
3544620,Control,1.4
3544855,Test,3.9
3544864,Control,4.233333333333333
3544918,Control,6.566666666666666
3545210,Test,2.3833333333333333
3545851,Test,2.933333333333333
3546005,Test,2.533333333333333
3546104,Test,2.55
3546351,Control,4.833333333333333
3547029,Test,4.933333333333334
3548490,Test,3.1166666666666667
3548541,Test,6.15
3548574,Test,5.2
3549101,Control,4.6
3549172,Test,1.9
3549403,Control,3.966666666666667
3549882,Control,3.15
3550112,Test,1.55
3550308,Test,0.8666666666666667
3550672,Test,5.516666666666667
3551089,Control,2.65
3552092,Control,2.3666666666666667
3553373,Control,4.466666666666667
3553475,Control,4.766666666666667
3553567,Test,5.9
3554093,Control,2.5166666666666666
3554484,Test,14.066666666666666
3554790,Test,6.3
3555462,Test,1.7
3555541,Test,7.6
3556339,Test,15.55
3556393,Test,7.55
3556889,Test,1.9833333333333334
3557067,Test,4.433333333333334
3557382,Test,4.55
3557663,Control,3.8666666666666667
3557672,Control,4.616666666666666
3557845,Control,4.2
3558058,Test,3.25
3558302,Control,3.466666666666667
3559621,Test,3.566666666666667
3559667,Control,1.7666666666666666
3559978,Control,2.816666666666667
3560209,Control,5.666666666666667
3560316,Test,2.75
3560967,Control,14.233333333333333
3561382,Control,3.3
3561384,Test,3.4833333333333334
3561951,Control,6.783333333333333
3562277,Test,1.85
3562505,Control,3.4833333333333334
3562647,Test,3.1666666666666665
3562895,Control,3.5833333333333335
3563175,Control,2.9166666666666665
3563466,Test,7.316666666666666
3563683,Test,8.55
3563844,Test,3.9
3564357,Control,2.033333333333333
3564724,Control,2.6666666666666665
3564822,Control,7.583333333333333
3565517,Control,3.1666666666666665
3567859,Test,1.8166666666666667
3568571,Control,3.1666666666666665
3569036,Test,4.066666666666666
3569119,Test,3.3333333333333335
3569295,Test,3.3
3569601,Control,2.2666666666666666
3569902,Control,2.933333333333333
3570177,Test,2.2
3570952,Control,3.9833333333333334
3571028,Test,6.666666666666667
3571412,Control,22.95
3571454,Test,5.5
3571531,Test,4.0
3571812,Control,7.533333333333333
3571847,Control,5.066666666666666
3571971,Control,1.3666666666666667
3572257,Control,2.283333333333333
3573021,Test,4.7
3573345,Test,4.333333333333333
3573589,Control,10.283333333333333
3573864,Test,1.8166666666666667
3574005,Control,9.966666666666667
3574160,Test,15.6
3574365,Test,7.3
3574383,Control,2.783333333333333
3574479,Test,4.016666666666667
3574698,Control,8.466666666666667
3574793,Test,3.816666666666667
3575102,Test,1.85
3575463,Control,2.8333333333333335
3575507,Control,3.0833333333333335
3575659,Control,3.6166666666666667
3575714,Control,11.866666666666667
3575737,Control,3.433333333333333
3575992,Test,12.783333333333333
3576255,Test,2.316666666666667
3576829,Test,3.5166666666666666
3577478,Control,5.216666666666667
3577586,Control,6.183333333333334
3577625,Test,1.3333333333333333
3579679,Test,2.8833333333333333
3580891,Test,2.1333333333333333
3581096,Test,3.9
3581725,Control,2.683333333333333
3582221,Test,4.616666666666666
3582388,Test,5.683333333333334
3582462,Test,2.0
3582621,Test,1.6833333333333333
3583050,Control,1.6333333333333333
3583461,Test,2.3666666666666667
3583530,Control,13.65
3583574,Test,8.766666666666667
3584232,Control,3.433333333333333
3584557,Control,6.316666666666666
3584720,Control,6.066666666666666
3584819,Control,6.3
3584930,Test,2.9
3585961,Control,18.3
3586330,Test,4.3
3587187,Control,1.9
3587475,Control,2.466666666666667
3587803,Control,4.85
3587810,Control,3.9166666666666665
3587894,Test,4.016666666666667
3588397,Control,4.733333333333333
3588431,Control,6.016666666666667
3589087,Test,2.066666666666667
3589777,Control,2.0166666666666666
3590091,Control,1.5833333333333333
3590108,Test,3.8833333333333333
3590118,Control,4.1
3590194,Control,2.15
3590454,Test,18.9
3590765,Test,1.1833333333333333
3591357,Control,5.25
3591489,Control,2.85
3591761,Test,9.233333333333333
3593503,Control,10.116666666666667
3593571,Test,2.35
3594554,Control,7.066666666666666
3594779,Test,15.033333333333333
3594919,Test,1.6833333333333333
3595560,Control,3.5
3595638,Test,7.05
3595800,Test,1.6333333333333333
3596285,Test,2.8
3596662,Test,2.4166666666666665
3597017,Test,8.7
3597322,Test,1.9333333333333333
3597835,Test,5.716666666666667
3597878,Test,1.5
3597994,Control,4.016666666666667
3598019,Control,2.566666666666667
3598438,Control,3.1333333333333333
3598548,Control,6.8
3599122,Control,13.8
3599159,Test,11.95
3599890,Test,2.066666666666667
3600227,Test,3.216666666666667
3600460,Test,2.2
3600673,Control,2.35
3600955,Test,1.0333333333333334
3601334,Test,7.166666666666667
3601355,Test,2.6666666666666665
3602152,Test,2.1
3602591,Control,3.05
3602878,Test,0.9833333333333333
3603584,Control,2.5
3603652,Test,3.216666666666667
3603721,Control,6.533333333333333
3604010,Test,5.0
3604047,Control,7.733333333333333
3604123,Test,9.983333333333333
3604194,Control,6.333333333333333
3604196,Control,3.8
3604421,Control,8.416666666666666
3605308,Test,1.8833333333333333
3605411,Control,8.75
3605980,Control,6.116666666666666
3606469,Test,1.7833333333333334
3606496,Control,10.6
3606765,Test,3.9166666666666665
3606864,Test,3.1
3607018,Test,3.1666666666666665
3607333,Control,4.466666666666667
3608063,Control,13.1
3608206,Control,1.9833333333333334
3608276,Test,13.733333333333333
3608710,Test,2.2333333333333334
3608801,Control,10.0
3608902,Test,9.316666666666666
3609051,Control,7.816666666666666
3609320,Test,1.75
3609731,Test,1.8
3610018,Control,7.633333333333334
3610632,Test,1.1666666666666667
3610837,Test,9.5
3610869,Test,7.933333333333334
3610897,Control,1.3666666666666667
3610921,Test,1.9
3610949,Control,3.6166666666666667
3611896,Control,2.4833333333333334
3612014,Test,2.9166666666666665
3612419,Control,2.85
3612614,Test,10.166666666666666
3613404,Control,1.5
3613974,Test,4.4
3614938,Test,8.033333333333333
3615899,Control,3.433333333333333
3616073,Test,2.283333333333333
3616483,Control,3.933333333333333
3616576,Control,9.05
3616580,Control,5.233333333333333
3616817,Test,9.75
3617305,Control,3.75
3617339,Test,3.1333333333333333
3617551,Test,3.1166666666666667
3617668,Control,5.233333333333333
3617707,Control,9.883333333333333
3617710,Control,3.3
3617870,Control,2.966666666666667
3618224,Test,3.9166666666666665
3618409,Control,3.183333333333333
3618704,Test,4.766666666666667
3619249,Test,15.183333333333334
3619773,Test,2.1666666666666665
3620400,Control,2.45
3620458,Test,1.4
3620860,Test,17.45
3621426,Control,9.483333333333333
3623360,Test,17.533333333333335
3623595,Test,1.45
3623679,Control,5.3
3624125,Control,2.533333333333333
3624407,Test,11.966666666666667
3624461,Test,2.55
3625047,Test,2.7666666666666666
3625482,Test,3.75
3625526,Test,3.0833333333333335
3625903,Control,3.1166666666666667
3626525,Test,5.483333333333333
3627847,Control,21.0
3628849,Test,7.116666666666666
3628890,Test,3.2666666666666666
3629058,Test,3.4833333333333334
3629140,Control,6.383333333333334
3629197,Control,4.733333333333333
3629373,Control,10.416666666666666
3629384,Control,8.9
3630049,Test,1.0
3630175,Test,5.2
3630419,Test,4.9
3630437,Control,1.6666666666666667
3630522,Test,9.4
3631010,Test,9.766666666666667
3631101,Control,3.1666666666666665
3631357,Test,1.7833333333333334
3631715,Test,1.4166666666666667
3631920,Control,2.683333333333333
3632590,Test,3.85
3633157,Control,3.0166666666666666
3633303,Control,2.6166666666666667
3633371,Control,4.85
3633415,Test,13.433333333333334
3633784,Test,3.8
3634241,Test,1.2833333333333334
3634423,Test,5.15
3634652,Test,2.816666666666667
3634717,Test,12.116666666666667
3635736,Test,3.05
3635810,Control,1.3666666666666667
3635906,Control,7.066666666666666
3636115,Test,4.833333333333333
3636219,Test,1.7666666666666666
3636597,Control,5.55
3637020,Test,17.833333333333332
3637573,Control,6.433333333333334
3637652,Control,4.15
3638086,Test,2.35
3638107,Control,6.083333333333333
3638154,Test,5.716666666666667
3638336,Test,2.8666666666666667
3638494,Test,2.066666666666667
3638761,Control,4.566666666666666
3638833,Test,10.316666666666666
3638908,Test,33.88333333333333
3639066,Test,4.666666666666667
3639173,Test,4.2
3639266,Test,2.316666666666667
3639453,Control,5.666666666666667
3639936,Test,1.1833333333333333
3640050,Test,2.8
3640152,Control,9.95
3640372,Control,2.5166666666666666
3640582,Control,12.85
3640838,Control,29.216666666666665
3641009,Test,2.683333333333333
3641229,Test,1.45
3641688,Control,5.266666666666667
3641971,Test,2.65
3642371,Test,4.2
3642835,Control,7.7
3643127,Test,8.066666666666666
3643142,Control,24.8
3643837,Test,4.366666666666666
3644084,Test,2.3666666666666667
3645474,Test,2.2
3646203,Control,6.25
3646268,Control,14.433333333333334
3646669,Test,5.4
3646787,Control,4.083333333333333
3646922,Test,3.283333333333333
3647266,Test,1.9
3647426,Test,13.833333333333334
3647758,Control,10.433333333333334
3648550,Control,1.8
3648559,Control,3.6
3648865,Control,5.216666666666667
3648974,Control,2.5
3649153,Test,9.466666666666667
3649658,Control,3.283333333333333
3649806,Test,15.033333333333333
3650185,Control,3.0166666666666666
3650268,Control,2.783333333333333
3650421,Test,4.316666666666666
3650618,Control,2.8833333333333333
3651747,Test,7.216666666666667
3651773,Control,23.35
3651919,Test,1.8333333333333333
3652116,Control,2.4833333333333334
3652385,Control,1.8
3652802,Test,1.8
3652844,Control,3.85
3653632,Test,1.1
3655678,Control,6.816666666666666
3656547,Test,1.4166666666666667
3656557,Test,2.3333333333333335
3656867,Test,4.916666666666667
3657005,Test,1.8666666666666667
3657224,Test,4.933333333333334
3657729,Test,2.1
3657873,Test,3.3333333333333335
3657999,Test,4.133333333333334
3658118,Control,7.566666666666666
3658635,Test,2.216666666666667
3658858,Test,1.4333333333333333
3659186,Control,1.8833333333333333
3659476,Test,6.7
3659480,Test,3.566666666666667
3659547,Control,4.55
3659772,Control,2.4833333333333334
3659871,Control,2.783333333333333
3660416,Control,2.9166666666666665
3660479,Control,3.1666666666666665
3660756,Control,4.816666666666666
3660939,Control,4.133333333333334
3661101,Test,5.733333333333333
3661108,Control,3.9166666666666665
3661362,Control,12.016666666666667
3662008,Test,3.316666666666667
3662957,Test,1.1166666666666667
3663445,Test,4.783333333333333
3663500,Test,2.783333333333333
3663796,Control,4.683333333333334
3663972,Test,3.933333333333333
3664748,Control,4.433333333333334
3664764,Control,10.416666666666666
3665114,Control,5.8
3665128,Control,5.983333333333333
3665178,Control,2.033333333333333
3665399,Control,4.7
3665407,Test,8.25
3665536,Control,5.45
3665656,Test,1.3833333333333333
3665763,Test,3.7666666666666666
3666894,Control,11.183333333333334
3667184,Test,5.65
3667191,Test,3.75
3667266,Control,1.4166666666666667
3667641,Test,2.466666666666667
3667643,Control,5.466666666666667
3667720,Test,2.3
3667972,Control,10.8
3668546,Test,5.05
3668675,Test,19.016666666666666
3669234,Control,3.65
3669611,Control,8.55
3669739,Test,5.816666666666666
3669767,Control,3.1333333333333333
3670242,Test,11.266666666666667
3670387,Test,3.0
3670962,Control,4.183333333333334
3671176,Test,1.9666666666666666
3671190,Control,7.283333333333333
3671415,Control,13.633333333333333
3671491,Control,8.366666666666667
3671543,Control,5.65
3671964,Control,9.766666666666667
3671973,Control,4.383333333333334
3671999,Control,9.116666666666667
3672044,Test,2.75
3672119,Control,4.016666666666667
3672340,Control,11.883333333333333
3672487,Control,8.85
3673685,Test,5.15
3673713,Control,2.5833333333333335
3673802,Test,19.666666666666668
3673896,Control,2.066666666666667
3674015,Test,30.0
3674355,Control,2.6666666666666665
3674412,Control,4.45
3674578,Test,8.5
3675237,Control,3.3333333333333335
3675845,Test,1.7666666666666666
3675846,Control,2.8
3676026,Test,3.1666666666666665
3676195,Test,7.216666666666667
3676703,Test,3.466666666666667
3676830,Control,3.533333333333333
3676884,Test,6.45
3677321,Control,5.416666666666667
3677393,Test,3.216666666666667
3677500,Test,2.3666666666666667
3677919,Test,2.033333333333333
3677926,Test,4.733333333333333
3677950,Test,40.56666666666667
3678087,Test,3.35
3678111,Test,5.033333333333333
3678302,Control,5.066666666666666
3678353,Control,6.0
3678422,Control,5.316666666666666
3678586,Test,9.1
3678887,Control,11.666666666666666
3679449,Test,1.55
3679652,Test,13.75
3679664,Test,2.8333333333333335
3680793,Control,25.733333333333334
3680890,Control,4.383333333333334
3681183,Test,4.333333333333333
3681208,Test,1.2166666666666666
3681410,Test,9.016666666666667
3681755,Control,3.1
3682168,Test,2.15
3682246,Test,7.3
3682583,Test,4.2
3683394,Control,6.766666666666667
3684063,Control,5.116666666666666
3684173,Control,2.783333333333333
3684393,Test,5.483333333333333
3684443,Test,1.4333333333333333
3684699,Test,1.3833333333333333
3685140,Test,10.583333333333334
3685546,Control,3.066666666666667
3685560,Test,1.95
3686017,Control,2.816666666666667
3686174,Test,8.083333333333334
3686536,Test,4.25
3686557,Control,16.283333333333335
3686976,Test,7.633333333333334
3687124,Test,74.83333333333333
3688039,Test,2.45
3688173,Test,19.5
3689198,Control,5.7
3689244,Control,4.483333333333333
3689258,Test,3.1
3689684,Control,7.766666666666667
3689881,Control,8.566666666666666
3689957,Control,2.683333333333333
3690037,Test,2.6666666666666665
3690352,Control,5.816666666666666
3690437,Test,2.55
3690628,Control,1.85
3690678,Test,7.75
3690783,Test,6.483333333333333
3690840,Control,2.966666666666667
3691827,Test,2.533333333333333
3692447,Test,3.466666666666667
3692616,Control,3.1666666666666665
3692882,Test,3.033333333333333
3693187,Test,3.0833333333333335
3693854,Control,5.083333333333333
3694112,Test,3.466666666666667
3694585,Control,5.566666666666666
3694953,Test,11.95
3695333,Control,5.65
3695352,Control,3.3333333333333335
3695438,Control,4.9
3695599,Test,2.9166666666666665
3696125,Control,12.116666666666667
3696448,Control,6.083333333333333
3696592,Control,4.416666666666667
3696702,Test,34.85
3696773,Test,1.35
3697179,Test,8.766666666666667
3697396,Test,2.7333333333333334
3697484,Control,4.566666666666666
3698590,Test,2.4
3698680,Test,18.25
3698906,Test,6.533333333333333
3699379,Test,3.0166666666666666
3699907,Test,1.1
3700524,Test,9.116666666666667
3700637,Test,6.116666666666666
3700826,Control,3.216666666666667
3700934,Control,4.4
3701076,Control,10.133333333333333
3701316,Control,0.9
3701649,Control,3.9
3701784,Control,22.5
3701915,Test,7.55
3702154,Control,18.9
3702457,Test,3.3333333333333335
3702571,Test,16.683333333333334
3702725,Test,5.7
3703213,Test,3.0
3703282,Control,2.5833333333333335
3703524,Control,21.8
3703729,Test,4.266666666666667
3704365,Test,5.05
3704379,Test,2.6666666666666665
3704470,Test,4.583333333333333
3704866,Test,4.4
3705725,Test,2.8333333333333335
3706299,Control,1.3
3706636,Control,6.283333333333333
3707462,Test,4.0
3707510,Test,4.016666666666667
3708082,Test,2.0833333333333335
3708400,Test,1.7666666666666666
3708511,Test,7.566666666666666
3709078,Control,1.3333333333333333
3709112,Control,3.966666666666667
3709151,Control,7.266666666666667
3709487,Test,3.2666666666666666
3709743,Test,17.916666666666668
3709854,Test,3.783333333333333
3710054,Control,1.95
3710094,Control,3.316666666666667
3710401,Test,6.566666666666666
3710637,Test,2.716666666666667
3710682,Test,20.75
3710720,Control,4.666666666666667
3711153,Control,8.75
3711495,Control,6.183333333333334
3711599,Control,9.6
3712567,Control,6.183333333333334
3714063,Control,9.933333333333334
3714922,Control,3.2666666666666666
3715104,Test,4.35
3715453,Test,2.433333333333333
3715582,Test,2.033333333333333
3717237,Control,2.3666666666666667
3717263,Control,2.8
3717404,Control,5.633333333333334
3717634,Control,26.366666666666667
3717863,Control,5.133333333333334
3718486,Test,3.3666666666666667
3718550,Control,3.15
3718687,Control,2.283333333333333
3719172,Test,0.7666666666666667
3719298,Test,2.1666666666666665
3719522,Test,3.816666666666667
3719801,Test,8.2
3719875,Test,7.916666666666667
3720127,Control,4.85
3720267,Control,5.616666666666666
3720943,Test,12.916666666666666
3721028,Control,21.483333333333334
3721103,Control,3.816666666666667
3721289,Test,8.483333333333333
3721563,Control,6.216666666666667
3721824,Test,9.75
3722419,Control,6.416666666666667
3722490,Test,3.1
3722835,Test,12.766666666666667
3724649,Control,17.95
3725247,Control,15.316666666666666
3725597,Control,16.75
3725634,Control,9.0
3725702,Test,1.6333333333333333
3725705,Test,5.683333333333334
3726879,Control,3.566666666666667
3727197,Test,2.55
3727435,Control,4.766666666666667
3727439,Test,2.533333333333333
3727654,Control,4.866666666666666
3727881,Control,6.5
3728210,Control,3.2333333333333334
3728524,Control,2.433333333333333
3728532,Control,6.566666666666666
3728776,Test,14.716666666666667
3729518,Test,5.4
3729673,Control,2.0
3729716,Test,11.583333333333334
3729718,Test,4.2
3729817,Test,3.066666666666667
3730384,Test,1.4333333333333333
3730471,Test,4.133333333333334
3730736,Control,2.183333333333333
3730863,Control,6.966666666666667
3731242,Test,8.333333333333334
3731320,Test,3.2
3731627,Test,7.833333333333333
3731907,Test,2.5166666666666666
3731938,Test,4.133333333333334
3731942,Test,2.683333333333333
3732770,Control,6.566666666666666
3732922,Test,2.966666666666667
3733130,Test,3.5
3733285,Test,10.066666666666666
3733482,Test,7.2
3733535,Control,5.816666666666666
3733656,Control,3.45
3734268,Test,9.733333333333333
3734319,Control,17.016666666666666
3734426,Control,2.15
3734502,Control,9.816666666666666
3734657,Test,36.3
3734746,Test,4.85
3735067,Test,2.65
3735869,Control,1.2333333333333334
3736142,Test,6.283333333333333
3736638,Control,8.516666666666667
3736874,Test,5.55
3736958,Control,9.316666666666666
3738189,Control,8.633333333333333
3738467,Test,12.933333333333334
3738717,Control,2.6666666666666665
3738762,Control,4.083333333333333
3739003,Control,3.816666666666667
3739117,Control,9.516666666666667
3739799,Test,1.5
3739896,Test,1.6833333333333333
3740163,Test,4.55
3740598,Control,3.033333333333333
3740622,Control,6.933333333333334
3740847,Test,1.3666666666666667
3740995,Control,5.616666666666666
3741073,Test,2.4166666666666665
3741118,Test,3.4833333333333334
3741674,Test,3.0
3741689,Control,3.3
3742276,Test,5.816666666666666
3742706,Control,12.383333333333333
3743776,Control,1.8666666666666667
3743953,Test,4.6
3743973,Control,2.8666666666666667
3744135,Control,2.1166666666666667
3745236,Test,2.716666666666667
3745557,Control,4.233333333333333
3745583,Control,2.3666666666666667
3745695,Control,3.1166666666666667
3746304,Test,36.583333333333336
3747204,Test,1.75
3747412,Control,1.6166666666666667
3747619,Test,1.8666666666666667
3749182,Test,1.9666666666666666
3749450,Test,2.8
3750476,Test,2.15
3750488,Test,12.016666666666667
3750586,Control,2.466666666666667
3750659,Control,2.9833333333333334
3750841,Control,3.466666666666667
3750864,Control,4.5
3750959,Control,6.483333333333333
3751021,Test,2.1
3751035,Test,5.533333333333333
3751049,Control,16.066666666666666
3751899,Test,2.8666666666666667
3751935,Test,9.816666666666666
3752764,Test,8.3
3752798,Control,8.033333333333333
3753413,Control,4.15
3753796,Control,4.25
3753816,Control,1.9333333333333333
3753901,Test,15.7
3754373,Test,2.1166666666666667
3754595,Test,1.2833333333333334
3754789,Control,0.95
3755150,Test,6.283333333333333
3755271,Control,1.7833333333333334
3755455,Control,1.7666666666666666
3756644,Control,2.35
3756708,Test,2.2333333333333334
3756833,Control,24.55
3757800,Test,15.016666666666667
3757803,Test,1.6833333333333333
3758071,Test,16.7
3758849,Control,5.05
3758871,Control,4.266666666666667
3759800,Test,1.7
3760446,Test,1.4666666666666666
3760540,Control,10.35
3760569,Test,3.1
3760660,Control,8.783333333333333
3760829,Test,9.0
3761114,Test,1.6333333333333333
3761562,Test,1.7166666666666666
3761832,Test,3.783333333333333
3761960,Control,6.916666666666667
3762172,Control,1.9333333333333333
3762515,Control,11.583333333333334
3762715,Test,3.783333333333333
3762736,Control,4.8
3763175,Control,3.2
3763288,Test,3.0833333333333335
3763697,Control,9.25
3763917,Test,9.5
3764472,Test,1.7333333333333334
3764694,Test,6.066666666666666
3764816,Control,14.283333333333333
3765844,Test,1.2333333333333334
3765879,Control,2.1166666666666667
3766006,Test,2.6333333333333333
3766077,Control,7.316666666666666
3766230,Test,2.0166666666666666
3766674,Test,1.3166666666666667
3766837,Test,8.15
3766933,Control,14.483333333333333
3767197,Control,12.233333333333333
3767203,Control,21.433333333333334
3767547,Test,3.4166666666666665
3767825,Control,2.8333333333333335
3768378,Test,0.9833333333333333
3768595,Test,2.533333333333333
3769005,Test,47.06666666666667
3769397,Control,2.55
3769420,Test,6.533333333333333
3769549,Test,2.8833333333333333
3770237,Control,2.95
3770364,Test,6.816666666666666
3771312,Control,13.55
3771690,Test,5.733333333333333
3772291,Control,9.316666666666666
3772689,Test,6.366666666666666
3773126,Control,3.35
3773376,Control,7.033333333333333
3773516,Control,3.4166666666666665
3773614,Control,4.0
3773891,Test,2.95
3774976,Control,2.433333333333333
3775302,Test,1.4333333333333333
3775339,Test,1.8
3775552,Control,7.416666666666667
3776116,Control,1.85
3776142,Control,3.3833333333333333
3776656,Test,17.483333333333334
3777319,Test,1.4166666666666667
3777351,Control,3.35
3777615,Test,1.8
3777764,Control,34.95
3777909,Control,5.983333333333333
3778173,Test,10.45
3778920,Test,5.85
3778929,Test,11.466666666666667
3779305,Control,7.1
3780314,Test,15.65
3780395,Control,3.9
3780585,Control,3.05
3780735,Control,12.6
3781114,Control,2.683333333333333
3781535,Test,3.7666666666666666
3781719,Control,6.866666666666666
3781768,Test,3.783333333333333
3781865,Control,6.016666666666667
3782015,Control,4.7
3782259,Test,2.8666666666666667
3782323,Control,1.6
3782368,Test,4.183333333333334
3782540,Test,10.116666666666667
3782737,Control,0.7833333333333333
3782928,Control,6.05
3783402,Control,1.25
3783662,Control,4.8
3783667,Control,1.7
3784224,Test,6.033333333333333
3784531,Test,4.25
3784584,Test,6.533333333333333
3784712,Test,2.45
3785212,Test,4.116666666666666
3785692,Test,1.9833333333333334
3786111,Control,1.8166666666666667
3786999,Control,2.9
3787037,Control,2.2333333333333334
3787666,Control,2.3666666666666667
3787718,Test,3.1333333333333333
3787817,Test,3.966666666666667
3787912,Control,1.7666666666666666
3787914,Control,11.016666666666667
3788076,Control,5.583333333333333
3788314,Control,4.983333333333333
3788459,Test,1.3166666666666667
3788589,Control,10.95
3788778,Test,3.1
3789134,Control,23.216666666666665
3789198,Test,2.533333333333333
3789433,Control,4.766666666666667
3789526,Test,2.683333333333333
3789652,Control,5.183333333333334
3789788,Control,3.2666666666666666
3789829,Control,2.183333333333333
3789835,Control,19.033333333333335
3790117,Test,9.283333333333333
3790210,Test,4.95
3790491,Test,10.466666666666667
3790567,Test,5.9
3790766,Control,1.6833333333333333
3790866,Test,4.266666666666667
3790873,Control,2.05
3790912,Control,3.7666666666666666
3791797,Test,29.016666666666666
3791816,Control,2.433333333333333
3791844,Control,2.6333333333333333
3792840,Control,13.95
3792899,Control,5.983333333333333
3793051,Control,8.45
3793227,Control,5.883333333333334
3793824,Test,2.75
3793983,Test,2.783333333333333
3794106,Control,2.0833333333333335
3794155,Control,3.716666666666667
3794663,Test,1.9166666666666667
3795129,Control,3.9166666666666665
3795202,Test,5.85
3795248,Control,2.15
3795439,Test,6.683333333333334
3796389,Test,24.6
3796660,Control,3.75
3796973,Control,6.716666666666667
3797123,Control,26.716666666666665
3797377,Test,1.5666666666666667
3797617,Test,5.683333333333334
3797711,Control,2.9833333333333334
3797928,Control,3.5166666666666666
3798326,Test,2.2333333333333334
3798336,Control,2.5166666666666666
3798398,Control,2.966666666666667
3798462,Control,3.5833333333333335
3798672,Control,2.95
3798677,Test,19.516666666666666
3798807,Control,2.2666666666666666
3798962,Control,6.15
3798974,Test,1.75
3799215,Control,5.2
3799319,Control,5.433333333333334
3799834,Test,1.8
3800272,Test,3.066666666666667
3800274,Control,3.466666666666667
3800523,Test,14.4
3800969,Test,1.2833333333333334
3801029,Control,9.933333333333334
3801194,Test,2.4166666666666665
3801646,Test,1.55
3802015,Control,7.6
3802239,Test,4.016666666666667
3802316,Test,1.7833333333333334
3802414,Control,4.133333333333334
3803184,Test,11.683333333333334
3803353,Test,3.9833333333333334
3803658,Test,2.6333333333333333
3803958,Control,3.216666666666667
3804361,Control,2.1333333333333333
3804520,Test,2.8333333333333335
3804647,Control,3.533333333333333
3804845,Test,10.0
3804987,Test,2.1666666666666665
3805582,Test,35.96666666666667
3805781,Test,3.966666666666667
3806081,Test,5.133333333333334
3806151,Control,47.65
3806743,Test,7.683333333333334
3806942,Test,6.283333333333333
3807151,Test,2.0
3808102,Test,1.85
3808373,Control,4.833333333333333
3809150,Control,6.9
3809335,Control,5.716666666666667
3810215,Test,3.1333333333333333
3810370,Test,2.15
3811770,Test,14.6
3811803,Test,2.55
3812607,Test,2.183333333333333
3812918,Control,2.316666666666667
3813163,Control,2.65
3813353,Test,5.233333333333333
3813475,Test,4.666666666666667
3813496,Test,2.4
3813598,Control,3.2333333333333334
3813623,Control,3.2666666666666666
3813722,Control,4.833333333333333
3814109,Test,18.466666666666665
3814240,Control,2.1333333333333333
3815171,Test,3.3666666666666667
3815218,Test,2.25
3815343,Control,12.366666666666667
3815400,Test,2.9166666666666665
3815578,Control,2.316666666666667
3815811,Control,2.066666666666667
3815950,Test,2.4833333333333334
3815964,Control,2.95
3816013,Test,1.5333333333333334
3816418,Control,2.283333333333333
3816420,Control,2.1333333333333333
3816563,Test,0.95
3816965,Test,4.866666666666666
3817399,Test,2.5833333333333335
3817564,Control,3.85
3817802,Control,5.016666666666667
3817959,Control,2.316666666666667
3818006,Control,6.266666666666667
3818147,Control,2.6333333333333333
3818663,Test,14.583333333333334
3818808,Control,4.533333333333333
3819759,Test,2.25
3819803,Test,4.233333333333333
3819828,Test,2.95
3820224,Test,10.35
3820374,Control,18.166666666666668
3821408,Test,4.083333333333333
3821765,Control,3.1
3822148,Test,2.85
3823121,Test,8.5
3823180,Test,1.1
3823739,Test,1.9
3823935,Control,3.433333333333333
3824035,Control,5.683333333333334
3824141,Control,3.5833333333333335
3824498,Test,10.983333333333333
3824646,Test,5.3
3824926,Test,9.816666666666666
3825179,Test,9.633333333333333
3825239,Test,5.95
3825423,Test,3.816666666666667
3825646,Control,26.616666666666667
3826012,Test,3.0166666666666666
3826199,Control,4.25
3826249,Test,3.2
3826360,Control,6.733333333333333
3826614,Test,3.35
3826744,Control,1.5833333333333333
3827070,Test,10.066666666666666
3827180,Control,1.4
3827314,Test,2.683333333333333
3828068,Control,2.8833333333333333
3828351,Control,7.416666666666667
3828521,Test,1.9166666666666667
3828662,Control,4.583333333333333
3828800,Control,7.05
3829601,Test,9.85
3829679,Control,28.733333333333334
3829828,Test,3.316666666666667
3830242,Test,8.95
3830374,Control,2.45
3830629,Control,2.8833333333333333
3830710,Control,5.15
3830867,Test,9.316666666666666
3831213,Control,20.366666666666667
3831232,Test,14.4
3831672,Test,3.7666666666666666
3831678,Control,9.266666666666667
3832076,Test,3.8
3832110,Control,6.016666666666667
3832640,Test,5.616666666666666
3832843,Test,7.133333333333334
3833007,Test,7.283333333333333
3833224,Control,3.716666666666667
3833308,Test,3.6333333333333333
3833376,Test,2.15
3833432,Control,3.8833333333333333
3833983,Test,6.6
3834001,Control,4.9
3834217,Test,6.516666666666667
3835303,Test,2.283333333333333
3835769,Test,5.966666666666667
3835773,Test,10.15
3835844,Test,2.5833333333333335
3835929,Control,1.4333333333333333
3836030,Control,6.166666666666667
3836344,Control,2.65
3836346,Control,3.3333333333333335
3836360,Control,3.1333333333333333
3837450,Test,2.5166666666666666
3837497,Test,22.483333333333334
3837582,Test,5.083333333333333
3837682,Test,16.216666666666665
3837773,Test,3.4
3837966,Control,1.1166666666666667
3838035,Test,1.9333333333333333
3838215,Control,2.2666666666666666
3838913,Control,2.466666666666667
3839023,Control,10.866666666666667
3839207,Test,14.633333333333333
3839483,Control,3.433333333333333
3839531,Control,10.9
3839635,Control,2.933333333333333
3839983,Test,3.3333333333333335
3840271,Control,1.5
3840361,Test,5.566666666666666
3840710,Test,8.316666666666666
3840806,Test,3.683333333333333
3840809,Test,5.183333333333334
3840858,Control,1.1833333333333333
3840969,Control,2.4
3841048,Control,10.55
3841168,Test,5.783333333333333
3841189,Control,4.083333333333333
3841270,Control,4.366666666666666
3841482,Test,5.316666666666666
3841536,Test,13.05
3841617,Control,15.016666666666667
3841646,Test,9.0
3841861,Test,1.8333333333333333
3842338,Control,4.7
3842780,Test,2.3666666666666667
3843351,Test,2.316666666666667
3843556,Control,2.566666666666667
3843683,Control,3.1333333333333333
3844318,Test,9.333333333333334
3844345,Test,1.3
3844662,Control,2.3333333333333335
3844895,Test,10.916666666666666
3844943,Test,2.183333333333333
3845048,Test,4.866666666666666
3845216,Test,42.733333333333334
3845443,Test,7.266666666666667
3845541,Control,3.5166666666666666
3845584,Control,10.25
3846126,Test,8.4
3846557,Control,3.1166666666666667
3847466,Control,11.583333333333334
3847684,Control,2.75
3848025,Test,10.183333333333334
3849263,Test,3.316666666666667
3849384,Test,5.633333333333334
3849422,Test,7.816666666666666
3849449,Control,3.283333333333333
3849509,Test,5.6
3849568,Control,6.383333333333334
3849669,Test,5.9
3850432,Test,1.3666666666666667
3850910,Control,1.95
3850989,Control,3.35
3851413,Test,2.566666666666667
3852108,Test,7.816666666666666
3852160,Control,3.216666666666667
3852344,Test,5.316666666666666
3852675,Test,8.166666666666666
3852830,Control,3.15
3853105,Control,3.65
3853565,Control,3.1166666666666667
3854484,Test,8.233333333333333
3854972,Test,2.683333333333333
3854980,Control,11.483333333333333
3855497,Control,6.9
3855683,Control,18.85
3855695,Control,7.783333333333333
3856683,Control,5.6
3857653,Control,7.783333333333333
3858406,Test,3.816666666666667
3859509,Test,3.1
3859627,Control,6.05
3859749,Control,2.3333333333333335
3859765,Test,3.0833333333333335
3860424,Control,8.233333333333333
3860550,Test,2.1333333333333333
3860579,Test,2.216666666666667
3861052,Control,1.85
3861475,Control,1.65
3861702,Control,4.616666666666666
3861947,Control,8.3
3861955,Test,1.5666666666666667
3862418,Test,5.65
3862480,Test,2.3666666666666667
3862660,Test,2.3
3863076,Control,7.85
3863604,Control,26.85
3863719,Control,2.6166666666666667
3864216,Control,3.1
3864344,Test,3.0833333333333335
3864357,Test,3.0833333333333335
3864779,Test,2.316666666666667
3864921,Test,14.95
3865008,Test,3.25
3865057,Test,7.216666666666667
3865233,Control,4.25
3865974,Test,1.6
3866514,Control,3.316666666666667
3866523,Test,1.35
3866816,Test,11.116666666666667
3866893,Test,4.066666666666666
3867119,Test,1.8666666666666667
3867222,Test,7.15
3867575,Test,24.433333333333334
3868179,Test,2.216666666666667
3868191,Test,4.1
3868422,Control,3.1666666666666665
3868843,Test,1.9666666666666666
3868916,Control,3.1166666666666667
3870054,Test,3.4
3870564,Control,1.9833333333333334
3870847,Test,4.3
3871065,Control,19.533333333333335
3871465,Control,5.083333333333333
3872726,Test,13.016666666666667
3872764,Test,47.516666666666666
3873309,Test,2.4833333333333334
3873870,Control,3.2666666666666666
3873877,Test,4.583333333333333
3874051,Control,4.216666666666667
3874169,Test,5.05
3874313,Control,1.6
3874422,Control,1.9333333333333333
3874471,Control,2.783333333333333
3875205,Test,4.95
3875272,Control,1.6333333333333333
3875296,Test,24.833333333333332
3875362,Control,5.066666666666666
3875511,Test,4.166666666666667
3875579,Test,3.3
3875884,Test,5.333333333333333
3876094,Control,1.9833333333333334
3876293,Test,2.9
3876347,Control,6.0
3876565,Test,3.183333333333333
3876731,Control,12.4
3876955,Control,6.466666666666667
3877234,Control,1.7666666666666666
3877620,Test,3.3666666666666667
3877680,Control,2.45
3877820,Control,7.133333333333334
3878403,Test,41.11666666666667
3879152,Test,3.6166666666666667
3879549,Test,6.25
3879550,Control,6.55
3880053,Control,9.516666666666667
3880406,Test,8.316666666666666
3880791,Test,3.033333333333333
3881137,Test,5.95
3881207,Test,4.966666666666667
3881810,Test,9.066666666666666
3881868,Control,7.733333333333333
3882086,Control,4.533333333333333
3882744,Control,7.416666666666667
3882806,Test,2.1166666666666667
3883047,Test,1.6833333333333333
3884377,Control,2.2666666666666666
3884609,Control,3.8
3884652,Control,6.55
3884737,Test,6.966666666666667
3885108,Test,4.183333333333334
3885330,Test,1.9833333333333334
3885331,Control,5.883333333333334
3885894,Control,19.816666666666666
3886037,Test,7.283333333333333
3886476,Test,1.4333333333333333
3887490,Control,6.6
3887543,Control,5.1
3887603,Test,7.116666666666666
3888074,Test,6.75
3888161,Control,1.2833333333333334
3888366,Test,10.25
3888630,Control,2.6666666666666665
3889245,Test,36.11666666666667
3890503,Test,10.35
3890840,Control,3.816666666666667
3890873,Test,2.816666666666667
3891085,Test,8.45
3891143,Test,13.45
3891653,Test,16.883333333333333
3891838,Control,2.716666666666667
3892026,Control,1.7166666666666666
3892244,Control,1.9166666666666667
3892652,Test,8.083333333333334
3893289,Test,2.0833333333333335
3893303,Test,2.4166666666666665
3893516,Test,2.1333333333333333
3893805,Test,3.0
3893928,Test,3.683333333333333
3894548,Test,4.483333333333333
3894560,Test,4.833333333333333
3896264,Control,6.35
3897008,Test,3.283333333333333
3897297,Test,4.516666666666667
3897312,Test,1.7
3897463,Test,1.4166666666666667
3897621,Test,35.18333333333333
3897687,Control,3.183333333333333
3897933,Control,3.75
3899244,Control,2.4166666666666665
3899686,Test,3.05
3899785,Control,8.9
3899850,Test,2.25
3900372,Test,10.333333333333334
3900521,Control,37.13333333333333
3900738,Test,5.15
3901105,Control,15.466666666666667
3901436,Test,5.283333333333333
3901582,Test,0.9833333333333333
3901818,Test,1.45
3901823,Test,1.65
3901907,Test,5.483333333333333
3901956,Control,11.55
3902353,Control,2.9166666666666665
3903245,Control,7.166666666666667
3903635,Test,5.716666666666667
3903996,Test,10.1
3904119,Control,2.683333333333333
3904363,Test,17.766666666666666
3905252,Test,3.45
3905636,Test,4.583333333333333
3905654,Control,3.8
3906199,Control,12.866666666666667
3906238,Test,14.0
3906475,Test,5.166666666666667
3906864,Control,3.8833333333333333
3906973,Control,5.216666666666667
3907200,Test,3.1666666666666665
3907202,Control,4.15
3907225,Test,8.766666666666667
3907235,Control,6.116666666666666
3907538,Test,8.35
3908093,Control,8.25
3908215,Control,2.216666666666667
3908768,Control,3.2666666666666666
3908801,Test,5.266666666666667
3909011,Test,2.7666666666666666
3909754,Test,2.7
3910459,Control,3.75
3910804,Test,1.3
3912074,Test,7.15
3912665,Test,3.5833333333333335
3912962,Control,5.816666666666666
3913635,Test,2.283333333333333
3914072,Control,2.85
3914315,Test,2.25
3914703,Test,2.966666666666667
3914712,Test,8.433333333333334
3915245,Test,5.166666666666667
3915571,Control,2.2666666666666666
3915694,Control,4.683333333333334
3916056,Test,1.3666666666666667
3916251,Test,1.9333333333333333
3916407,Control,2.2666666666666666
3916659,Control,18.416666666666668
3916909,Control,4.75
3918248,Control,28.266666666666666
3918324,Control,3.683333333333333
3918588,Test,2.466666666666667
3918775,Test,15.116666666666667
3919298,Control,3.3666666666666667
3919386,Test,8.45
3919868,Test,2.1166666666666667
3920173,Control,2.716666666666667
3920526,Test,1.75
3921085,Control,3.8333333333333335
3921296,Control,4.05
3921358,Test,2.7666666666666666
3921540,Test,2.05
3922691,Control,2.5833333333333335
3922781,Test,3.466666666666667
3922965,Test,9.15
3922995,Control,4.416666666666667
3923067,Control,2.25
3923295,Test,0.9
3923641,Test,1.55
3924096,Test,4.483333333333333
3924155,Control,2.9833333333333334
3924557,Test,9.75
3924564,Test,12.65
3924963,Test,2.8833333333333333
3925181,Control,4.15
3925774,Test,2.6
3926312,Test,7.033333333333333
3926863,Control,5.116666666666666
3926907,Control,5.683333333333334
3928305,Control,6.766666666666667
3928547,Test,5.516666666666667
3928970,Test,9.583333333333334
3929153,Test,7.766666666666667
3929171,Test,4.1
3929399,Control,7.816666666666666
3930361,Test,1.4333333333333333
3930392,Control,7.216666666666667
3930546,Control,19.133333333333333
3930919,Test,3.966666666666667
3931038,Test,4.666666666666667
3931309,Control,8.666666666666666
3931325,Test,9.15
3931346,Test,8.566666666666666
3931941,Control,3.183333333333333
3932330,Test,2.2666666666666666
3932604,Test,3.7666666666666666
3932745,Control,3.033333333333333
3932987,Control,7.433333333333334
3933442,Test,1.65
3933525,Control,5.816666666666666
3933656,Control,3.85
3933697,Test,3.533333333333333
3933888,Test,3.5833333333333335
3933930,Control,4.816666666666666
3933968,Control,2.066666666666667
3934950,Control,1.7833333333333334
3935125,Test,7.2
3935621,Control,5.466666666666667
3935675,Test,2.9833333333333334
3935774,Test,2.75
3937930,Test,2.7333333333333334
3938135,Test,8.166666666666666
3938559,Test,14.533333333333333
3938611,Test,14.216666666666667
3939045,Test,1.6333333333333333
3939352,Test,4.533333333333333
3939524,Test,1.7333333333333334
3939684,Control,6.7
3939719,Control,5.183333333333334
3939804,Control,6.966666666666667
3940254,Control,5.966666666666667
3940326,Control,5.133333333333334
3940377,Control,5.85
3940524,Test,3.3833333333333333
3940616,Control,9.683333333333334
3940649,Control,2.283333333333333
3941116,Control,3.1166666666666667
3941793,Control,15.25
3941959,Control,3.033333333333333
3941993,Control,2.85
3942294,Control,1.1
3942363,Control,3.1666666666666665
3942971,Test,1.95
3943115,Test,9.833333333333334
3943762,Control,2.15
3943876,Test,5.05
3944187,Control,37.53333333333333
3944371,Control,28.183333333333334
3944686,Test,5.5
3944778,Control,4.333333333333333
3944863,Control,7.116666666666666
3944963,Test,6.883333333333334
3945051,Control,11.133333333333333
3945135,Test,4.116666666666666
3945400,Control,5.683333333333334
3945735,Control,3.966666666666667
3945965,Control,2.3
3946278,Test,2.95
3947020,Test,2.4
3948349,Control,4.583333333333333
3948817,Test,3.55
3948954,Test,4.433333333333334
3948974,Test,4.95
3949059,Control,17.483333333333334
3949122,Control,2.8666666666666667
3949276,Control,3.033333333333333
3949712,Test,1.7666666666666666
3949774,Test,19.75
3949788,Test,8.883333333333333
3950523,Test,23.983333333333334
3950608,Control,7.216666666666667
3950678,Control,2.533333333333333
3950760,Test,3.4
3950893,Test,1.7333333333333334
3951235,Test,1.45
3952018,Test,4.016666666666667
3952148,Control,7.733333333333333
3952291,Control,2.0166666666666666
3952364,Control,8.616666666666667
3953220,Control,5.55
3953921,Test,3.0166666666666666
3954242,Test,4.55
3954516,Test,3.566666666666667
3954818,Control,1.7166666666666666
3955373,Test,1.7333333333333334
3955964,Control,6.466666666666667
3956018,Test,3.6
3956430,Test,2.2
3956597,Control,5.483333333333333
3957097,Test,7.6
3957137,Control,5.166666666666667
3957228,Control,4.45
3957356,Control,4.133333333333334
3957627,Test,4.266666666666667
3957748,Control,17.116666666666667
3959099,Test,4.216666666666667
3959160,Test,3.85
3959195,Control,5.883333333333334
3959262,Control,22.55
3959425,Test,7.95
3959519,Control,9.4
3959645,Test,3.033333333333333
3959664,Test,1.1833333333333333
3959670,Control,4.483333333333333
3959756,Control,39.13333333333333
3959857,Test,2.45
3960029,Test,4.1
3960538,Control,4.55
3961127,Test,2.816666666666667
3961269,Test,7.733333333333333
3961852,Control,3.0833333333333335
3961862,Control,3.55
3962151,Control,1.4
3962588,Control,17.983333333333334
3962932,Test,2.716666666666667
3963765,Test,2.216666666666667
3963779,Test,1.0166666666666666
3964454,Test,2.3333333333333335
3964465,Control,8.133333333333333
3964671,Test,3.0
3965253,Test,5.75
3965494,Control,22.15
3965562,Control,2.15
3965651,Test,2.8333333333333335
3966046,Control,3.0
3966226,Control,5.583333333333333
3966228,Test,4.166666666666667
3966408,Control,4.25
3966534,Test,4.85
3966671,Test,13.5
3966756,Test,2.15
3967029,Control,2.533333333333333
3967220,Test,4.9
3967891,Control,4.783333333333333
3968117,Test,2.433333333333333
3968836,Test,5.45
3969475,Control,4.116666666666666
3970048,Test,11.916666666666666
3970184,Control,3.1333333333333333
3971130,Control,3.25
3971187,Test,2.3
3971315,Test,1.7
3971370,Test,5.416666666666667
3971621,Test,4.416666666666667
3972437,Control,5.883333333333334
3973582,Test,3.6666666666666665
3973715,Test,4.6
3973856,Control,1.3833333333333333
3973908,Control,6.533333333333333
3974144,Control,15.466666666666667
3974337,Control,3.2666666666666666
3974422,Test,1.5333333333333334
3974644,Control,5.183333333333334
3974948,Test,4.0
3974967,Test,5.916666666666667
3975369,Test,3.816666666666667
3975699,Control,5.8
3976013,Test,3.183333333333333
3976151,Control,3.6666666666666665
3976337,Test,2.1333333333333333
3976933,Control,1.6
3977195,Test,1.8166666666666667
3977429,Test,3.75
3977457,Control,2.433333333333333
3977654,Control,3.816666666666667
3977941,Control,7.333333333333333
3978474,Test,1.5
3979107,Control,2.1666666666666665
3979160,Control,10.083333333333334
3979168,Control,2.0
3979656,Test,4.75
3979917,Control,2.783333333333333
3979991,Control,2.2
3980394,Control,8.95
3980473,Test,2.4833333333333334
3980478,Control,22.15
3981655,Test,4.766666666666667
3981677,Test,11.516666666666667
3981823,Test,3.7666666666666666
3982600,Control,9.383333333333333
3983001,Control,2.5
3983191,Control,1.0666666666666667
3983350,Test,2.683333333333333
3983357,Test,2.4166666666666665
3983430,Control,12.283333333333333
3984014,Control,26.233333333333334
3984239,Test,1.6333333333333333
3984325,Test,2.4166666666666665
3984566,Control,3.566666666666667
3984593,Control,2.8
3984596,Test,26.466666666666665
3985654,Control,5.733333333333333
3985779,Control,3.8
3985863,Test,11.0
3986211,Test,2.683333333333333
3986551,Test,6.9
3986696,Test,1.8
3986763,Control,5.7
3986891,Test,6.2
3987115,Test,5.3
3987410,Test,5.533333333333333
3987590,Test,7.316666666666666
3987597,Control,27.55
3987868,Test,18.066666666666666
3988134,Control,6.933333333333334
3988709,Control,1.9
3988911,Test,6.9
3989454,Test,4.783333333333333
3989683,Control,12.483333333333333
3989766,Control,4.75
3990106,Control,3.0166666666666666
3990290,Test,2.0833333333333335
3990333,Test,15.716666666666667
3990344,Control,5.333333333333333
3990599,Test,4.7
3991063,Control,7.216666666666667
3991845,Control,3.183333333333333
3992683,Test,3.2
3992853,Test,3.2333333333333334
3993117,Control,2.1333333333333333
3993300,Control,13.233333333333333
3993467,Test,4.216666666666667
3993530,Test,2.6166666666666667
3993886,Test,11.583333333333334
3994008,Control,3.216666666666667
3994136,Control,7.133333333333334
3994437,Control,2.15
3994533,Control,5.216666666666667
3994773,Control,5.083333333333333
3995477,Control,5.183333333333334
3995589,Test,52.75
3995877,Test,17.0
3996280,Control,34.666666666666664
3996290,Control,5.716666666666667
3996455,Test,2.2333333333333334
3996868,Control,5.8
3997514,Control,2.3666666666666667
3998871,Test,53.1
3998906,Test,3.533333333333333
3998952,Test,1.8833333333333333
3999004,Control,1.85
3999026,Test,3.5
3999713,Control,7.816666666666666
4000356,Control,2.566666666666667
4000371,Control,5.683333333333334
4000639,Control,4.616666666666666
4000721,Test,19.783333333333335
4001267,Test,3.4833333333333334
4001333,Test,1.2333333333333334
4002069,Control,8.15
4002466,Test,5.066666666666666
4003311,Control,5.25
4003363,Test,2.1
4003380,Test,2.566666666666667
4003416,Test,2.433333333333333
4003764,Control,4.583333333333333
4003786,Test,10.083333333333334
4004030,Control,5.633333333333334
4004950,Test,18.883333333333333
4005162,Test,3.05
4005175,Control,2.216666666666667
4005341,Test,2.533333333333333
4005695,Test,1.8166666666666667
4005943,Control,3.0166666666666666
4006187,Test,3.9166666666666665
4006246,Test,15.05
4006328,Test,11.55
4006342,Test,3.6333333333333333
4006775,Test,1.95
4006955,Test,2.283333333333333
4007337,Test,8.45
4007571,Test,3.3666666666666667
4007948,Test,2.6166666666666667
4008010,Control,1.3
4008076,Control,2.9833333333333334
4008126,Control,7.7
4008427,Control,7.633333333333334
4008625,Control,6.166666666666667
4008847,Test,1.5333333333333334
4008901,Control,2.6333333333333333
4009035,Test,9.166666666666666
4009190,Test,2.7333333333333334
4009335,Test,2.15
4009468,Test,1.5666666666666667
4009531,Test,18.583333333333332
4009910,Test,2.2333333333333334
4010229,Test,6.116666666666666
4010271,Test,1.6666666666666667
4010608,Test,5.05
4010670,Test,2.3333333333333335
4010832,Control,2.1166666666666667
4010843,Control,3.816666666666667
4011032,Test,9.15
4011311,Test,2.1
4013415,Control,14.866666666666667
4013884,Test,13.716666666666667
4014201,Test,10.833333333333334
4014435,Control,6.933333333333334
4014787,Control,8.233333333333333
4014888,Control,2.0
4015337,Control,2.55
4015407,Test,2.0166666666666666
4015553,Test,2.816666666666667
4015993,Test,1.8333333333333333
4016160,Test,5.1
4016272,Control,1.7166666666666666
4016595,Control,4.183333333333334
4016670,Control,3.85
4017297,Control,7.783333333333333
4017302,Test,10.016666666666667
4017497,Control,2.55
4018750,Test,7.85
4018893,Control,10.816666666666666
4018966,Control,1.4166666666666667
4019292,Control,5.283333333333333
4019355,Control,41.46666666666667
4020274,Test,2.216666666666667
4020479,Test,7.75
4020782,Test,4.833333333333333
4020788,Control,2.8833333333333333
4021585,Control,2.9833333333333334
4021663,Control,12.2
4021908,Test,19.716666666666665
4022071,Test,1.3166666666666667
4022403,Test,3.85
4022550,Test,15.333333333333334
4022592,Test,4.783333333333333
4023749,Control,5.95
4023916,Control,10.766666666666667
4023943,Control,4.533333333333333
4024034,Control,7.283333333333333
4024129,Test,2.316666666666667
4024471,Control,13.133333333333333
4025125,Control,3.3833333333333333
4025387,Control,6.916666666666667
4026126,Control,1.9333333333333333
4026139,Control,3.283333333333333
4026198,Test,4.133333333333334
4026567,Test,1.7833333333333334
4026632,Test,2.5833333333333335
4026845,Test,5.833333333333333
4027064,Control,7.566666666666666
4027294,Test,5.516666666666667
4027346,Test,1.65
4027459,Test,4.35
4028151,Test,12.733333333333333
4028292,Control,7.116666666666666
4028331,Test,11.116666666666667
4028644,Control,3.5
4029048,Control,4.483333333333333
4029062,Control,8.566666666666666
4029417,Control,4.5
4029961,Control,9.933333333333334
4030724,Test,2.4833333333333334
4031135,Test,5.25
4031173,Test,7.15
4031392,Control,5.983333333333333
4031585,Test,1.7
4031845,Control,5.333333333333333
4031982,Control,5.7
4032180,Control,2.533333333333333
4032421,Test,1.4166666666666667
4032483,Test,8.15
4032636,Control,12.583333333333334
4032817,Test,4.233333333333333
4033437,Test,6.05
4033851,Control,24.866666666666667
4034134,Test,4.316666666666666
4034386,Control,13.483333333333333
4034407,Test,3.35
4034516,Control,4.416666666666667
4034714,Control,6.216666666666667
4034756,Test,1.8833333333333333
4034949,Test,5.983333333333333
4035134,Test,2.316666666666667
4035366,Control,4.916666666666667
4035739,Control,2.033333333333333
4035879,Test,7.766666666666667
4035907,Test,5.3
4035951,Control,3.816666666666667
4036051,Control,3.75
4036239,Control,3.033333333333333
4036345,Control,4.233333333333333
4036374,Control,1.6
4036686,Test,1.6666666666666667
4036982,Test,14.783333333333333
4037065,Test,3.85
4037586,Test,5.95
4038025,Control,18.083333333333332
4038383,Test,2.8
4039121,Test,7.216666666666667
4039480,Control,1.3833333333333333
4039539,Control,5.966666666666667
4039740,Test,6.716666666666667
4040609,Control,5.85
4042089,Control,11.866666666666667
4042144,Test,2.566666666666667
4042402,Test,2.4166666666666665
4042775,Control,5.083333333333333
4043033,Test,10.316666666666666
4043123,Control,5.083333333333333
4043285,Test,5.316666666666666
4043355,Control,2.466666666666667
4043427,Control,3.35
4043662,Control,12.4
4043994,Control,8.833333333333334
4044316,Test,5.416666666666667
4044372,Test,5.466666666666667
4044894,Test,10.416666666666666
4044961,Control,3.8833333333333333
4045017,Control,1.8666666666666667
4046178,Test,3.45
4046358,Test,2.9833333333333334
4046428,Control,4.35
4046490,Control,9.35
4048382,Test,5.066666666666666
4048734,Test,3.4166666666666665
4048904,Control,4.1
4048916,Control,5.85
4048954,Control,4.433333333333334
4049653,Test,2.933333333333333
4050302,Test,21.933333333333334
4050608,Test,5.883333333333334
4050627,Test,4.1
4051239,Test,1.2333333333333334
4051804,Control,5.533333333333333
4051889,Test,1.8666666666666667
4052168,Test,6.383333333333334
4052287,Control,3.6166666666666667
4052523,Test,4.716666666666667
4053170,Control,2.1666666666666665
4053669,Test,1.4833333333333334
4053786,Test,105.45
4053808,Test,4.033333333333333
4054320,Test,1.8
4054439,Test,1.9
4054538,Control,12.85
4054841,Test,3.15
4054879,Test,14.15
4054953,Control,2.1
4055095,Control,6.183333333333334
4055191,Test,1.5333333333333334
4055202,Control,9.283333333333333
4055484,Control,3.9
4055560,Control,6.733333333333333
4055697,Control,1.2833333333333334
4055971,Test,1.9833333333333334
4056116,Test,6.966666666666667
4056123,Test,3.9
4056755,Test,8.716666666666667
4056772,Test,3.7666666666666666
4056801,Test,4.383333333333334
4057075,Test,3.1333333333333333
4057120,Test,1.7833333333333334
4057461,Test,1.5666666666666667
4058187,Control,4.883333333333334
4058793,Control,6.833333333333333
4059081,Test,22.2
4059114,Test,29.15
4059220,Control,1.7666666666666666
4059279,Control,4.1
4059496,Test,5.483333333333333
4059611,Control,2.2333333333333334
4059624,Test,4.45
4059744,Test,9.733333333333333
4059897,Control,4.4
4060120,Control,5.316666666666666
4060334,Control,2.15
4060503,Test,48.95
4060581,Test,3.3666666666666667
4060775,Test,13.666666666666666
4060998,Control,15.45
4061104,Test,2.033333333333333
4061217,Test,4.45
4061506,Control,7.633333333333334
4061878,Test,3.0833333333333335
4061908,Test,4.4
4061962,Test,2.3333333333333335
4062529,Test,16.316666666666666
4062741,Test,5.416666666666667
4063057,Test,3.066666666666667
4063257,Control,5.95
4063405,Control,9.25
4063413,Test,2.55
4063626,Control,1.1166666666666667
4063853,Control,2.9833333333333334
4063880,Test,12.033333333333333
4064505,Test,8.233333333333333
4064969,Control,17.5
4065016,Test,6.6
4065052,Test,7.866666666666666
4065760,Test,10.1
4065831,Control,22.55
4066194,Test,14.883333333333333
4066207,Test,5.333333333333333
4066551,Control,1.8
4066643,Control,16.283333333333335
4066789,Test,2.5833333333333335
4066795,Control,7.533333333333333
4066835,Control,1.2333333333333334
4067691,Test,6.7
4068002,Control,1.7833333333333334
4068410,Control,14.0
4068771,Test,1.9833333333333334
4069070,Control,1.6
4069169,Test,2.566666666666667
4069319,Control,3.55
4069324,Control,11.6
4069427,Test,15.033333333333333
4069580,Test,3.7666666666666666
4069950,Test,10.316666666666666
4070311,Control,13.55
4070381,Control,4.85
4070558,Test,1.1166666666666667
4070629,Test,3.816666666666667
4070645,Test,2.8
4070732,Test,7.35
4070915,Test,3.316666666666667
4071423,Control,9.733333333333333
4071492,Control,9.55
4071532,Test,4.633333333333334
4071978,Control,3.933333333333333
4072010,Control,8.616666666666667
4072319,Control,1.8833333333333333
4072410,Control,3.85
4072973,Test,1.2833333333333334
4073402,Test,2.85
4073412,Control,2.4833333333333334
4073518,Test,14.433333333333334
4073560,Control,3.0166666666666666
4074198,Control,9.716666666666667
4074599,Test,15.916666666666666
4074779,Test,1.3833333333333333
4075251,Test,3.4
4075598,Test,3.966666666666667
4075614,Test,1.3666666666666667
4075792,Control,2.0166666666666666
4075832,Test,2.6
4076076,Control,4.566666666666666
4077074,Test,2.5
4077197,Test,42.6
4077516,Test,3.816666666666667
4079273,Test,10.8
4079351,Control,1.6666666666666667
4079367,Control,9.333333333333334
4079649,Control,3.816666666666667
4080024,Control,27.966666666666665
4080079,Control,2.033333333333333
4080093,Test,1.15
4080376,Test,5.533333333333333
4080642,Control,4.316666666666666
4080779,Control,2.4
4081122,Test,18.75
4081642,Control,1.85
4082227,Control,4.983333333333333
4082474,Test,2.9833333333333334
4082920,Control,3.033333333333333
4083216,Test,7.4
4083243,Test,2.8333333333333335
4083799,Test,4.283333333333333
4084333,Control,4.4
4084575,Control,5.116666666666666
4084839,Test,2.0
4085154,Test,2.2666666666666666
4085199,Test,3.183333333333333
4085238,Control,6.566666666666666
4085994,Control,11.233333333333333
4086613,Test,3.9166666666666665
4087259,Control,5.366666666666666
4087635,Test,2.6166666666666667
4087696,Test,3.9166666666666665
4087981,Control,2.1
4088681,Test,7.516666666666667
4089005,Control,1.9833333333333334
4089083,Control,3.55
4089647,Control,4.716666666666667
4089994,Test,8.533333333333333
4090058,Control,5.05
4090794,Control,11.9
4091136,Test,1.4
4091619,Control,10.2
4094092,Control,2.6
4094463,Test,3.65
4095211,Test,2.966666666666667
4095697,Test,22.166666666666668
4096660,Control,2.033333333333333
4097339,Test,6.266666666666667
4097570,Test,0.7166666666666667
4097966,Control,2.5166666666666666
4098097,Test,7.3
4098272,Test,20.616666666666667
4098282,Control,8.816666666666666
4098525,Test,9.866666666666667
4098943,Test,13.083333333333334
4099573,Control,4.083333333333333
4099580,Control,2.5
4099829,Control,7.933333333333334
4100161,Test,7.05
4100291,Test,2.4
4100642,Test,3.966666666666667
4100859,Test,2.3666666666666667
4101005,Control,10.95
4101033,Control,3.25
4101739,Test,2.3833333333333333
4101888,Test,2.316666666666667
4101933,Test,5.466666666666667
4102238,Test,5.566666666666666
4102473,Control,3.6666666666666665
4102668,Test,9.0
4102723,Control,7.5
4103879,Test,5.183333333333334
4104125,Test,5.65
4104396,Control,3.2666666666666666
4104497,Test,2.35
4104755,Test,3.066666666666667
4105116,Test,8.85
4105118,Test,1.1166666666666667
4105263,Test,1.2333333333333334
4105704,Test,2.566666666666667
4106216,Test,6.516666666666667
4106308,Control,2.6666666666666665
4106367,Control,5.75
4107185,Test,6.833333333333333
4107591,Control,2.5
4108261,Test,8.75
4108295,Test,3.9
4109359,Control,10.05
4109719,Test,3.566666666666667
4109815,Test,1.6833333333333333
4110552,Test,5.183333333333334
4111144,Test,7.216666666666667
4111814,Control,2.3666666666666667
4112213,Control,11.416666666666666
4112248,Control,5.45
4112456,Test,29.166666666666668
4112474,Control,7.45
4112563,Test,3.25
4113140,Test,11.25
4113740,Control,4.666666666666667
4114037,Control,1.45
4114730,Test,5.9
4115939,Control,2.15
4116628,Test,2.2
4116719,Test,4.766666666666667
4116773,Control,17.2
4116837,Test,7.25
4117315,Test,5.65
4117938,Control,3.316666666666667
4118034,Test,5.9
4118156,Test,2.933333333333333
4118627,Test,3.1
4118752,Test,4.65
4118789,Control,1.4166666666666667
4119453,Control,2.1
4119789,Test,12.983333333333333
4120229,Test,1.9
4120456,Control,0.6333333333333333
4120526,Test,3.566666666666667
4120604,Test,3.9833333333333334
4121100,Control,1.4833333333333334
4121121,Test,4.666666666666667
4121467,Test,10.183333333333334
4121606,Test,2.9
4122372,Control,3.7333333333333334
4122600,Test,30.216666666666665
4122934,Control,3.55
4123026,Test,6.216666666666667
4123242,Control,6.833333333333333
4123326,Test,7.066666666666666
4123542,Control,1.6833333333333333
4123651,Control,1.2166666666666666
4123816,Control,1.4
4124100,Test,11.316666666666666
4124205,Test,3.55
4124913,Control,4.183333333333334
4124935,Control,7.016666666666667
4125085,Test,2.033333333333333
4125670,Test,3.816666666666667
4126206,Test,7.266666666666667
4126756,Control,2.033333333333333
4126924,Control,3.6666666666666665
4127282,Test,5.3
4127597,Test,42.4
4128771,Test,2.816666666666667
4129281,Test,2.95
4129506,Control,5.916666666666667
4129537,Test,2.1166666666666667
4129973,Test,3.05
4130166,Test,2.1166666666666667
4130172,Test,3.75
4130347,Control,4.733333333333333
4130407,Control,1.95
4131648,Control,22.216666666666665
4132062,Control,1.4333333333333333
4132450,Test,4.566666666666666
4133405,Control,3.25
4133509,Control,14.333333333333334
4134661,Test,2.4833333333333334
4134674,Control,1.7666666666666666
4134775,Test,2.0
4135136,Control,11.283333333333333
4135604,Control,19.866666666666667
4135771,Test,0.9333333333333333
4136269,Control,8.866666666666667
4137311,Control,4.566666666666666
4137437,Test,2.033333333333333
4137479,Control,3.433333333333333
4137856,Test,2.7666666666666666
4137918,Test,1.5666666666666667
4138511,Control,4.866666666666666
4138774,Test,2.5833333333333335
4138843,Control,2.8333333333333335
4139086,Test,6.45
4139445,Control,13.183333333333334
4139496,Test,2.05
4139600,Test,4.816666666666666
4139977,Test,4.783333333333333
4140276,Control,5.0
4140751,Test,1.7
4141660,Test,14.216666666666667
4141865,Test,24.75
4141937,Control,7.6
4142015,Test,1.9166666666666667
4142051,Test,3.316666666666667
4142199,Test,1.9666666666666666
4142389,Control,4.016666666666667
4142763,Test,3.35
4143163,Test,1.45
4143292,Control,17.516666666666666
4143462,Control,2.3333333333333335
4143564,Control,4.6
4144091,Test,1.5
4146433,Test,1.3666666666666667
4147030,Test,4.1
4147280,Control,2.8666666666666667
4147935,Test,16.933333333333334
4147941,Control,4.083333333333333
4148066,Test,3.0166666666666666
4148135,Test,9.016666666666667
4148564,Test,2.8
4148568,Test,3.3666666666666667
4149505,Test,2.1333333333333333
4149721,Control,5.1
4149922,Test,12.95
4150493,Control,0.8833333333333333
4150996,Test,2.2666666666666666
4151424,Control,13.983333333333333
4152139,Test,2.45
4152899,Test,4.433333333333334
4153919,Test,3.566666666666667
4153931,Control,1.6333333333333333
4155983,Control,3.0833333333333335
4155989,Control,7.983333333333333
4156023,Control,2.9166666666666665
4156324,Control,2.966666666666667
4156608,Test,5.3
4158404,Control,4.033333333333333
4158625,Test,4.483333333333333
4159174,Control,5.283333333333333
4159523,Control,3.966666666666667
4159731,Control,2.45
4160074,Test,1.8
4160315,Control,10.75
4160440,Control,27.2
4160665,Test,1.3
4160742,Test,2.966666666666667
4161696,Test,28.45
4162111,Test,6.783333333333333
4162465,Test,4.8
4162600,Control,2.25
4163260,Control,3.933333333333333
4163739,Test,1.8166666666666667
4163891,Test,3.95
4164346,Control,6.416666666666667
4164359,Control,10.433333333333334
4164474,Control,14.566666666666666
4165094,Control,4.5
4165138,Control,1.4
4165370,Control,4.133333333333334
4165591,Test,4.333333333333333
4166100,Control,3.216666666666667
4166548,Control,12.516666666666667
4166734,Control,5.15
4166825,Test,4.7
4166929,Test,2.55
4167002,Test,2.3333333333333335
4167815,Test,8.016666666666667
4167905,Control,2.8666666666666667
4168408,Test,3.9166666666666665
4169017,Test,3.5166666666666666
4169758,Test,2.65
4170203,Control,1.8166666666666667
4170232,Control,1.95
4170491,Control,3.95
4170615,Control,0.65
4171396,Control,5.533333333333333
4172424,Control,4.983333333333333
4172892,Test,2.0166666666666666
4172990,Test,6.266666666666667
4173645,Test,1.3
4173840,Control,6.3
4174109,Control,1.65
4174312,Test,1.3
4174659,Test,1.6
4174800,Control,8.95
4174880,Test,8.316666666666666
4174906,Control,2.066666666666667
4175085,Control,4.25
4175200,Test,1.3833333333333333
4176656,Test,1.2666666666666666
4177113,Test,5.05
4177659,Control,4.433333333333334
4177841,Control,23.8
4177888,Control,3.95
4177979,Control,4.116666666666666
4178298,Test,9.75
4178617,Test,19.05
4178665,Control,4.266666666666667
4179100,Test,3.0833333333333335
4179192,Test,4.266666666666667
4179251,Control,4.466666666666667
4179288,Control,7.766666666666667
4179364,Control,2.6666666666666665
4179430,Test,3.533333333333333
4179527,Test,4.566666666666666
4180738,Control,4.7
4182475,Test,1.6333333333333333
4183199,Test,2.433333333333333
4183269,Control,8.4
4184757,Test,6.233333333333333
4184831,Test,3.466666666666667
4184834,Test,3.1166666666666667
4184921,Control,10.15
4185089,Test,3.6166666666666667
4185812,Control,4.933333333333334
4186429,Test,11.35
4187030,Control,2.216666666666667
4187113,Test,7.55
4187527,Control,9.65
4188215,Control,8.366666666666667
4188605,Test,1.9166666666666667
4189075,Test,2.6666666666666665
4189157,Test,7.566666666666666
4189284,Control,1.8666666666666667
4190250,Test,11.05
4190386,Test,5.616666666666666
4190442,Control,3.4833333333333334
4190539,Control,2.75
4191064,Control,3.65
4192940,Control,1.2
4193281,Control,17.8
4193650,Control,3.0166666666666666
4194127,Control,11.883333333333333
4194716,Control,26.166666666666668
4195484,Control,4.516666666666667
4195653,Control,3.0166666666666666
4195684,Test,4.283333333333333
4195754,Test,1.75
4196018,Test,3.8333333333333335
4196060,Control,16.766666666666666
4196075,Test,20.533333333333335
4197208,Control,4.383333333333334
4198518,Control,4.016666666666667
4198709,Test,5.15
4198745,Test,1.65
4199359,Test,4.116666666666666
4199402,Control,3.7333333333333334
4199701,Test,3.6333333333333333
4200640,Test,3.3833333333333333
4201118,Control,3.4833333333333334
4202044,Control,3.6333333333333333
4202376,Control,1.1333333333333333
4202730,Test,6.35
4203023,Test,2.95
4203251,Test,1.8666666666666667
4203290,Test,29.316666666666666
4203682,Test,15.1
4204215,Test,1.7833333333333334
4204378,Control,4.05
4204704,Control,2.8
4204839,Control,2.6166666666666667
4205329,Control,11.766666666666667
4205704,Test,3.316666666666667
4207484,Test,2.6166666666666667
4208202,Control,17.1
4208340,Test,10.466666666666667
4208578,Test,8.266666666666667
4209132,Test,8.816666666666666
4209639,Test,1.4666666666666666
4210011,Test,2.216666666666667
4210170,Control,3.4
4210290,Control,5.95
4210824,Test,2.3333333333333335
4211028,Control,6.283333333333333
4211128,Test,2.183333333333333
4211505,Control,3.2333333333333334
4212950,Test,10.133333333333333
4213081,Test,5.0
4213460,Test,2.066666666666667
4213595,Test,15.166666666666666
4213724,Control,5.066666666666666
4213972,Test,2.3833333333333333
4214427,Test,9.433333333333334
4214438,Control,4.916666666666667
4214732,Test,1.5833333333333333
4214906,Test,2.5
4215470,Test,8.566666666666666
4216032,Test,8.0
4216331,Test,3.1333333333333333
4216690,Test,4.483333333333333
4216855,Test,2.1333333333333333
4217056,Control,7.216666666666667
4217274,Test,5.966666666666667
4217313,Test,5.2
4218088,Control,1.35
4218167,Test,5.316666666666666
4219095,Test,3.216666666666667
4219119,Control,2.1
4219127,Control,2.933333333333333
4219157,Test,1.8666666666666667
4219223,Control,2.0166666666666666
4219703,Test,2.066666666666667
4219831,Control,8.7
4220347,Test,1.15
4220737,Control,1.7
4221630,Test,3.3666666666666667
4222945,Control,2.55
4223136,Test,0.8666666666666667
4223520,Control,3.2
4223910,Control,7.133333333333334
4224360,Control,3.533333333333333
4224754,Test,6.2
4224761,Test,4.7
4224941,Control,3.6333333333333333
4225078,Control,1.4166666666666667
4225354,Control,9.25
4226005,Test,4.933333333333334
4226423,Test,10.65
4226690,Test,3.0
4227154,Control,2.8833333333333333
4227250,Test,3.066666666666667
4227359,Test,6.166666666666667
4227478,Test,11.816666666666666
4227725,Control,2.5
4227946,Test,5.5
4227953,Control,10.533333333333333
4228011,Control,8.466666666666667
4228267,Test,3.35
4229616,Test,2.4166666666666665
4229623,Test,4.45
4230200,Test,4.883333333333334
4230237,Test,6.1
4230687,Test,4.616666666666666
4230817,Control,3.433333333333333
4230904,Test,1.1833333333333333
4230949,Test,1.9833333333333334
4231428,Control,1.75
4231726,Control,12.316666666666666
4231894,Control,3.6166666666666667
4231989,Test,8.366666666666667
4233560,Test,7.266666666666667
4233950,Control,6.283333333333333
4234272,Test,2.033333333333333
4234389,Test,4.316666666666666
4234977,Control,3.216666666666667
4235118,Control,3.433333333333333
4236139,Control,6.666666666666667
4236434,Control,4.116666666666666
4236442,Control,3.25
4236961,Test,8.016666666666667
4237084,Control,15.2
4237467,Control,4.616666666666666
4237578,Control,2.7
4237729,Test,6.683333333333334
4237903,Test,2.8833333333333333
4237982,Control,2.15
4238007,Test,2.216666666666667
4238081,Control,3.4833333333333334
4238188,Test,2.0833333333333335
4238536,Control,4.216666666666667
4239436,Control,43.13333333333333
4239711,Control,2.1
4239835,Test,0.7166666666666667
4239876,Control,13.016666666666667
4240194,Test,13.516666666666667
4240271,Test,10.05
4240438,Test,2.433333333333333
4240648,Test,2.433333333333333
4242027,Test,2.0
4242250,Test,2.1166666666666667
4242273,Test,7.383333333333334
4242638,Control,4.533333333333333
4242754,Control,3.6333333333333333
4242907,Control,4.7
4243421,Control,4.966666666666667
4243424,Test,14.8
4243487,Test,3.3
4243629,Test,2.0
4243856,Control,2.1666666666666665
4244035,Test,4.35
4244266,Control,6.283333333333333
4244298,Test,1.7
4244348,Test,3.1333333333333333
4244465,Control,8.016666666666667
4244794,Test,2.183333333333333
4245199,Test,6.416666666666667
4245543,Control,6.4
4245790,Control,1.6666666666666667
4245868,Test,6.75
4246419,Control,2.05
4246765,Test,0.7333333333333333
4246898,Control,3.2333333333333334
4246942,Test,4.433333333333334
4247153,Control,4.783333333333333
4247363,Control,11.583333333333334
4248171,Control,7.2
4249172,Test,2.033333333333333
4249316,Control,4.716666666666667
4249361,Test,2.566666666666667
4249501,Control,8.116666666666667
4249545,Test,4.466666666666667
4249720,Control,3.1333333333333333
4250012,Test,3.216666666666667
4250110,Control,5.133333333333334
4250169,Control,2.75
4250658,Test,6.216666666666667
4251068,Control,2.316666666666667
4251309,Test,2.683333333333333
4251567,Test,4.466666666666667
4251627,Control,6.5
4251934,Control,2.8
4252147,Test,5.483333333333333
4252494,Control,7.633333333333334
4252952,Test,4.666666666666667
4253435,Test,2.5166666666666666
4253645,Test,2.1333333333333333
4253810,Control,2.033333333333333
4253896,Control,2.033333333333333
4254085,Test,12.516666666666667
4254249,Test,1.4
4255008,Test,9.5
4255527,Test,7.85
4255823,Control,5.733333333333333
4255962,Control,14.083333333333334
4256150,Test,3.566666666666667
4256337,Test,2.35
4256611,Test,2.6666666666666665
4256779,Control,2.9833333333333334
4257130,Control,3.533333333333333
4257465,Test,17.466666666666665
4257470,Control,10.033333333333333
4257759,Control,2.933333333333333
4258192,Test,4.15
4258976,Test,2.75
4259212,Control,1.4166666666666667
4259386,Test,3.45
4259489,Control,10.933333333333334
4259789,Test,2.4
4259953,Test,11.75
4260057,Test,1.9166666666666667
4260236,Control,12.866666666666667
4260858,Control,6.65
4260890,Control,6.583333333333333
4261135,Control,4.45
4261163,Test,5.216666666666667
4261790,Test,1.1833333333333333
4262217,Test,4.583333333333333
4262392,Control,10.166666666666666
4262414,Control,5.933333333333334
4262428,Test,17.383333333333333
4262740,Test,6.85
4263114,Control,3.183333333333333
4263272,Control,1.1666666666666667
4263526,Control,1.5833333333333333
4263918,Test,3.65
4264084,Test,1.85
4264468,Test,7.9
4264493,Control,2.3
4265401,Test,7.866666666666666
4265479,Control,3.05
4265827,Test,4.366666666666666
4266004,Test,2.783333333333333
4266619,Test,1.7833333333333334
4266634,Control,1.6166666666666667
4266877,Control,1.85
4267119,Control,7.116666666666666
4267206,Control,2.8666666666666667
4267473,Control,1.3333333333333333
4267969,Control,6.8
4269715,Test,2.4166666666666665
4270488,Test,2.4
4270889,Test,2.7333333333333334
4271815,Test,36.9
4271845,Control,4.9
4271947,Control,8.5
4272044,Control,21.45
4272509,Test,8.516666666666667
4273312,Control,8.0
4273386,Control,4.466666666666667
4273676,Control,3.8
4275148,Test,6.866666666666666
4275169,Test,11.683333333333334
4275305,Control,3.1166666666666667
4275501,Test,1.5
4275669,Control,10.916666666666666
4276245,Test,6.983333333333333
4276350,Test,8.483333333333333
4276469,Test,1.75
4276759,Test,8.116666666666667
4276832,Test,5.45
4278502,Test,6.516666666666667
4278525,Test,3.35
4278574,Test,9.9
4279215,Test,1.6833333333333333
4279620,Test,2.716666666666667
4280453,Control,3.7
4280794,Test,7.316666666666666
4281351,Test,12.25
4281556,Test,15.75
4282258,Control,8.466666666666667
4283025,Test,3.6666666666666665
4283146,Test,2.8666666666666667
4283717,Test,16.3
4284267,Control,5.5
4284358,Control,4.95
4284669,Test,3.75
4284960,Test,2.1166666666666667
4285041,Control,5.55
4285382,Control,2.3333333333333335
4285424,Control,3.466666666666667
4285520,Control,1.7333333333333334
4285861,Test,1.9833333333333334
4285905,Test,1.9
4285909,Test,9.633333333333333
4286204,Control,11.2
4286237,Test,13.966666666666667
4286400,Control,2.816666666666667
4286767,Control,3.783333333333333
4286902,Test,7.55
4287216,Test,7.333333333333333
4287871,Test,4.3
4287877,Control,9.233333333333333
4287944,Control,7.466666666666667
4287977,Test,1.2
4288616,Test,3.1
4289238,Test,11.7
4289440,Control,2.25
4289557,Test,12.533333333333333
4290599,Test,5.85
4291659,Control,3.7
4292144,Test,1.2333333333333334
4292181,Control,1.6666666666666667
4292744,Test,2.7666666666666666
4292879,Test,1.8333333333333333
4292987,Control,10.95
4293163,Test,3.066666666666667
4293448,Control,1.9333333333333333
4293449,Test,3.65
4293909,Control,1.85
4295057,Test,4.183333333333334
4295146,Test,2.5833333333333335
4295629,Test,2.466666666666667
4295778,Test,3.25
4296061,Control,7.466666666666667
4296422,Test,2.5833333333333335
4296522,Control,17.583333333333332
4296854,Control,3.8833333333333333
4297243,Test,1.8833333333333333
4297476,Test,8.283333333333333
4297664,Control,3.033333333333333
4297948,Test,28.716666666666665
4298159,Control,3.1333333333333333
4298296,Test,3.2666666666666666
4298977,Control,6.283333333333333
4299021,Test,2.066666666666667
4299753,Test,2.566666666666667
4301480,Control,10.133333333333333
4301516,Test,2.8833333333333333
4301708,Test,2.7333333333333334
4301998,Test,3.5833333333333335
4302393,Control,2.85
4302941,Control,2.716666666666667
4303270,Control,2.75
4303434,Test,7.483333333333333
4303663,Test,2.183333333333333
4303935,Control,5.616666666666666
4304082,Test,1.9166666666666667
4304356,Control,5.466666666666667
4304366,Control,8.15
4304665,Control,11.25
4305620,Test,5.166666666666667
4305708,Test,1.9
4305727,Control,1.6333333333333333
4305948,Control,2.0833333333333335
4306390,Test,9.416666666666666
4307607,Test,3.6166666666666667
4307622,Test,1.4
4307797,Control,5.9
4308109,Control,5.166666666666667
4308154,Control,2.95
4308297,Test,6.0
4308315,Control,3.95
4308319,Test,1.9
4308408,Control,3.683333333333333
4308598,Control,4.616666666666666
4308718,Control,3.1166666666666667
4308897,Control,1.55
4309097,Control,0.7166666666666667
4309105,Control,0.9666666666666667
4309632,Test,1.7333333333333334
4310302,Test,3.6
4310544,Test,9.15
4310884,Test,1.3833333333333333
4311764,Control,8.466666666666667
4311818,Control,6.866666666666666
4312267,Control,4.716666666666667
4312503,Control,11.633333333333333
4312553,Test,2.716666666666667
4312589,Test,2.05
4312637,Test,2.9166666666666665
4312899,Test,5.15
4313134,Test,3.8
4313319,Control,5.166666666666667
4313487,Control,5.116666666666666
4313597,Control,4.366666666666666
4313622,Test,2.85
4313666,Test,12.65
4313749,Test,1.6666666666666667
4314111,Test,4.183333333333334
4314548,Control,3.566666666666667
4314735,Test,25.5
4315157,Test,1.45
4315438,Test,2.35
4315514,Test,28.183333333333334
4316035,Test,3.5166666666666666
4316236,Control,3.816666666666667
4316285,Test,3.4833333333333334
4316529,Test,1.8333333333333333
4317076,Control,2.7666666666666666
4317374,Control,2.7
4317393,Test,2.05
4317446,Control,4.533333333333333
4317522,Control,7.383333333333334
4317880,Control,4.483333333333333
4317999,Test,5.633333333333334
4318140,Control,10.733333333333333
4318210,Test,11.666666666666666
4318672,Test,8.283333333333333
4318832,Test,2.35
4318876,Test,4.166666666666667
4319168,Test,3.2666666666666666
4319222,Control,11.183333333333334
4319645,Test,12.8
4320154,Test,3.35
4320516,Control,5.766666666666667
4320662,Control,9.816666666666666
4320842,Test,3.7
4321297,Control,7.216666666666667
4321387,Test,2.0833333333333335
4322010,Control,8.283333333333333
4322431,Control,1.3666666666666667
4323886,Control,1.8166666666666667
4324676,Control,2.3666666666666667
4324988,Control,4.683333333333334
4325077,Test,4.033333333333333
4325419,Test,1.85
4325863,Test,2.7333333333333334
4325889,Test,8.383333333333333
4326386,Control,3.5
4326478,Control,5.433333333333334
4326909,Test,26.7
4327140,Control,5.0
4327419,Control,3.6666666666666665
4327573,Control,9.116666666666667
4327657,Control,10.8
4328825,Control,12.05
4328965,Test,3.3333333333333335
4329001,Test,13.366666666666667
4329260,Test,5.183333333333334
4329407,Control,3.25
4329795,Test,8.083333333333334
4330733,Control,1.9833333333333334
4330745,Control,4.05
4330881,Test,7.1
4332234,Control,3.316666666666667
4332246,Control,5.9
4332425,Test,4.033333333333333
4332483,Control,6.1
4332527,Test,2.3833333333333333
4332924,Test,3.8666666666666667
4333248,Test,3.8833333333333333
4333518,Control,3.033333333333333
4333686,Control,3.183333333333333
4333742,Test,1.5833333333333333
4333852,Test,5.716666666666667
4334171,Test,3.816666666666667
4334336,Test,2.7666666666666666
4334858,Control,10.566666666666666
4335004,Control,5.866666666666666
4335091,Control,3.55
4335150,Test,17.966666666666665
4335230,Test,1.4666666666666666
4335350,Test,1.6666666666666667
4335743,Test,3.1333333333333333
4336714,Test,6.35
4336716,Test,1.8333333333333333
4336858,Test,1.3833333333333333
4337123,Test,2.566666666666667
4337125,Test,1.2333333333333334
4337238,Test,1.1333333333333333
4337357,Control,7.633333333333334
4337587,Control,2.316666666666667
4337769,Control,3.0
4337771,Test,2.4
4337844,Test,3.183333333333333
4339026,Test,4.016666666666667
4339110,Test,6.483333333333333
4339704,Control,2.65
4340493,Test,4.75
4340724,Test,1.9833333333333334
4341256,Control,7.383333333333334
4341675,Test,1.5
4341826,Control,5.316666666666666
4342700,Control,5.083333333333333
4342899,Test,5.216666666666667
4342935,Test,6.816666666666666
4343302,Test,5.316666666666666
4343495,Test,0.9166666666666666
4343607,Control,2.783333333333333
4343885,Control,5.15
4344020,Test,2.6
4344122,Test,2.8666666666666667
4344239,Control,17.6
4344684,Test,4.366666666666666
4344699,Control,3.0
4345279,Test,9.233333333333333
4345309,Test,12.85
4345628,Test,0.7666666666666667
4345694,Control,11.016666666666667
4345698,Control,7.25
4345896,Test,9.5
4346273,Test,6.383333333333334
4346422,Test,2.8
4346799,Test,4.95
4347990,Control,6.833333333333333
4348620,Test,4.1
4348721,Test,1.2
4348722,Test,2.2666666666666666
4349159,Control,5.65
4349341,Control,9.483333333333333
4350047,Control,2.2333333333333334
4350100,Test,1.25
4350140,Control,4.633333333333334
4350221,Test,1.8333333333333333
4350594,Test,15.683333333333334
4350732,Test,1.9
4350833,Control,3.4
4351510,Test,9.1
4351664,Test,1.9833333333333334
4351762,Control,9.1
4352933,Test,3.683333333333333
4352988,Control,4.616666666666666
4353065,Test,5.833333333333333
4353254,Test,1.6
4353285,Test,1.85
4353847,Control,6.35
4354247,Test,1.9333333333333333
4354914,Test,6.85
4355856,Test,2.8666666666666667
4355873,Control,5.366666666666666
4355879,Test,12.65
4355941,Test,16.166666666666668
4356706,Test,4.5
4356801,Test,1.35
4357231,Test,13.766666666666667
4357442,Control,3.566666666666667
4357479,Control,1.3833333333333333
4357540,Test,4.383333333333334
4357556,Test,36.85
4359043,Test,7.966666666666667
4359068,Control,6.433333333333334
4359323,Test,13.15
4360034,Test,2.316666666666667
4360260,Test,10.683333333333334
4360541,Test,1.9
4360757,Test,2.6
4361016,Control,1.9333333333333333
4361106,Test,3.6
4361167,Control,3.6666666666666665
4362459,Test,8.45
4363111,Control,2.75
4363136,Test,1.9666666666666666
4363631,Control,4.35
4364113,Control,7.633333333333334
4364398,Control,2.9
4364417,Test,7.283333333333333
4364429,Control,4.433333333333334
4364845,Control,4.516666666666667
4364897,Control,5.3
4364957,Control,4.4
4365422,Test,9.683333333333334
4365679,Test,2.6166666666666667
4365782,Test,13.483333333333333
4365891,Control,1.3666666666666667
4365929,Control,2.033333333333333
4366198,Test,3.3
4366496,Test,5.333333333333333
4366957,Control,6.466666666666667
4367007,Control,10.0
4367208,Test,3.95
4367344,Control,14.116666666666667
4367799,Control,10.55
4368053,Test,2.933333333333333
4368765,Test,1.95
4369335,Control,30.916666666666668
4369390,Test,1.3
4369879,Control,2.1
4370238,Control,13.566666666666666
4370671,Test,3.683333333333333
4370785,Control,2.1666666666666665
4371396,Test,4.883333333333334
4371606,Control,6.883333333333334
4372327,Control,8.033333333333333
4372524,Test,1.6
4372656,Test,1.8
4373203,Control,20.866666666666667
4373373,Test,1.1833333333333333
4373465,Test,2.5833333333333335
4373559,Test,3.5166666666666666
4373565,Test,14.233333333333333
4373883,Test,5.733333333333333
4374056,Test,2.1666666666666665
4374192,Test,1.4333333333333333
4374194,Control,8.833333333333334
4374496,Control,25.85
4374602,Test,21.383333333333333
4375103,Control,7.033333333333333
4376143,Test,9.1
4376165,Test,3.1166666666666667
4376203,Control,2.2333333333333334
4376392,Control,6.9
4377222,Test,7.383333333333334
4377273,Test,2.2
4377780,Test,4.133333333333334
4377893,Test,5.8
4378428,Control,61.61666666666667
4378882,Control,3.6166666666666667
4378886,Control,24.866666666666667
4379554,Control,2.3833333333333333
4379730,Test,1.45
4380529,Control,2.35
4380776,Control,3.25
4381369,Control,4.2
4381389,Test,3.75
4381662,Test,2.7333333333333334
4381694,Test,2.533333333333333
4382058,Test,7.433333333333334
4382344,Test,5.8
4382388,Control,3.8833333333333333
4382494,Test,25.733333333333334
4382504,Test,5.983333333333333
4382517,Control,4.233333333333333
4382767,Test,1.85
4382897,Test,4.583333333333333
4383952,Control,2.05
4384098,Control,3.8666666666666667
4384189,Control,30.133333333333333
4384422,Control,4.75
4384472,Control,7.716666666666667
4384921,Test,6.933333333333334
4384973,Test,2.85
4385079,Control,3.033333333333333
4385232,Control,3.7
4385285,Test,2.9
4385537,Test,1.9
4385567,Control,8.5
4385599,Test,6.283333333333333
4385896,Control,4.266666666666667
4386094,Test,1.7
4386445,Control,4.383333333333334
4386726,Test,3.066666666666667
4388076,Test,26.283333333333335
4388078,Test,14.133333333333333
4388792,Test,15.95
4389026,Test,5.45
4389156,Test,2.1666666666666665
4389198,Test,1.3
4389711,Control,4.283333333333333
4389814,Test,4.016666666666667
4390568,Control,76.76666666666667
4390764,Test,2.183333333333333
4390971,Test,5.316666666666666
4391098,Control,4.066666666666666
4391277,Test,3.35
4391306,Test,17.95
4392849,Control,3.8833333333333333
4393716,Control,5.316666666666666
4393977,Control,14.533333333333333
4394027,Control,2.2
4394305,Test,7.166666666666667
4394565,Control,9.833333333333334
4394686,Test,6.316666666666666
4394696,Test,2.283333333333333
4394876,Control,4.966666666666667
4394984,Control,3.8666666666666667
4395024,Control,3.6666666666666665
4395425,Control,3.933333333333333
4395578,Control,7.65
4395855,Test,0.5333333333333333
4396066,Test,7.2
4396168,Test,4.466666666666667
4396200,Test,8.283333333333333
4396402,Control,2.9166666666666665
4396444,Control,2.7333333333333334
4396526,Control,2.8333333333333335
4396676,Control,1.95
4397575,Control,8.45
4397578,Test,2.95
4398956,Test,7.983333333333333
4399065,Test,14.683333333333334
4399072,Test,5.683333333333334
4399094,Test,4.75
4399507,Control,2.9166666666666665
4399643,Test,3.9833333333333334
4399785,Test,6.516666666666667
4400106,Test,3.8833333333333333
4400573,Test,4.016666666666667
4400863,Test,6.916666666666667
4400964,Test,2.6333333333333333
4400980,Test,11.816666666666666
4401076,Control,4.433333333333334
4401101,Test,3.7666666666666666
4401157,Test,22.083333333333332
4401660,Control,3.283333333333333
4401713,Test,13.25
4402012,Test,2.1333333333333333
4402736,Test,7.35
4404877,Test,4.516666666666667
4404939,Control,5.016666666666667
4405328,Control,5.216666666666667
4405504,Control,9.866666666666667
4405518,Control,6.466666666666667
4405562,Control,3.5
4406701,Control,6.016666666666667
4406730,Control,2.7666666666666666
4406929,Test,6.183333333333334
4407044,Test,2.066666666666667
4407250,Test,2.35
4407486,Control,1.6666666666666667
4408117,Test,1.35
4408287,Test,29.916666666666668
4408578,Test,11.2
4409014,Test,2.3833333333333333
4409692,Test,5.15
4409752,Test,1.9333333333333333
4410485,Test,2.45
4411400,Test,22.216666666666665
4411554,Control,9.5
4411577,Control,12.516666666666667
4411825,Test,2.0166666666666666
4411900,Test,10.083333333333334
4412028,Test,1.9833333333333334
4412599,Control,3.716666666666667
4412635,Test,6.666666666666667
4412923,Test,1.8666666666666667
4413135,Test,3.15
4414112,Control,6.766666666666667
4414176,Test,2.683333333333333
4414216,Control,12.483333333333333
4414863,Control,3.3
4415346,Control,5.033333333333333
4415404,Control,7.5
4415445,Control,3.1
4416570,Test,2.1666666666666665
4417192,Test,3.0833333333333335
4417332,Test,5.416666666666667
4417464,Test,7.516666666666667
4417681,Control,2.6
4418079,Test,7.083333333333333
4418447,Test,2.816666666666667
4418518,Control,39.71666666666667
4418568,Control,3.3
4419177,Control,4.816666666666666
4420194,Test,3.8833333333333333
4420306,Test,19.316666666666666
4421155,Test,2.9
4421346,Test,1.9833333333333334
4421378,Control,12.716666666666667
4422146,Control,3.6333333333333333
4422352,Test,1.5333333333333334
4422924,Control,9.516666666666667
4423162,Control,3.9
4423197,Control,17.75
4423720,Test,3.7
4424366,Test,3.15
4424908,Test,1.5666666666666667
4424945,Control,10.483333333333333
4425409,Test,1.8
4426751,Test,2.6666666666666665
4426831,Test,3.566666666666667
4427256,Test,4.133333333333334
4427477,Test,1.9833333333333334
4428013,Test,2.3833333333333333
4428440,Control,5.383333333333334
4428660,Test,2.25
4428832,Test,4.066666666666666
4429076,Control,2.6666666666666665
4429250,Test,1.5666666666666667
4429332,Test,2.7666666666666666
4429356,Test,7.55
4429669,Test,2.0833333333333335
4430346,Test,2.966666666666667
4430436,Control,3.8
4430714,Test,4.75
4430895,Control,3.9166666666666665
4430996,Test,9.316666666666666
4431185,Control,2.316666666666667
4431508,Control,3.033333333333333
4431741,Test,5.833333333333333
4432653,Test,7.183333333333334
4432738,Control,3.65
4432848,Test,5.733333333333333
4433172,Test,11.483333333333333
4433730,Test,2.0166666666666666
4434024,Test,6.516666666666667
4434126,Test,6.25
4434158,Control,1.1333333333333333
4434306,Control,3.1333333333333333
4434894,Test,2.4166666666666665
4434930,Control,4.4
4435264,Control,3.2333333333333334
4435683,Control,2.183333333333333
4436099,Control,3.5833333333333335
4436159,Test,8.016666666666667
4437808,Control,4.2
4438314,Control,7.016666666666667
4438679,Test,2.3333333333333335
4438713,Control,5.283333333333333
4439304,Test,3.433333333333333
4440552,Test,12.383333333333333
4440789,Test,5.25
4441240,Control,0.7166666666666667
4442274,Test,5.3
4442392,Control,5.516666666666667
4442593,Control,8.166666666666666
4442607,Control,1.8
4442699,Control,4.25
4442884,Control,2.5833333333333335
4443580,Control,1.85
4444070,Test,2.65
4444161,Test,1.7166666666666666
4444191,Test,6.333333333333333
4444202,Test,6.016666666666667
4444409,Control,9.783333333333333
4444417,Test,1.7166666666666666
4444551,Control,1.65
4444562,Control,5.05
4444742,Test,2.8333333333333335
4445140,Test,1.4333333333333333
4445535,Control,3.8833333333333333
4445887,Control,7.95
4446011,Control,8.683333333333334
4446389,Test,1.5
4446711,Control,9.983333333333333
4446745,Test,3.2333333333333334
4446759,Test,9.866666666666667
4447192,Control,2.85
4447213,Test,5.9
4447493,Control,5.216666666666667
4447602,Test,5.55
4447831,Test,1.3666666666666667
4448196,Test,2.65
4448582,Test,1.7666666666666666
4448805,Control,6.7
4449226,Control,3.2
4449333,Test,4.5
4449433,Control,18.616666666666667
4449592,Test,15.716666666666667
4449968,Test,12.133333333333333
4450022,Control,30.516666666666666
4450104,Control,8.416666666666666
4450397,Control,7.716666666666667
4450530,Test,18.766666666666666
4450581,Test,4.716666666666667
4450932,Test,4.916666666666667
4451169,Control,2.783333333333333
4451377,Test,6.683333333333334
4451425,Control,2.566666666666667
4451593,Test,14.45
4452247,Test,19.316666666666666
4452301,Test,1.1833333333333333
4453506,Test,3.35
4454327,Test,9.4
4454345,Control,2.533333333333333
4454797,Control,2.95
4455114,Test,1.1666666666666667
4455369,Test,2.45
4455559,Control,8.2
4455914,Test,8.216666666666667
4456068,Test,13.166666666666666
4456564,Test,3.5833333333333335
4456845,Control,9.966666666666667
4456851,Test,7.4
4457078,Test,4.483333333333333
4457141,Test,18.7
4457592,Control,16.133333333333333
4457807,Test,1.55
4458772,Test,7.483333333333333
4458887,Test,4.566666666666666
4459390,Test,7.633333333333334
4459434,Test,1.45
4460301,Test,2.466666666666667
4461747,Control,11.55
4461907,Control,5.883333333333334
4462432,Test,5.25
4462513,Test,2.4
4462647,Test,12.466666666666667
4462768,Test,6.6
4463047,Test,3.55
4463288,Control,4.0
4464275,Test,4.7
4464722,Test,2.566666666666667
4465058,Control,15.166666666666666
4465200,Test,4.5
4465268,Control,15.65
4465442,Test,15.7
4465663,Control,6.416666666666667
4465770,Control,2.1166666666666667
4466183,Control,4.183333333333334
4467366,Control,7.416666666666667
4467885,Control,5.233333333333333
4468051,Control,1.8833333333333333
4468190,Test,2.65
4468249,Test,3.9166666666666665
4468780,Control,6.216666666666667
4469087,Control,3.15
4469170,Control,2.9166666666666665
4469222,Control,8.8
4469398,Control,4.05
4469697,Control,2.55
4470020,Control,4.983333333333333
4471192,Control,12.15
4471245,Test,7.566666666666666
4471612,Control,5.916666666666667
4471620,Test,19.216666666666665
4472004,Control,7.6
4472483,Test,2.85
4473025,Test,6.116666666666666
4473377,Control,4.633333333333334
4473543,Test,2.75
4473931,Control,4.916666666666667
4473948,Control,5.016666666666667
4473962,Control,1.4166666666666667
4473990,Control,12.216666666666667
4474326,Test,11.066666666666666
4474374,Control,3.25
4474393,Control,4.85
4474416,Control,3.1166666666666667
4474615,Test,2.55
4474748,Control,2.683333333333333
4474897,Test,2.716666666666667
4474898,Control,7.4
4474907,Test,2.5166666666666666
4474993,Test,5.05
4475114,Test,2.033333333333333
4475433,Test,2.2666666666666666
4475862,Test,1.6833333333333333
4476213,Test,2.533333333333333
4476320,Test,11.4
4476408,Test,2.1666666666666665
4476473,Test,4.816666666666666
4476507,Test,3.0
4476550,Test,2.0
4476742,Control,35.583333333333336
4476976,Test,6.866666666666666
4477456,Control,24.3
4477529,Test,52.86666666666667
4477654,Test,8.233333333333333
4477890,Test,2.35
4478331,Control,5.55
4479820,Test,4.083333333333333
4479851,Control,3.783333333333333
4480133,Control,4.366666666666666
4480951,Control,14.766666666666667
4481489,Test,1.9833333333333334
4481563,Test,5.05
4481832,Control,2.8666666666666667
4481852,Test,7.45
4482137,Control,1.7333333333333334
4482250,Test,1.8833333333333333
4482916,Test,5.566666666666666
4483412,Test,2.683333333333333
4483474,Test,1.5833333333333333
4483507,Control,4.833333333333333
4483567,Test,3.8666666666666667
4484976,Test,4.783333333333333
4485249,Control,15.833333333333334
4485581,Test,1.4666666666666666
4486322,Control,1.7833333333333334
4486410,Test,9.666666666666666
4487376,Control,6.033333333333333
4487758,Control,6.1
4487774,Test,12.566666666666666
4487800,Test,5.1
4487878,Control,3.05
4488084,Control,1.5
4488610,Test,5.033333333333333
4488611,Control,4.583333333333333
4488919,Control,1.3833333333333333
4489310,Test,3.35
4489429,Control,2.783333333333333
4489530,Test,4.116666666666666
4490407,Test,18.9
4490726,Test,13.533333333333333
4490765,Control,9.7
4490836,Control,7.966666666666667
4490901,Control,2.8333333333333335
4490987,Test,6.116666666666666
4491046,Control,12.516666666666667
4491137,Control,9.866666666666667
4491397,Control,13.633333333333333
4491505,Control,3.0166666666666666
4491592,Test,2.7666666666666666
4493022,Test,1.65
4493114,Control,7.083333333333333
4493570,Control,5.083333333333333
4493573,Test,13.483333333333333
4494169,Test,6.616666666666666
4494220,Test,7.566666666666666
4494333,Test,2.2
4494336,Control,2.2
4494418,Test,6.866666666666666
4494555,Test,10.95
4494718,Control,2.8833333333333333
4495799,Control,2.8333333333333335
4495887,Test,3.3
4495996,Test,9.733333333333333
4496177,Control,1.5333333333333334
4496283,Test,46.35
4496335,Control,17.0
4496404,Control,2.65
4496752,Test,5.516666666666667
4497754,Control,7.916666666666667
4498691,Test,7.1
4498712,Control,1.6833333333333333
4498809,Test,17.75
4498925,Test,3.066666666666667
4499048,Test,18.083333333333332
4499306,Test,6.416666666666667
4499343,Control,2.2333333333333334
4499654,Test,1.35
4499745,Control,7.95
4499814,Test,2.05
4499901,Test,3.0833333333333335
4500109,Test,3.933333333333333
4500155,Test,3.7666666666666666
4500258,Test,9.35
4500339,Control,9.966666666666667
4500691,Test,3.466666666666667
4501407,Test,1.2833333333333334
4501424,Control,5.4
4501679,Control,3.7
4502307,Test,8.25
4502426,Control,12.033333333333333
4502448,Test,3.05
4502765,Control,10.9
4502846,Control,6.483333333333333
4503048,Test,7.883333333333334
4503097,Control,4.866666666666666
4503213,Test,8.316666666666666
4503254,Control,3.7
4503636,Test,4.1
4504578,Test,4.166666666666667
4504614,Control,5.066666666666666
4504903,Control,3.8666666666666667
4505692,Test,3.0166666666666666
4506207,Control,1.6166666666666667
4506445,Test,4.716666666666667
4506609,Control,3.316666666666667
4506778,Control,9.683333333333334
4506908,Control,1.7666666666666666
4507502,Test,2.5166666666666666
4507678,Test,2.3833333333333333
4507847,Test,2.1333333333333333
4508245,Control,2.783333333333333
4508628,Test,2.8833333333333333
4508825,Control,4.433333333333334
4508836,Control,3.65
4508854,Test,5.75
4509405,Control,1.15
4511257,Control,5.516666666666667
4512238,Control,9.1
4512339,Control,2.6
4513466,Test,8.633333333333333
4513475,Control,1.8333333333333333
4513721,Test,2.9166666666666665
4514170,Test,5.583333333333333
4514267,Test,7.266666666666667
4514342,Control,3.966666666666667
4514556,Control,8.6
4514596,Control,7.683333333333334
4514608,Control,13.65
4514754,Control,5.333333333333333
4514762,Control,11.533333333333333
4514930,Test,3.2666666666666666
4515143,Control,9.233333333333333
4515670,Control,2.033333333333333
4515989,Control,2.6333333333333333
4516267,Control,3.0
4516576,Control,2.9
4516606,Control,7.55
4517591,Control,3.6
4518019,Control,5.25
4518751,Test,4.233333333333333
4519160,Control,4.916666666666667
4519203,Test,4.65
4519687,Test,2.6
4519721,Test,4.816666666666666
4519869,Test,15.883333333333333
4519913,Control,2.7333333333333334
4521176,Control,3.683333333333333
4521968,Test,2.683333333333333
4522046,Test,3.95
4522333,Test,9.4
4522579,Test,2.5
4522971,Control,11.616666666666667
4523387,Control,2.8666666666666667
4524761,Control,0.7666666666666667
4524806,Test,7.216666666666667
4524845,Test,4.45
4525165,Test,4.85
4525231,Test,4.966666666666667
4525489,Test,2.4833333333333334
4525663,Test,4.9
4525690,Control,4.483333333333333
4525754,Test,11.783333333333333
4526050,Control,20.333333333333332
4526173,Test,1.5166666666666666
4526584,Test,2.966666666666667
4526665,Test,6.883333333333334
4526970,Test,18.516666666666666
4527394,Test,3.9
4527564,Test,1.0666666666666667
4528485,Control,24.4
4528533,Test,7.233333333333333
4529371,Control,6.25
4529653,Control,2.783333333333333
4530020,Control,6.183333333333334
4530050,Test,6.516666666666667
4530313,Test,4.383333333333334
4530453,Test,5.766666666666667
4531279,Test,3.9166666666666665
4532223,Control,4.25
4532488,Control,2.283333333333333
4532572,Test,2.783333333333333
4532705,Control,3.1666666666666665
4532949,Control,1.05
4533293,Test,1.4833333333333334
4533579,Control,58.766666666666666
4534750,Control,5.45
4535115,Control,13.65
4535743,Test,1.3166666666666667
4535988,Control,7.833333333333333
4536163,Control,41.28333333333333
4536493,Control,4.5
4536676,Control,19.466666666666665
4537279,Control,2.183333333333333
4537483,Test,7.25
4537923,Test,2.6166666666666667
4537934,Test,1.55
4538037,Test,17.8
4538401,Test,58.28333333333333
4538908,Test,2.5833333333333335
4539061,Control,7.3
4539094,Test,2.4833333333333334
4539299,Control,3.566666666666667
4539437,Test,6.083333333333333
4539624,Control,4.8
4539664,Test,17.816666666666666
4540109,Test,2.6333333333333333
4540897,Test,2.1666666666666665
4541045,Test,11.866666666666667
4541117,Control,2.783333333333333
4541268,Control,4.333333333333333
4541475,Control,7.483333333333333
4541952,Control,2.8333333333333335
4542043,Control,9.916666666666666
4542413,Test,16.166666666666668
4542546,Control,2.3666666666666667
4542791,Test,3.9833333333333334
4543597,Test,2.0833333333333335
4543625,Test,2.5166666666666666
4543846,Test,2.2666666666666666
4543944,Test,5.766666666666667
4543984,Test,3.533333333333333
4544492,Test,12.083333333333334
4544713,Test,26.416666666666668
4545467,Control,5.283333333333333
4545646,Test,1.5833333333333333
4546017,Test,1.3166666666666667
4546489,Control,7.5
4547552,Control,2.5833333333333335
4548139,Control,9.4
4548420,Control,6.816666666666666
4548464,Test,2.6166666666666667
4548780,Control,3.933333333333333
4549261,Test,28.116666666666667
4549340,Test,11.733333333333333
4549830,Control,1.4333333333333333
4549862,Test,4.083333333333333
4550308,Test,6.8
4550637,Control,7.266666666666667
4550754,Test,2.2666666666666666
4550878,Test,4.733333333333333
4550885,Test,16.016666666666666
4551428,Test,3.2666666666666666
4551451,Control,2.966666666666667
4551472,Test,9.3
4551629,Test,2.65
4551995,Test,6.583333333333333
4552154,Control,8.2
4552390,Test,2.3333333333333335
4552746,Test,1.9833333333333334
4553178,Test,25.15
4553478,Test,1.8666666666666667
4554272,Control,4.483333333333333
4554482,Control,2.3833333333333333
4554556,Test,1.85
4555156,Control,4.233333333333333
4555363,Test,1.5666666666666667
4555418,Test,16.383333333333333
4555479,Control,0.7833333333333333
4555558,Test,15.683333333333334
4555837,Test,2.566666666666667
4555946,Test,2.1
4556322,Control,9.05
4556323,Test,5.05
4556466,Control,10.883333333333333
4556540,Control,8.016666666666667
4557366,Control,114.15
4557744,Control,2.5833333333333335
4557771,Control,3.783333333333333
4557803,Test,2.0833333333333335
4557994,Test,2.3333333333333335
4558622,Control,4.616666666666666
4558798,Control,7.666666666666667
4559044,Test,2.0833333333333335
4559767,Test,3.1333333333333333
4559825,Test,1.3666666666666667
4559890,Test,3.75
4560132,Control,2.566666666666667
4560708,Test,1.3166666666666667
4561306,Control,3.3666666666666667
4561584,Control,6.95
4561742,Control,7.0
4562463,Control,6.716666666666667
4562878,Test,0.8833333333333333
4563407,Test,6.45
4563768,Control,19.7
4563966,Control,4.55
4564121,Test,7.85
4564157,Test,3.15
4564481,Test,3.3333333333333335
4564948,Test,8.583333333333334
4565303,Control,3.183333333333333
4565623,Control,64.28333333333333
4565716,Test,4.833333333333333
4565738,Test,2.8
4565786,Test,8.65
4565926,Control,4.716666666666667
4566615,Test,11.133333333333333
4567471,Test,3.8833333333333333
4567551,Test,7.983333333333333
4568193,Control,2.566666666666667
4568422,Control,11.483333333333333
4569058,Test,2.15
4569203,Control,9.933333333333334
4569442,Control,1.3333333333333333
4569606,Control,3.933333333333333
4569938,Test,27.133333333333333
4570044,Test,7.083333333333333
4570131,Test,17.233333333333334
4570643,Control,3.0833333333333335
4570653,Control,2.283333333333333
4571116,Test,1.3666666666666667
4571650,Test,4.7
4571808,Test,5.333333333333333
4572106,Test,10.15
4572528,Control,3.05
4572747,Control,5.116666666666666
4574884,Test,3.9833333333333334
4575080,Test,0.9833333333333333
4575555,Control,3.5833333333333335
4575874,Test,2.7
4575997,Control,1.8166666666666667
4576237,Control,4.366666666666666
4576728,Test,4.033333333333333
4577208,Control,6.783333333333333
4577314,Control,8.5
4577319,Test,10.066666666666666
4578494,Test,2.966666666666667
4578710,Control,2.7
4578721,Control,4.0
4579064,Test,2.15
4579385,Test,3.3
4579542,Control,20.833333333333332
4579996,Test,2.85
4580091,Control,1.7166666666666666
4580804,Control,4.366666666666666
4581040,Test,4.116666666666666
4581207,Control,3.066666666666667
4581224,Control,3.25
4581301,Test,1.6333333333333333
4581365,Test,3.8666666666666667
4582095,Test,4.033333333333333
4582201,Control,7.383333333333334
4582260,Test,1.75
4582506,Control,2.4166666666666665
4582528,Test,2.783333333333333
4582770,Test,3.0166666666666666
4582821,Control,4.266666666666667
4582892,Control,3.75
4583892,Test,4.816666666666666
4584142,Control,24.966666666666665
4584184,Test,6.416666666666667
4584200,Control,5.416666666666667
4585186,Test,3.816666666666667
4585362,Control,6.133333333333334
4585909,Control,21.183333333333334
4586360,Test,18.0
4586815,Control,38.9
4587107,Control,2.95
4587564,Test,4.083333333333333
4588065,Test,4.016666666666667
4589107,Test,8.433333333333334
4589193,Control,20.716666666666665
4589317,Test,3.1166666666666667
4590122,Control,8.833333333333334
4590197,Test,2.95
4590302,Test,8.633333333333333
4590365,Test,2.9166666666666665
4590615,Test,1.7
4590672,Control,2.55
4590720,Control,6.716666666666667
4590842,Control,3.35
4591997,Test,10.283333333333333
4592177,Control,3.0
4592206,Control,16.583333333333332
4592404,Control,7.383333333333334
4592870,Control,2.1333333333333333
4593085,Test,4.216666666666667
4593779,Test,9.866666666666667
4593890,Test,11.2
4594586,Test,3.066666666666667
4596170,Test,1.2166666666666666
4597304,Control,4.966666666666667
4597538,Test,1.3
4597626,Control,6.983333333333333
4597628,Control,3.033333333333333
4597881,Test,3.4166666666666665
4598217,Control,2.65
4598246,Control,3.8833333333333333
4598303,Test,8.066666666666666
4598396,Control,3.4166666666666665
4598472,Test,5.6
4599161,Control,17.616666666666667
4599448,Control,3.05
4599587,Test,4.033333333333333
4600084,Test,1.9333333333333333
4600195,Test,11.733333333333333
4600257,Test,18.083333333333332
4600322,Control,12.366666666666667
4601112,Control,4.266666666666667
4601207,Test,4.083333333333333
4601310,Test,5.5
4601637,Test,1.1
4601698,Test,5.183333333333334
4602203,Test,2.716666666666667
4602276,Control,12.716666666666667
4602770,Control,16.566666666666666
4602948,Test,4.65
4603360,Test,7.5
4604034,Test,2.05
4604126,Test,12.233333333333333
4604208,Control,1.5666666666666667
4604287,Control,3.216666666666667
4604290,Control,7.866666666666666
4604763,Test,2.1166666666666667
4605001,Test,4.666666666666667
4605468,Control,2.716666666666667
4605489,Test,7.666666666666667
4606865,Test,4.233333333333333
4607987,Control,5.433333333333334
4608096,Control,2.533333333333333
4608190,Control,12.183333333333334
4608421,Test,1.75
4608432,Control,2.4
4608580,Control,6.733333333333333
4609085,Test,1.7333333333333334
4609139,Control,1.9833333333333334
4609253,Test,2.183333333333333
4609295,Test,6.266666666666667
4610520,Control,7.416666666666667
4611094,Control,11.883333333333333
4611974,Test,2.183333333333333
4612340,Control,4.016666666666667
4612805,Test,3.75
4612856,Test,12.5
4613101,Test,7.0
4613465,Control,9.716666666666667
4613757,Test,16.833333333333332
4614469,Test,1.7333333333333334
4615484,Test,1.5833333333333333
4615840,Control,6.866666666666666
4616062,Test,2.4833333333333334
4616340,Test,7.783333333333333
4616722,Test,1.9333333333333333
4617245,Control,15.15
4617343,Control,1.8166666666666667
4618075,Test,13.15
4619869,Test,3.3666666666666667
4620546,Test,6.366666666666666
4620698,Test,1.4833333333333334
4621025,Test,9.883333333333333
4621128,Control,6.383333333333334
4622079,Test,5.966666666666667
4622256,Control,5.416666666666667
4622355,Test,24.0
4622774,Control,6.3
4622977,Test,18.316666666666666
4622994,Control,3.75
4623083,Test,2.816666666666667
4623367,Control,4.416666666666667
4623785,Test,2.15
4625121,Control,4.783333333333333
4625653,Control,11.25
4625714,Control,4.016666666666667
4626329,Test,2.683333333333333
4626515,Test,6.7
4626790,Control,8.35
4627033,Control,5.833333333333333
4627062,Test,2.966666666666667
4627514,Test,7.366666666666666
4627868,Control,4.783333333333333
4627911,Control,23.966666666666665
4628731,Control,3.783333333333333
4628890,Control,4.933333333333334
4628926,Control,13.033333333333333
4629178,Control,4.483333333333333
4629372,Test,2.966666666666667
4629381,Control,1.8666666666666667
4629942,Control,4.866666666666666
4630285,Control,15.9
4630332,Control,6.466666666666667
4630395,Control,0.9833333333333333
4630439,Test,4.5
4630710,Control,7.233333333333333
4630890,Test,3.8833333333333333
4630942,Test,6.683333333333334
4630949,Test,3.95
4630971,Test,2.066666666666667
4631341,Test,4.4
4631704,Test,2.75
4631740,Test,16.683333333333334
4631763,Test,5.583333333333333
4631808,Test,11.783333333333333
4631825,Control,4.816666666666666
4631957,Test,3.45
4632248,Test,10.85
4632537,Control,3.25
4632590,Test,2.4833333333333334
4632690,Control,3.7333333333333334
4632746,Test,2.4
4632974,Test,31.3
4633166,Control,7.766666666666667
4633561,Control,2.7
4633937,Control,4.65
4633944,Test,3.2666666666666666
4634003,Test,2.7333333333333334
4635161,Control,3.9
4635200,Control,4.166666666666667
4636037,Test,3.033333333333333
4636585,Test,5.933333333333334
4636910,Control,5.25
4637023,Control,11.65
4637373,Test,3.05
4637790,Test,4.45
4638142,Control,9.483333333333333
4638437,Test,9.766666666666667
4638445,Control,3.8833333333333333
4638554,Test,3.933333333333333
4639557,Test,3.8833333333333333
4639609,Control,4.15
4639816,Test,1.3
4639855,Test,2.033333333333333
4640118,Control,4.883333333333334
4640877,Test,2.15
4641060,Test,7.033333333333333
4641084,Control,3.966666666666667
4641800,Test,2.033333333333333
4641906,Control,4.366666666666666
4642256,Test,3.35
4642975,Test,2.4166666666666665
4643285,Test,1.5
4643327,Test,3.933333333333333
4643495,Control,1.6166666666666667
4643715,Test,2.3833333333333333
4644036,Test,3.783333333333333
4644757,Test,8.033333333333333
4644874,Test,3.5166666666666666
4645328,Control,5.083333333333333
4645530,Test,7.216666666666667
4645579,Test,3.4833333333333334
4645740,Control,3.033333333333333
4646433,Control,1.5
4646520,Test,8.016666666666667
4646536,Control,1.1166666666666667
4646647,Control,8.5
4647155,Control,2.683333333333333
4647168,Test,2.9166666666666665
4647478,Control,20.45
4647577,Test,5.75
4647580,Control,1.5833333333333333
4647786,Test,6.65
4648093,Control,2.55
4649308,Control,2.2333333333333334
4649758,Test,12.133333333333333
4650313,Test,4.133333333333334
4650330,Test,20.216666666666665
4650836,Test,3.5
4650898,Control,2.716666666666667
4652102,Test,3.1333333333333333
4652388,Control,13.183333333333334
4652522,Test,3.1
4652540,Test,5.066666666666666
4652641,Control,10.883333333333333
4653071,Test,2.35
4653174,Control,10.6
4653377,Control,25.583333333333332
4653780,Test,3.45
4653790,Test,1.85
4653962,Test,6.233333333333333
4654510,Test,2.15
4655007,Test,6.55
4655561,Control,3.75
4655823,Control,1.9666666666666666
4656328,Control,3.1666666666666665
4656524,Test,6.316666666666666
4656772,Test,2.2666666666666666
4656898,Test,2.0
4657041,Test,4.733333333333333
4657177,Test,2.35
4657625,Test,1.85
4657797,Test,2.15
4657833,Control,22.633333333333333
4657959,Test,2.7666666666666666
4658215,Test,2.6166666666666667
4658564,Test,10.75
4658640,Control,4.2
4658928,Control,14.05
4658967,Control,3.2
4659108,Control,2.033333333333333
4659529,Control,16.65
4659938,Test,2.7
4659948,Test,15.8
4660220,Test,2.3333333333333335
4660530,Control,2.7666666666666666
4660576,Control,2.316666666666667
4661343,Control,3.4166666666666665
4661376,Test,4.25
4661885,Control,7.35
4662124,Test,1.4666666666666666
4663089,Control,2.7
4663381,Test,4.8
4663522,Test,15.0
4663714,Control,8.216666666666667
4663835,Control,1.95
4663855,Control,2.2666666666666666
4664236,Test,5.05
4664368,Test,2.283333333333333
4664662,Test,3.1
4665224,Test,4.2
4665270,Control,11.2
4666211,Control,7.066666666666666
4666350,Control,3.3666666666666667
4666567,Control,4.483333333333333
4666571,Test,3.066666666666667
4666670,Control,14.883333333333333
4666767,Control,5.233333333333333
4666945,Control,11.583333333333334
4667358,Control,2.35
4667938,Test,10.866666666666667
4667991,Control,14.616666666666667
4668200,Control,6.216666666666667
4668474,Test,13.883333333333333
4668762,Test,2.3333333333333335
4668860,Test,5.283333333333333
4668962,Test,14.683333333333334
4669016,Control,0.8166666666666667
4669037,Test,1.1833333333333333
4669241,Control,4.283333333333333
4670573,Control,2.8833333333333333
4670854,Control,15.3
4670945,Test,2.0
4671064,Control,18.4
4671078,Control,2.95
4671118,Test,1.4833333333333334
4671186,Control,5.816666666666666
4671619,Control,1.7833333333333334
4672205,Test,22.366666666666667
4672628,Test,3.15
4672784,Control,4.7
4672906,Test,10.783333333333333
4672923,Test,3.283333333333333
4673025,Test,1.9166666666666667
4673092,Test,7.816666666666666
4673391,Test,11.05
4673510,Test,13.3
4674304,Test,23.1
4674375,Control,4.1
4674490,Test,2.2666666666666666
4674728,Control,5.266666666666667
4674788,Control,4.583333333333333
4674824,Control,10.216666666666667
4674924,Test,2.8
4675093,Control,6.016666666666667
4675164,Control,6.866666666666666
4675494,Test,6.066666666666666
4675706,Test,5.883333333333334
4675712,Test,2.5833333333333335
4676691,Test,6.6
4676712,Test,12.733333333333333
4676984,Control,2.05
4676997,Control,1.15
4677226,Test,3.466666666666667
4677975,Test,4.183333333333334
4677986,Test,3.183333333333333
4678675,Control,8.183333333333334
4678997,Test,2.966666666666667
4679130,Control,3.1333333333333333
4679141,Test,13.75
4679194,Control,4.133333333333334
4679420,Test,2.75
4680798,Test,2.216666666666667
4681026,Control,2.55
4681050,Test,2.5
4681062,Test,5.266666666666667
4681159,Test,5.9
4681420,Control,11.5
4681498,Control,4.55
4681687,Test,1.7833333333333334
4681803,Control,1.85
4682082,Control,2.033333333333333
4682715,Control,6.133333333333334
4682874,Test,13.633333333333333
4683103,Control,3.85
4683202,Test,1.35
4683581,Test,2.7
4684105,Test,4.666666666666667
4684324,Control,1.55
4684538,Test,2.466666666666667
4684639,Test,2.4166666666666665
4684892,Test,6.216666666666667
4686288,Test,1.5
4686384,Test,3.65
4686520,Test,3.8666666666666667
4686722,Test,1.5666666666666667
4686729,Control,4.216666666666667
4687142,Test,3.15
4687647,Test,4.95
4687902,Control,9.883333333333333
4688121,Control,3.433333333333333
4688729,Test,3.45
4689021,Control,2.8666666666666667
4689285,Test,3.3833333333333333
4689383,Test,6.283333333333333
4689536,Test,5.216666666666667
4689809,Test,3.7333333333333334
4689869,Control,6.5
4690077,Test,16.05
4690123,Control,3.7333333333333334
4690278,Control,17.6
4690720,Test,1.1333333333333333
4690774,Test,6.666666666666667
4691601,Control,11.65
4691855,Test,28.433333333333334
4692455,Control,2.216666666666667
4692937,Test,3.5166666666666666
4694711,Control,6.716666666666667
4695473,Test,19.45
4695496,Control,3.25
4695572,Test,4.666666666666667
4695726,Control,4.933333333333334
4696377,Control,7.216666666666667
4696610,Control,5.266666666666667
4697196,Test,2.15
4697807,Test,2.95
4698491,Control,2.6
4698689,Control,2.45
4698803,Control,6.166666666666667
4699152,Test,4.8
4699195,Test,5.633333333333334
4699642,Control,5.833333333333333
4699897,Test,3.25
4699938,Control,25.416666666666668
4699965,Control,6.183333333333334
4700175,Control,2.85
4700269,Control,5.216666666666667
4700338,Control,2.95
4700399,Control,4.516666666666667
4700777,Control,3.05
4701167,Control,2.683333333333333
4701250,Control,2.7666666666666666
4701269,Test,1.5666666666666667
4701664,Control,6.983333333333333
4701679,Test,15.0
4701896,Test,3.066666666666667
4701960,Control,6.7
4702031,Test,3.1166666666666667
4702213,Test,8.016666666666667
4702475,Control,9.033333333333333
4702480,Control,5.166666666666667
4702777,Test,3.1333333333333333
4702816,Test,2.716666666666667
4702836,Control,7.183333333333334
4703000,Test,1.8666666666666667
4703475,Test,3.033333333333333
4703640,Test,14.883333333333333
4703735,Control,13.783333333333333
4704178,Control,3.1333333333333333
4704529,Control,7.35
4704861,Control,5.35
4705736,Test,2.9
4706105,Control,5.983333333333333
4706130,Control,12.266666666666667
4706274,Control,8.416666666666666
4706669,Control,6.5
4707007,Test,1.7333333333333334
4707688,Test,3.8
4708457,Test,17.616666666666667
4709008,Control,7.15
4709079,Control,23.766666666666666
4709095,Test,4.083333333333333
4709127,Control,3.45
4709182,Test,2.2
4709377,Test,1.85
4709898,Control,3.6
4711052,Test,5.233333333333333
4711787,Control,4.15
4711825,Control,1.4833333333333334
4712123,Test,6.25
4712166,Test,3.1666666666666665
4712253,Test,7.666666666666667
4713128,Test,14.366666666666667
4713503,Test,1.8666666666666667
4714574,Control,6.483333333333333
4714730,Control,1.7833333333333334
4715657,Control,10.1
4716105,Test,1.8833333333333333
4716594,Test,3.65
4717014,Control,5.216666666666667
4717054,Control,17.95
4717072,Test,3.7
4717869,Test,5.966666666666667
4718004,Test,0.8166666666666667
4718148,Control,4.766666666666667
4718233,Control,1.6333333333333333
4718854,Test,3.35
4719146,Test,3.683333333333333
4719169,Test,7.283333333333333
4719187,Control,2.966666666666667
4719244,Test,6.133333333333334
4719308,Test,14.283333333333333
4719350,Control,2.966666666666667
4720168,Control,3.5166666666666666
4720261,Test,2.6666666666666665
4720500,Control,14.5
4720646,Test,4.9
4720929,Control,12.333333333333334
4721083,Control,3.5833333333333335
4721244,Test,5.483333333333333
4721645,Test,5.0
4722213,Control,6.633333333333334
4722411,Control,3.8833333333333333
4722457,Control,7.583333333333333
4722638,Control,12.483333333333333
4722893,Control,6.816666666666666
4723047,Control,8.833333333333334
4723679,Test,6.8
4724224,Test,3.433333333333333
4724921,Test,1.9
4724956,Control,6.65
4725320,Test,2.533333333333333
4725865,Test,7.333333333333333
4726228,Test,22.333333333333332
4726261,Test,1.35
4726332,Control,35.45
4726433,Control,6.033333333333333
4726500,Test,1.6
4726815,Test,5.8
4726935,Test,2.4833333333333334
4727036,Control,2.183333333333333
4727053,Test,3.9833333333333334
4727512,Control,5.35
4727791,Test,4.583333333333333
4728164,Control,10.416666666666666
4728491,Test,1.4833333333333334
4728629,Control,6.933333333333334
4728674,Test,3.1
4730117,Test,3.683333333333333
4730185,Test,5.6
4730491,Test,7.15
4731343,Test,11.083333333333334
4732163,Control,2.283333333333333
4732514,Test,4.616666666666666
4732760,Test,1.6833333333333333
4733352,Control,8.766666666666667
4733505,Control,5.783333333333333
4734064,Test,5.35
4734420,Test,6.183333333333334
4734537,Test,6.916666666666667
4734679,Control,3.0166666666666666
4735879,Control,16.016666666666666
4736529,Test,1.9
4736680,Control,8.3
4736745,Test,2.466666666666667
4736912,Control,2.0
4737538,Test,3.683333333333333
4738519,Test,12.883333333333333
4738528,Control,2.683333333333333
4739368,Test,16.85
4739411,Test,7.166666666666667
4739509,Test,2.3
4740032,Test,8.333333333333334
4740618,Control,13.4
4740742,Test,9.3
4740873,Test,5.716666666666667
4740995,Control,2.816666666666667
4741235,Control,10.95
4741517,Control,4.1
4741669,Test,2.816666666666667
4741779,Control,2.283333333333333
4742200,Test,2.6333333333333333
4742316,Test,4.25
4742515,Test,2.1166666666666667
4742598,Test,7.616666666666666
4742781,Control,6.216666666666667
4743262,Test,9.616666666666667
4743603,Test,10.45
4743610,Test,3.2666666666666666
4743648,Control,9.466666666666667
4743715,Control,5.716666666666667
4743952,Test,3.1
4743966,Test,2.3333333333333335
4744151,Control,5.316666666666666
4744174,Control,6.9
4744262,Control,10.0
4744435,Control,5.35
4745409,Test,18.483333333333334
4745827,Control,3.433333333333333
4746398,Test,5.416666666666667
4746443,Test,2.25
4746492,Control,2.95
4746559,Control,4.0
4747144,Control,5.033333333333333
4747167,Test,11.083333333333334
4747441,Test,2.216666666666667
4748054,Test,7.0
4748069,Test,1.45
4749118,Test,3.4833333333333334
4749395,Test,3.15
4749518,Test,1.8833333333333333
4749703,Control,3.35
4750401,Test,3.066666666666667
4751631,Control,26.033333333333335
4752329,Control,2.566666666666667
4752414,Test,2.283333333333333
4753357,Test,1.2166666666666666
4753533,Control,2.4833333333333334
4753639,Test,6.666666666666667
4754076,Test,4.133333333333334
4754082,Control,22.583333333333332
4754246,Control,3.35
4754251,Control,1.3166666666666667
4754533,Control,2.4166666666666665
4755413,Test,2.033333333333333
4755745,Test,2.7
4755991,Control,9.583333333333334
4756364,Control,2.6
4757392,Test,4.3
4757519,Test,5.933333333333334
4757536,Control,18.516666666666666
4757684,Test,3.75
4757789,Test,1.9666666666666666
4757841,Test,3.7666666666666666
4758033,Test,3.8666666666666667
4758194,Control,7.3
4758202,Control,1.7333333333333334
4758509,Test,4.616666666666666
4758838,Control,6.183333333333334
4758894,Test,14.683333333333334
4758953,Control,28.433333333333334
4759104,Test,4.266666666666667
4760057,Test,2.433333333333333
4760221,Control,3.9
4760297,Test,5.516666666666667
4760752,Control,6.45
4761064,Test,4.65
4761169,Test,4.0
4761355,Test,9.083333333333334
4761635,Control,1.3166666666666667
4762443,Control,5.016666666666667
4762487,Control,12.65
4762692,Control,2.1333333333333333
4763853,Test,1.4166666666666667
4763992,Test,2.7
4764978,Control,16.35
4765026,Test,3.45
4765130,Test,3.75
4765227,Control,5.483333333333333
4765457,Test,10.366666666666667
4765566,Control,7.033333333333333
4766085,Control,2.066666666666667
4766116,Test,4.683333333333334
4766205,Test,2.6166666666666667
4766428,Control,2.6
4766724,Test,2.1
4766855,Test,1.6833333333333333
4766865,Test,2.05
4766993,Control,12.95
4767003,Control,15.283333333333333
4767149,Test,7.35
4767326,Test,4.383333333333334
4767340,Control,5.416666666666667
4767563,Control,4.05
4767901,Control,5.516666666666667
4767998,Control,3.7666666666666666
4768543,Test,6.55
4768986,Test,1.9833333333333334
4769297,Control,2.3666666666666667
4770262,Test,2.9
4770755,Test,2.6666666666666665
4770789,Test,3.3
4770939,Test,4.983333333333333
4771309,Control,1.2166666666666666
4771315,Control,2.0833333333333335
4772168,Test,2.466666666666667
4772286,Control,8.9
4773825,Test,6.366666666666666
4774104,Test,1.9166666666666667
4774355,Control,2.3833333333333333
4774688,Test,2.25
4775181,Control,3.6166666666666667
4775386,Control,39.15
4775994,Test,3.7333333333333334
4776021,Test,6.083333333333333
4776108,Test,3.55
4776536,Test,12.95
4776946,Test,1.8
4777731,Control,2.05
4777891,Test,3.533333333333333
4777945,Control,1.65
4778144,Control,9.25
4778460,Control,2.6166666666666667
4778491,Test,4.2
4778757,Test,3.7
4778828,Test,2.8833333333333333
4778938,Control,5.466666666666667
4778977,Test,3.1333333333333333
4779050,Control,4.066666666666666
4779184,Test,6.183333333333334
4780024,Test,1.4
4780076,Control,2.65
4780263,Test,8.65
4780398,Control,8.366666666666667
4781233,Control,3.5833333333333335
4781902,Control,10.066666666666666
4781948,Test,6.516666666666667
4782225,Control,3.55
4783560,Test,5.633333333333334
4783870,Test,2.933333333333333
4783904,Test,1.9333333333333333
4784553,Test,7.116666666666666
4784864,Test,13.583333333333334
4784867,Control,10.7
4784909,Test,8.766666666666667
4784980,Control,5.7
4785074,Test,4.983333333333333
4785260,Test,11.183333333333334
4785398,Control,20.816666666666666
4785815,Test,3.7666666666666666
4786293,Test,10.466666666666667
4786371,Control,5.05
4786577,Control,5.9
4786660,Test,14.3
4786867,Control,3.8333333333333335
4787356,Test,2.433333333333333
4787433,Control,3.6166666666666667
4787598,Control,6.283333333333333
4788508,Test,2.15
4789802,Control,3.4166666666666665
4789825,Test,3.35
4790197,Control,2.933333333333333
4790368,Control,3.4
4790643,Test,3.35
4790831,Test,4.216666666666667
4791008,Test,4.183333333333334
4791055,Control,3.15
4791137,Test,1.8
4792283,Control,1.4833333333333334
4793150,Control,8.283333333333333
4793295,Control,5.916666666666667
4793581,Test,11.616666666666667
4793839,Test,1.2166666666666666
4794303,Test,13.333333333333334
4794337,Test,3.65
4794611,Test,5.583333333333333
4794634,Test,2.2
4795572,Test,6.083333333333333
4795946,Control,10.116666666666667
4796189,Test,2.566666666666667
4796258,Control,1.4333333333333333
4796345,Test,1.9833333333333334
4796535,Control,2.95
4796690,Test,2.45
4797173,Test,8.716666666666667
4797272,Test,4.616666666666666
4797464,Test,8.95
4797799,Test,3.6
4798063,Test,9.833333333333334
4798614,Control,8.716666666666667
4799191,Control,4.45
4799210,Test,4.783333333333333
4799313,Control,3.2333333333333334
4799453,Control,9.366666666666667
4799601,Test,3.533333333333333
4799675,Control,2.8833333333333333
4800447,Control,4.033333333333333
4800593,Test,6.9
4800788,Control,4.583333333333333
4801511,Test,3.066666666666667
4801845,Control,3.816666666666667
4802674,Test,6.133333333333334
4803230,Control,2.783333333333333
4803341,Test,2.566666666666667
4803418,Test,24.4
4803655,Test,1.9166666666666667
4803915,Test,3.816666666666667
4804295,Test,8.966666666666667
4804595,Control,2.966666666666667
4804703,Test,2.2333333333333334
4805014,Test,4.116666666666666
4805558,Control,5.55
4805602,Control,3.6666666666666665
4805755,Test,3.8833333333333333
4806480,Control,4.1
4806523,Control,10.55
4806585,Test,1.1166666666666667
4806778,Control,3.1
4807080,Test,4.833333333333333
4807174,Control,2.033333333333333
4807195,Control,6.783333333333333
4807439,Control,7.05
4807522,Control,5.066666666666666
4807789,Control,2.8
4808189,Test,8.75
4808542,Control,2.816666666666667
4809247,Test,1.85
4809354,Test,62.96666666666667
4809494,Test,1.1166666666666667
4810906,Test,1.7
4811136,Test,1.5833333333333333
4811460,Test,12.683333333333334
4812012,Control,4.1
4812146,Control,8.4
4812840,Test,4.416666666666667
4812906,Test,4.283333333333333
4813412,Control,4.25
4813523,Test,4.416666666666667
4814310,Control,4.45
4814613,Control,5.8
4815171,Test,5.2
4815206,Control,2.783333333333333
4815245,Test,1.4166666666666667
4815295,Test,15.4
4815412,Control,2.8833333333333333
4816044,Test,3.3666666666666667
4816873,Control,6.116666666666666
4816956,Test,2.216666666666667
4817444,Control,2.683333333333333
4818382,Test,26.366666666666667
4818573,Control,4.15
4818612,Control,3.716666666666667
4819175,Test,6.833333333333333
4820142,Control,22.133333333333333
4820712,Test,11.483333333333333
4820744,Test,2.6
4820960,Control,1.8333333333333333
4821014,Control,13.966666666666667
4821950,Control,17.416666666666668
4822147,Control,5.766666666666667
4822242,Test,8.283333333333333
4822408,Test,1.1166666666666667
4822628,Test,11.683333333333334
4823018,Control,30.233333333333334
4823082,Test,16.383333333333333
4823114,Test,25.45
4823673,Test,1.2166666666666666
4823816,Test,0.8833333333333333
4824035,Control,0.8
4824117,Test,19.816666666666666
4824391,Test,2.9166666666666665
4824763,Test,2.433333333333333
4825054,Control,8.7
4825244,Test,4.016666666666667
4825303,Control,4.383333333333334
4825433,Control,10.066666666666666
4825475,Test,0.9666666666666667
4825488,Test,4.516666666666667
4825669,Test,1.6833333333333333
4825865,Test,1.6333333333333333
4826644,Control,30.166666666666668
4826778,Control,5.233333333333333
4827059,Control,3.6333333333333333
4827135,Control,3.6333333333333333
4827308,Control,2.216666666666667
4827333,Test,19.2
4827632,Test,2.5833333333333335
4828235,Control,8.333333333333334
4828906,Control,8.816666666666666
4829041,Control,2.6
4829289,Test,4.366666666666666
4829573,Test,2.4
4829813,Test,1.2833333333333334
4829849,Control,12.75
4830472,Control,3.1666666666666665
4830499,Control,4.183333333333334
4830541,Control,2.216666666666667
4830627,Test,2.1666666666666665
4831155,Test,9.45
4832032,Test,10.433333333333334
4832237,Test,5.433333333333334
4832252,Test,6.75
4832297,Test,6.5
4832456,Test,16.883333333333333
4832820,Test,15.05
4832944,Test,1.9166666666666667
4833023,Control,12.0
4833525,Control,8.083333333333334
4833584,Test,3.1333333333333333
4833741,Test,1.9
4833921,Control,5.883333333333334
4834062,Control,7.3
4834157,Control,10.8
4834313,Control,7.333333333333333
4834461,Control,4.783333333333333
4834980,Test,3.716666666666667
4835217,Test,1.4833333333333334
4835403,Control,4.116666666666666
4835466,Control,3.066666666666667
4835770,Test,2.35
4835908,Test,2.1666666666666665
4836160,Test,5.683333333333334
4836721,Test,2.783333333333333
4836825,Test,2.0
4837195,Test,3.283333333333333
4837555,Test,2.183333333333333
4837653,Test,1.3166666666666667
4838415,Control,3.3666666666666667
4839092,Test,6.1
4839279,Test,3.75
4839425,Control,5.816666666666666
4839740,Control,17.8
4839980,Control,51.416666666666664
4840203,Control,13.116666666666667
4840318,Control,4.866666666666666
4840338,Control,2.55
4840383,Control,4.433333333333334
4841321,Control,6.716666666666667
4841549,Control,3.316666666666667
4841749,Test,9.066666666666666
4841758,Test,1.9833333333333334
4842155,Control,6.566666666666666
4842397,Control,1.8666666666666667
4842605,Control,6.0
4842686,Test,6.283333333333333
4842952,Test,4.466666666666667
4842960,Control,9.416666666666666
4843378,Control,2.0
4843711,Test,3.8833333333333333
4843735,Control,2.7333333333333334
4844608,Control,3.1333333333333333
4845568,Test,11.733333333333333
4845583,Test,4.366666666666666
4846045,Control,26.016666666666666
4846832,Control,2.15
4846843,Test,12.066666666666666
4846965,Control,7.6
4847216,Control,7.05
4847732,Control,2.1333333333333333
4847745,Control,18.35
4848304,Control,2.316666666666667
4848480,Test,2.0166666666666666
4849018,Test,13.216666666666667
4849787,Control,3.7666666666666666
4850031,Test,19.75
4850132,Control,8.1
4850336,Test,7.933333333333334
4850477,Test,2.35
4850878,Control,6.866666666666666
4850992,Test,2.816666666666667
4851295,Test,2.3666666666666667
4851372,Control,8.983333333333333
4851874,Test,5.166666666666667
4851897,Control,3.6
4852240,Control,2.0833333333333335
4852454,Control,4.75
4852798,Control,5.55
4853148,Test,1.7833333333333334
4853362,Test,1.0666666666666667
4853470,Test,2.3666666666666667
4853518,Test,8.666666666666666
4853550,Test,1.8333333333333333
4854309,Test,2.0166666666666666
4854924,Control,10.883333333333333
4854942,Test,46.13333333333333
4855296,Control,8.516666666666667
4855400,Test,2.8666666666666667
4856410,Test,6.566666666666666
4856478,Control,7.683333333333334
4857012,Control,7.6
4857096,Control,5.416666666666667
4857233,Control,1.9333333333333333
4857404,Test,2.9
4857475,Test,3.6333333333333333
4857578,Control,3.1
4857987,Control,4.066666666666666
4858328,Control,11.566666666666666
4858389,Control,7.233333333333333
4859072,Test,8.8
4859799,Control,2.7333333333333334
4859942,Test,2.0833333333333335
4860123,Control,2.45
4860230,Test,4.5
4860338,Test,6.516666666666667
4861157,Control,4.55
4861358,Test,6.283333333333333
4862577,Test,6.233333333333333
4862909,Test,4.566666666666666
4862941,Test,2.55
4863323,Control,19.166666666666668
4863666,Test,4.366666666666666
4864043,Control,4.45
4864139,Control,2.033333333333333
4864899,Control,3.4833333333333334
4864953,Test,4.816666666666666
4865014,Test,2.3833333333333333
4865096,Test,6.816666666666666
4865240,Control,4.933333333333334
4865249,Test,6.483333333333333
4865624,Test,3.433333333333333
4866504,Test,2.4166666666666665
4866628,Test,2.783333333333333
4867615,Test,2.816666666666667
4867711,Control,9.633333333333333
4868943,Test,7.266666666666667
4868973,Test,3.25
4869758,Control,3.55
4869842,Test,11.433333333333334
4869939,Control,5.433333333333334
4870438,Test,4.066666666666666
4870498,Control,2.8833333333333333
4870812,Control,4.55
4870905,Control,5.4
4870927,Test,4.016666666666667
4870954,Control,5.533333333333333
4871055,Control,7.216666666666667
4871180,Control,4.516666666666667
4871666,Test,2.7666666666666666
4871965,Control,9.466666666666667
4872011,Test,2.183333333333333
4872697,Test,4.933333333333334
4873139,Control,3.6166666666666667
4873397,Test,2.933333333333333
4873663,Control,6.383333333333334
4874181,Control,5.516666666666667
4874198,Test,8.816666666666666
4874330,Test,2.1666666666666665
4874428,Test,2.3
4875001,Control,3.05
4875277,Test,1.3
4876049,Test,6.683333333333334
4876132,Test,7.55
4876243,Test,9.1
4876285,Control,3.0166666666666666
4876410,Test,10.533333333333333
4876761,Control,2.35
4876926,Test,1.1333333333333333
4877023,Test,4.633333333333334
4877963,Control,4.066666666666666
4878070,Test,4.566666666666666
4878112,Control,4.683333333333334
4879237,Test,4.083333333333333
4879267,Control,2.95
4880190,Test,27.616666666666667
4881301,Control,1.8833333333333333
4881930,Test,1.7166666666666666
4882043,Control,3.45
4882149,Control,1.6833333333333333
4882327,Control,4.05
4882812,Test,2.066666666666667
4883056,Control,3.0166666666666666
4883460,Control,7.733333333333333
4883493,Test,1.4166666666666667
4884218,Control,5.6
4885016,Control,2.9833333333333334
4885156,Test,4.233333333333333
4885196,Control,2.1666666666666665
4885208,Test,1.85
4885405,Control,17.833333333333332
4885417,Control,3.8833333333333333
4885633,Control,4.05
4885697,Control,13.266666666666667
4885728,Control,6.05
4886533,Test,5.916666666666667
4886673,Control,3.683333333333333
4887194,Test,2.35
4887463,Test,6.566666666666666
4888229,Control,17.833333333333332
4889644,Test,4.016666666666667
4889645,Test,4.45
4889751,Control,4.0
4890082,Test,8.533333333333333
4890753,Control,2.15
4891147,Test,6.083333333333333
4893132,Control,8.083333333333334
4893150,Test,20.966666666666665
4893648,Control,9.1
4893834,Control,2.5166666666666666
4893941,Control,2.4166666666666665
4894259,Test,5.033333333333333
4894344,Test,8.116666666666667
4894413,Test,7.3
4894515,Control,3.15
4894618,Test,6.25
4895382,Control,6.283333333333333
4895542,Test,4.616666666666666
4896425,Test,6.566666666666666
4897073,Test,6.316666666666666
4897526,Test,25.216666666666665
4898021,Test,23.233333333333334
4898041,Test,4.783333333333333
4898196,Test,2.5833333333333335
4898283,Test,4.633333333333334
4898296,Control,3.183333333333333
4898592,Control,6.866666666666666
4899325,Test,13.833333333333334
4899603,Test,6.116666666666666
4899808,Control,9.966666666666667
4899918,Test,2.3333333333333335
4899919,Control,2.85
4900085,Control,2.75
4900129,Control,3.4166666666666665
4900512,Test,2.683333333333333
4900613,Control,6.033333333333333
4900846,Test,2.6166666666666667
4900955,Test,3.8
4901739,Control,2.8833333333333333
4901840,Test,17.116666666666667
4902193,Test,8.666666666666666
4902300,Control,2.55
4902684,Control,2.816666666666667
4902752,Test,2.0
4903514,Test,2.7666666666666666
4904059,Test,4.083333333333333
4904248,Control,1.8166666666666667
4904819,Test,2.45
4906171,Test,12.166666666666666
4906392,Control,8.783333333333333
4906525,Test,19.7
4906659,Test,1.6
4907030,Test,5.833333333333333
4907055,Test,10.516666666666667
4907757,Control,2.3
4908086,Control,6.316666666666666
4908184,Control,1.3333333333333333
4908946,Control,1.9166666666666667
4909695,Control,4.95
4909817,Control,1.2333333333333334
4910104,Control,6.366666666666666
4910229,Control,6.2
4910437,Control,3.5833333333333335
4910483,Test,3.433333333333333
4911936,Control,5.166666666666667
4912513,Control,1.5666666666666667
4912564,Test,10.55
4912795,Test,2.95
4912879,Control,3.45
4912890,Test,3.033333333333333
4913101,Test,9.0
4913174,Control,4.366666666666666
4913236,Test,1.1166666666666667
4913658,Control,1.75
4914129,Control,6.183333333333334
4914626,Control,4.666666666666667
4914648,Control,5.683333333333334
4915101,Test,10.433333333333334
4915208,Control,31.016666666666666
4915471,Test,2.0833333333333335
4916142,Control,7.133333333333334
4916462,Test,1.6666666666666667
4916541,Test,4.666666666666667
4916553,Test,5.2
4917405,Test,6.683333333333334
4917659,Control,6.766666666666667
4917803,Control,15.133333333333333
4918238,Test,6.383333333333334
4919508,Control,6.233333333333333
4919703,Test,4.9
4920156,Test,3.45
4920246,Test,2.1666666666666665
4920387,Test,3.45
4921506,Test,1.6833333333333333
4921862,Test,2.8666666666666667
4921993,Control,3.1
4922509,Test,1.35
4922593,Test,2.283333333333333
4922682,Control,1.9
4922851,Test,1.7666666666666666
4923176,Test,1.8666666666666667
4924036,Control,2.3833333333333333
4924256,Control,4.483333333333333
4924821,Test,27.316666666666666
4925079,Test,5.483333333333333
4925607,Test,2.0
4925950,Test,2.283333333333333
4926147,Control,1.1166666666666667
4926172,Control,3.4
4926351,Control,5.05
4926581,Control,5.8
4927505,Control,2.216666666666667
4928146,Test,3.316666666666667
4928298,Test,48.583333333333336
4928421,Test,11.733333333333333
4928575,Test,4.033333333333333
4928864,Test,4.55
4928873,Test,1.5166666666666666
4928966,Test,2.8833333333333333
4929178,Test,3.0166666666666666
4929920,Test,2.533333333333333
4930148,Control,6.833333333333333
4930546,Test,1.9833333333333334
4930554,Test,4.783333333333333
4930919,Test,6.4
4931597,Control,6.5
4931808,Test,5.666666666666667
4931957,Control,6.15
4932080,Test,3.95
4932323,Test,2.8666666666666667
4932638,Test,3.533333333333333
4932993,Test,5.266666666666667
4933181,Test,8.633333333333333
4933319,Test,4.6
4933409,Test,4.733333333333333
4933707,Test,2.65
4933730,Test,2.3833333333333333
4934053,Control,10.716666666666667
4934172,Control,7.666666666666667
4934628,Control,5.116666666666666
4934661,Test,7.15
4934669,Control,3.0
4934696,Control,1.9333333333333333
4935415,Test,9.683333333333334
4935419,Control,2.6166666666666667
4935831,Control,15.816666666666666
4935884,Test,2.3833333333333333
4936704,Test,3.4
4936729,Control,11.05
4937291,Control,1.8166666666666667
4937577,Control,4.516666666666667
4938286,Control,6.933333333333334
4938573,Control,2.283333333333333
4938865,Test,6.833333333333333
4939103,Control,1.1833333333333333
4939160,Control,4.816666666666666
4939621,Test,2.9833333333333334
4939769,Control,2.7
4939829,Control,10.3
4939832,Test,6.616666666666666
4940402,Test,5.766666666666667
4941096,Test,3.15
4941347,Test,5.5
4942236,Test,3.9
4942333,Control,2.9833333333333334
4942822,Control,1.4333333333333333
4943084,Control,5.233333333333333
4943507,Control,8.333333333333334
4943650,Test,4.7
4943766,Control,66.71666666666667
4943848,Control,3.3833333333333333
4944394,Test,2.1166666666666667
4945180,Test,3.2333333333333334
4945469,Test,7.683333333333334
4945637,Test,12.65
4946231,Test,7.2
4946463,Test,10.816666666666666
4946486,Control,2.5
4946844,Control,3.316666666666667
4946984,Test,4.5
4947069,Control,3.2666666666666666
4947503,Test,2.8833333333333333
4948147,Control,6.216666666666667
4948163,Control,1.55
4948825,Control,1.8333333333333333
4950671,Test,18.95
4950989,Test,5.133333333333334
4951184,Test,8.75
4951656,Control,2.9166666666666665
4952168,Control,3.65
4952273,Control,1.4
4952288,Test,8.55
4952290,Test,25.85
4952395,Test,3.35
4952522,Test,5.65
4952622,Test,1.75
4952896,Test,14.383333333333333
4953065,Control,3.0166666666666666
4953806,Test,1.8333333333333333
4954332,Test,2.0
4954539,Test,2.65
4954642,Control,1.2333333333333334
4955037,Test,0.9166666666666666
4955203,Control,3.4
4955358,Control,8.783333333333333
4955646,Control,2.4
4956933,Test,5.15
4957548,Test,8.7
4958114,Test,2.75
4958552,Control,1.8666666666666667
4958603,Control,4.866666666666666
4958726,Control,3.816666666666667
4959195,Test,12.283333333333333
4959337,Control,2.3333333333333335
4959394,Control,5.4
4960207,Test,1.9833333333333334
4960936,Control,3.816666666666667
4961256,Test,2.75
4961438,Control,6.633333333333334
4961754,Control,1.6666666666666667
4962051,Test,1.9333333333333333
4962081,Test,1.9
4962273,Control,8.4
4963144,Test,7.283333333333333
4963607,Test,7.566666666666666
4964075,Test,6.316666666666666
4964111,Control,3.8666666666666667
4964123,Test,2.3
4965124,Control,4.316666666666666
4965189,Control,7.516666666666667
4965380,Test,2.75
4965891,Control,9.833333333333334
4966098,Test,4.75
4966245,Control,3.7333333333333334
4966474,Control,4.816666666666666
4966830,Test,14.316666666666666
4966982,Test,11.766666666666667
4967237,Control,1.75
4967654,Test,2.5166666666666666
4967759,Control,7.716666666666667
4967784,Test,2.3
4968571,Control,3.9166666666666665
4968581,Test,8.333333333333334
4968621,Test,0.75
4968648,Test,2.25
4968760,Control,2.0166666666666666
4968964,Control,2.3333333333333335
4969148,Test,5.95
4969168,Test,6.883333333333334
4969388,Test,1.3166666666666667
4969763,Control,6.1
4970481,Test,11.7
4970937,Control,8.233333333333333
4971329,Test,28.133333333333333
4971428,Control,3.4166666666666665
4971591,Control,2.966666666666667
4971636,Control,4.933333333333334
4971662,Control,3.7333333333333334
4971695,Control,2.9
4971958,Control,7.05
4972499,Control,29.35
4972503,Control,12.183333333333334
4972552,Control,3.0166666666666666
4972602,Control,2.3333333333333335
4973221,Test,3.5
4974225,Control,21.316666666666666
4974509,Control,3.783333333333333
4974798,Control,2.75
4974827,Control,3.95
4975883,Control,5.05
4976198,Test,8.316666666666666
4976299,Test,26.083333333333332
4976954,Test,17.7
4976982,Control,2.7333333333333334
4977043,Test,2.566666666666667
4977550,Control,1.5166666666666666
4977638,Test,4.383333333333334
4978709,Control,3.45
4978848,Test,4.3
4979031,Test,4.35
4980697,Control,21.383333333333333
4980713,Control,4.666666666666667
4980881,Test,7.05
4981191,Control,6.8
4981342,Control,3.75
4981412,Test,3.9166666666666665
4981557,Control,0.95
4982508,Control,19.9
4983343,Control,7.25
4983924,Test,2.566666666666667
4984481,Test,3.0833333333333335
4984883,Test,1.8666666666666667
4985317,Test,6.033333333333333
4985865,Control,6.3
4986151,Control,3.7333333333333334
4986152,Test,5.3
4986480,Control,4.716666666666667
4986484,Test,16.216666666666665
4986675,Test,6.683333333333334
4986682,Control,2.066666666666667
4986769,Test,5.366666666666666
4986860,Test,3.9833333333333334
4988104,Test,4.383333333333334
4988214,Test,3.95
4988221,Test,5.766666666666667
4988674,Control,6.616666666666666
4989120,Control,2.966666666666667
4989258,Test,2.033333333333333
4989657,Control,3.066666666666667
4990111,Test,2.316666666666667
4990448,Control,6.433333333333334
4990836,Control,5.316666666666666
4991005,Test,3.933333333333333
4991019,Control,18.633333333333333
4991312,Test,2.55
4991444,Test,6.8
4991963,Control,5.416666666666667
4991965,Test,5.783333333333333
4992306,Control,8.133333333333333
4992489,Control,11.783333333333333
4992703,Control,8.0
4992834,Test,2.0833333333333335
4992956,Test,1.75
4993157,Test,1.2333333333333334
4993236,Control,2.7
4993473,Test,10.316666666666666
4993496,Control,17.733333333333334
4993511,Control,5.166666666666667
4994001,Control,1.9166666666666667
4994112,Test,5.95
4994460,Test,17.516666666666666
4994490,Control,3.2
4994746,Test,5.033333333333333
4995081,Test,8.983333333333333
4996294,Test,8.383333333333333
4996911,Test,15.516666666666667
4996959,Control,4.816666666666666
4997941,Control,2.6666666666666665
4998090,Control,23.366666666666667
4998187,Test,5.333333333333333
4998288,Test,2.0833333333333335
4998568,Test,2.9166666666666665
4998916,Test,2.0833333333333335
4998932,Control,4.216666666666667
4999319,Test,28.783333333333335
4999406,Control,6.3
4999976,Control,2.1166666666666667
5000579,Control,10.516666666666667
5001200,Test,1.5666666666666667
5001250,Test,11.2
5001483,Control,3.05
5001615,Test,5.2
5001625,Test,22.0
5001736,Test,12.383333333333333
5001831,Test,8.2
5001947,Test,8.0
5002060,Control,7.383333333333334
5002241,Control,5.616666666666666
5002400,Control,8.083333333333334
5002833,Control,1.6666666666666667
5002874,Control,3.95
5003059,Control,4.766666666666667
5003158,Test,3.8666666666666667
5004277,Test,6.816666666666666
5004417,Control,14.8
5004515,Test,2.8833333333333333
5004793,Test,7.483333333333333
5005971,Test,5.366666666666666
5006106,Test,0.9833333333333333
5006380,Control,9.883333333333333
5006552,Test,17.516666666666666
5006616,Control,21.65
5007194,Control,13.6
5007537,Test,2.95
5007915,Control,6.0
5008443,Test,4.416666666666667
5008538,Test,2.183333333333333
5008718,Control,4.183333333333334
5009290,Control,4.683333333333334
5009485,Control,3.9
5010877,Test,4.35
5011814,Test,1.8333333333333333
5011827,Test,3.2333333333333334
5011864,Control,6.533333333333333
5012116,Control,3.0
5012526,Control,8.433333333333334
5012891,Test,10.783333333333333
5012978,Control,19.733333333333334
5013337,Control,5.95
5013870,Control,10.583333333333334
5013932,Test,2.55
5014123,Control,5.316666666666666
5014452,Control,2.85
5014691,Test,5.2
5014989,Test,19.766666666666666
5015182,Control,2.7666666666666666
5015526,Test,25.766666666666666
5015824,Test,2.7333333333333334
5016037,Control,3.9833333333333334
5016208,Control,10.366666666666667
5016479,Control,7.95
5016571,Control,4.9
5016759,Test,5.116666666666666
5016965,Control,4.283333333333333
5016978,Test,4.683333333333334
5017082,Test,20.066666666666666
5017388,Test,16.8
5017681,Test,3.25
5018154,Test,2.566666666666667
5018608,Control,5.25
5018692,Test,7.916666666666667
5019189,Test,8.383333333333333
5019409,Test,2.9166666666666665
5019518,Test,8.266666666666667
5019568,Test,2.1
5019623,Control,6.35
5020419,Control,4.75
5021259,Control,8.516666666666667
5021662,Test,5.766666666666667
5021955,Control,4.866666666666666
5022026,Test,1.7
5022038,Test,1.5166666666666666
5022082,Test,2.7
5022191,Control,4.45
5023117,Test,3.2333333333333334
5023186,Control,11.366666666666667
5023355,Control,1.45
5023867,Control,9.95
5023917,Control,3.95
5023925,Test,73.3
5023973,Control,4.7
5025010,Test,1.9
5025043,Test,10.6
5025313,Test,8.733333333333333
5025928,Test,7.066666666666666
5025948,Control,8.766666666666667
5026090,Test,4.733333333333333
5026800,Test,1.9833333333333334
5026927,Test,7.016666666666667
5027139,Test,1.9666666666666666
5027502,Test,3.7666666666666666
5027583,Test,8.516666666666667
5027912,Control,4.05
5030525,Control,5.4
5030589,Test,25.416666666666668
5031199,Control,2.1
5031582,Test,1.7666666666666666
5031797,Test,7.283333333333333
5031965,Test,2.533333333333333
5032514,Test,6.316666666666666
5032714,Test,2.7666666666666666
5033211,Control,5.033333333333333
5033489,Control,2.3833333333333333
5033561,Test,3.8666666666666667
5033724,Test,3.4
5033948,Test,2.433333333333333
5034090,Control,11.45
5035620,Test,7.65
5035722,Control,2.566666666666667
5035892,Control,4.483333333333333
5036055,Control,2.15
5036234,Control,2.0833333333333335
5036404,Test,3.566666666666667
5036513,Test,2.9833333333333334
5036673,Control,9.683333333333334
5036766,Test,2.2666666666666666
5036858,Test,2.15
5037212,Test,6.15
5037795,Control,5.35
5037815,Control,8.2
5038429,Control,24.566666666666666
5038476,Control,1.4666666666666666
5039516,Test,23.066666666666666
5039552,Control,60.666666666666664
5040008,Control,1.25
5040493,Test,4.266666666666667
5040709,Control,7.733333333333333
5040733,Control,28.15
5040870,Test,8.166666666666666
5040886,Test,4.033333333333333
5040920,Test,23.666666666666668
5041136,Test,8.033333333333333
5041971,Test,1.3333333333333333
5042070,Test,12.433333333333334
5042238,Test,5.1
5042271,Test,1.45
5042542,Test,1.75
5042551,Test,5.366666666666666
5044143,Control,7.383333333333334
5044281,Test,1.7166666666666666
5044551,Control,3.8
5044560,Test,2.8
5044959,Control,10.1
5045508,Test,4.283333333333333
5045588,Test,3.7
5045965,Test,3.4833333333333334
5046532,Test,4.583333333333333
5046613,Control,5.533333333333333
5047055,Test,5.233333333333333
5047201,Test,1.0333333333333334
5047484,Test,5.116666666666666
5048059,Control,10.533333333333333
5048268,Control,3.95
5048422,Control,4.7
5048594,Test,4.866666666666666
5048844,Test,10.3
5049067,Control,11.516666666666667
5049068,Control,4.2
5049612,Control,3.433333333333333
5049742,Control,3.216666666666667
5050024,Test,34.583333333333336
5050078,Test,3.5
5050235,Control,12.416666666666666
5051667,Test,14.65
5052088,Control,1.55
5052588,Test,1.9
5052906,Control,3.0833333333333335
5053245,Control,1.8
5053539,Control,4.083333333333333
5053848,Test,2.316666666666667
5054199,Control,4.533333333333333
5054246,Control,10.033333333333333
5055067,Control,10.783333333333333
5055138,Test,14.95
5055243,Test,8.183333333333334
5055762,Test,15.966666666666667
5056314,Control,5.083333333333333
5056326,Control,1.9166666666666667
5056455,Test,6.666666666666667
5056635,Test,2.216666666666667
5056707,Control,4.066666666666666
5056977,Control,4.016666666666667
5057948,Control,16.633333333333333
5057952,Control,6.25
5058113,Control,2.783333333333333
5058586,Control,6.866666666666666
5058901,Test,11.633333333333333
5059032,Control,3.3333333333333335
5059283,Test,4.65
5059388,Control,14.316666666666666
5060776,Control,10.183333333333334
5060779,Test,5.083333333333333
5061291,Test,6.716666666666667
5061459,Test,6.516666666666667
5061610,Test,9.3
5061874,Test,4.2
5061955,Control,2.9
5062431,Test,15.216666666666667
5062783,Control,1.9833333333333334
5062808,Control,7.716666666666667
5063195,Test,3.4
5063441,Control,2.0
5064689,Test,1.8166666666666667
5065123,Test,5.633333333333334
5065148,Test,1.9
5065659,Control,4.583333333333333
5065737,Test,3.9166666666666665
5065836,Test,3.4166666666666665
5066099,Test,3.2333333333333334
5066162,Control,3.0166666666666666
5066247,Test,27.083333333333332
5066320,Control,2.2666666666666666
5066578,Test,4.183333333333334
5066798,Test,9.633333333333333
5067166,Control,16.516666666666666
5067691,Test,0.9666666666666667
5067976,Test,2.216666666666667
5067978,Test,3.966666666666667
5068244,Control,9.033333333333333
5069626,Control,2.5166666666666666
5069837,Test,2.25
5070113,Test,2.3833333333333333
5070454,Test,5.716666666666667
5070994,Control,8.283333333333333
5071488,Control,2.5166666666666666
5071519,Test,9.683333333333334
5072014,Test,2.8666666666666667
5072333,Control,7.383333333333334
5072657,Test,6.05
5072791,Control,3.0166666666666666
5073391,Control,14.616666666666667
5073524,Test,3.183333333333333
5073796,Test,4.466666666666667
5073797,Test,2.533333333333333
5073934,Control,2.6666666666666665
5074282,Control,8.15
5074885,Control,4.75
5074898,Test,3.8333333333333335
5074993,Test,2.066666666666667
5075261,Test,1.6833333333333333
5075546,Test,1.8833333333333333
5075723,Test,6.4
5075800,Test,11.383333333333333
5076559,Test,15.266666666666667
5076713,Test,8.683333333333334
5076919,Test,1.9666666666666666
5077000,Test,1.35
5077246,Control,15.633333333333333
5077348,Test,15.766666666666667
5077444,Control,10.283333333333333
5077484,Test,1.1
5077676,Control,4.4
5078210,Control,13.166666666666666
5078416,Control,3.1666666666666665
5078488,Control,4.716666666666667
5078603,Control,17.466666666666665
5079210,Test,5.35
5079554,Test,7.416666666666667
5079615,Control,1.3333333333333333
5079665,Test,1.4666666666666666
5079989,Test,3.05
5080206,Control,4.45
5080645,Control,1.6833333333333333
5080755,Test,2.6
5081291,Test,6.5
5081402,Test,59.7
5081750,Test,28.533333333333335
5082039,Control,6.05
5082474,Control,16.033333333333335
5082509,Test,2.8
5082856,Test,1.65
5083366,Control,5.666666666666667
5084229,Control,3.15
5084333,Test,4.4
5084415,Control,6.283333333333333
5085135,Test,1.0833333333333333
5085663,Control,15.15
5085733,Control,2.3
5085764,Test,4.133333333333334
5085825,Control,5.8
5085938,Control,2.05
5086236,Test,4.733333333333333
5086474,Test,3.466666666666667
5086559,Control,2.6166666666666667
5086721,Test,2.25
5086758,Test,18.233333333333334
5087982,Test,2.1
5088010,Control,1.8833333333333333
5088541,Control,10.766666666666667
5089510,Control,3.0833333333333335
5089721,Test,3.566666666666667
5089801,Control,2.3666666666666667
5089978,Test,4.683333333333334
5090001,Control,7.25
5090277,Test,10.55
5090296,Control,7.216666666666667
5090376,Test,5.733333333333333
5090382,Control,16.966666666666665
5090620,Control,10.75
5090640,Test,15.066666666666666
5090920,Test,20.316666666666666
5090935,Test,1.9833333333333334
5090965,Test,20.166666666666668
5091239,Test,5.616666666666666
5091469,Test,3.066666666666667
5092579,Test,18.4
5092669,Test,5.066666666666666
5092686,Test,4.216666666666667
5092713,Test,1.9333333333333333
5092873,Test,3.3666666666666667
5092983,Test,2.4
5093029,Test,3.533333333333333
5094401,Control,4.866666666666666
5094615,Test,7.25
5095048,Control,30.016666666666666
5095389,Test,7.216666666666667
5095604,Control,1.8
5095830,Test,1.2833333333333334
5096138,Control,3.55
5096171,Control,4.55
5097441,Test,1.85
5097988,Test,3.4833333333333334
5098351,Test,3.283333333333333
5098416,Test,4.333333333333333
5098714,Control,17.55
5098915,Control,2.8
5099251,Control,3.2333333333333334
5099365,Test,6.933333333333334
5100305,Test,1.9333333333333333
5100333,Control,2.533333333333333
5100840,Test,1.55
5100894,Test,6.066666666666666
5101988,Test,4.033333333333333
5102064,Control,4.366666666666666
5102800,Control,2.566666666666667
5102951,Test,1.2666666666666666
5103018,Control,12.466666666666667
5103176,Control,2.7666666666666666
5103427,Test,2.1
5103975,Test,3.7333333333333334
5104204,Control,7.583333333333333
5104205,Control,2.1666666666666665
5104552,Test,4.033333333333333
5104912,Test,6.266666666666667
5105133,Test,2.966666666666667
5105149,Control,2.1333333333333333
5105821,Test,2.45
5106413,Control,4.25
5106717,Test,6.7
5107553,Test,8.716666666666667
5107650,Control,15.183333333333334
5107674,Control,3.8833333333333333
5108244,Test,1.2
5108320,Control,2.033333333333333
5108566,Control,2.6
5109620,Test,6.383333333333334
5109760,Control,7.683333333333334
5109973,Control,3.716666666666667
5110034,Test,8.8
5110037,Test,2.3666666666666667
5110302,Test,5.15
5110805,Test,5.966666666666667
5111051,Test,2.5833333333333335
5111140,Control,3.4
5111293,Control,6.366666666666666
5111328,Test,7.083333333333333
5111852,Control,3.566666666666667
5112102,Test,4.85
5112115,Test,14.683333333333334
5112160,Test,3.933333333333333
5112293,Control,1.8666666666666667
5112427,Control,8.033333333333333
5112482,Test,4.8
5112619,Control,5.816666666666666
5112825,Test,3.966666666666667
5112974,Test,9.75
5113577,Test,2.0833333333333335
5114008,Control,2.933333333333333
5114480,Control,1.6
5114958,Test,1.5333333333333334
5115159,Test,4.433333333333334
5115220,Test,8.05
5115258,Test,29.566666666666666
5115704,Control,4.366666666666666
5115739,Control,8.1
5115969,Control,5.083333333333333
5116196,Test,13.116666666666667
5116278,Test,18.733333333333334
5116603,Control,8.683333333333334
5117319,Test,2.6666666666666665
5117523,Test,1.6166666666666667
5117714,Control,3.183333333333333
5117722,Control,4.833333333333333
5117848,Control,5.25
5117999,Test,8.6
5118056,Test,3.2
5118223,Test,4.45
5118250,Test,2.6166666666666667
5118318,Control,2.05
5118452,Control,4.116666666666666
5118996,Test,2.1333333333333333
5119215,Test,2.566666666666667
5119450,Test,6.7
5119457,Control,5.133333333333334
5119497,Control,11.5
5119690,Control,4.0
5119742,Test,8.083333333333334
5120012,Control,14.1
5120135,Control,11.883333333333333
5120495,Control,13.966666666666667
5120819,Control,1.8166666666666667
5122003,Test,1.8
5122676,Test,3.4833333333333334
5122706,Control,3.8333333333333335
5123664,Test,1.7833333333333334
5123889,Test,6.166666666666667
5124158,Test,2.283333333333333
5124459,Control,9.65
5124527,Test,8.75
5124813,Test,4.483333333333333
5125050,Control,4.316666666666666
5125059,Control,4.683333333333334
5125164,Test,14.1
5125835,Test,9.966666666666667
5126201,Test,2.5833333333333335
5126257,Test,6.85
5126271,Test,3.6
5126906,Test,3.5166666666666666
5127519,Test,1.5833333333333333
5127856,Test,8.15
5127898,Test,8.266666666666667
5127982,Control,4.3
5128721,Test,1.2166666666666666
5128835,Test,40.266666666666666
5128877,Test,5.883333333333334
5129320,Test,1.6
5129431,Control,2.3666666666666667
5129604,Test,10.516666666666667
5129946,Test,9.666666666666666
5130256,Control,13.166666666666666
5130445,Test,3.4
5130944,Test,6.3
5131664,Control,2.1
5131722,Test,6.366666666666666
5131826,Test,1.7333333333333334
5132085,Test,3.1333333333333333
5132280,Control,5.866666666666666
5132311,Test,6.366666666666666
5132385,Test,1.9
5133321,Control,4.15
5133382,Test,1.6833333333333333
5133549,Test,5.116666666666666
5133900,Test,1.0833333333333333
5134006,Test,4.583333333333333
5134296,Control,7.333333333333333
5134688,Control,3.65
5134864,Control,1.9
5135096,Test,5.983333333333333
5135129,Test,3.7333333333333334
5135219,Control,5.683333333333334
5135348,Test,4.35
5135533,Control,4.533333333333333
5135889,Control,9.166666666666666
5136566,Test,15.7
5136652,Control,13.116666666666667
5136874,Test,1.6666666666666667
5137223,Test,53.166666666666664
5137288,Test,3.933333333333333
5137559,Control,5.133333333333334
5138174,Test,55.38333333333333
5138453,Test,16.216666666666665
5138720,Test,8.9
5139141,Control,8.0
5139624,Test,5.416666666666667
5139761,Test,2.45
5139771,Test,6.033333333333333
5139985,Test,4.833333333333333
5140041,Test,3.066666666666667
5140462,Control,3.1
5140529,Control,5.816666666666666
5140672,Control,3.8833333333333333
5140682,Test,3.75
5141093,Test,13.166666666666666
5141416,Test,4.633333333333334
5141512,Test,11.716666666666667
5142413,Control,7.05
5142424,Test,4.966666666666667
5142996,Test,2.5
5144063,Test,1.65
5144151,Control,1.9833333333333334
5144248,Test,1.85
5144502,Test,4.416666666666667
5144725,Test,11.733333333333333
5145108,Control,8.45
5145425,Test,50.6
5145887,Control,3.6166666666666667
5146309,Test,3.433333333333333
5146873,Control,5.433333333333334
5146890,Control,4.9
5147136,Test,2.1333333333333333
5147197,Control,3.75
5147250,Test,2.85
5147748,Control,2.0
5147792,Test,11.366666666666667
5148031,Control,10.65
5148264,Control,8.216666666666667
5148384,Control,1.8666666666666667
5149271,Control,2.683333333333333
5151955,Test,2.716666666666667
5152060,Test,3.066666666666667
5152221,Control,6.466666666666667
5152356,Control,3.6
5152409,Test,2.6666666666666665
5152410,Control,2.7
5152426,Test,26.15
5152514,Test,11.45
5153744,Control,8.133333333333333
5153749,Test,2.4833333333333334
5154115,Test,2.9833333333333334
5154371,Test,7.916666666666667
5154397,Control,1.4666666666666666
5154738,Test,2.316666666666667
5154838,Test,2.35
5155111,Control,4.866666666666666
5155130,Test,1.15
5155639,Control,12.15
5155886,Test,3.2666666666666666
5155900,Test,7.316666666666666
5156074,Control,93.71666666666667
5156080,Test,4.416666666666667
5156136,Test,5.1
5156210,Test,4.516666666666667
5156595,Control,4.766666666666667
5156607,Control,7.766666666666667
5156720,Control,2.05
5156742,Control,9.716666666666667
5157019,Test,2.0166666666666666
5157060,Control,4.466666666666667
5157179,Test,1.8333333333333333
5158534,Control,14.683333333333334
5160049,Test,11.366666666666667
5160270,Test,2.2333333333333334
5160684,Test,4.483333333333333
5161244,Control,2.6166666666666667
5161383,Test,22.45
5161688,Control,4.566666666666666
5161793,Control,15.216666666666667
5162023,Test,1.0
5162202,Control,4.933333333333334
5162401,Control,1.8666666666666667
5162796,Test,2.466666666666667
5163069,Test,3.4833333333333334
5163115,Test,1.65
5163335,Control,4.333333333333333
5163736,Test,3.4166666666666665
5163858,Control,5.05
5166339,Control,2.816666666666667
5166587,Control,4.066666666666666
5166780,Test,27.05
5166966,Test,2.0
5167837,Control,10.333333333333334
5167876,Test,6.016666666666667
5168225,Control,3.433333333333333
5168921,Test,5.5
5168960,Test,4.75
5169342,Test,0.8333333333333334
5169372,Control,6.7
5170497,Test,2.8666666666666667
5171196,Control,3.3833333333333333
5171446,Test,3.35
5171479,Test,4.85
5171509,Test,2.55
5171763,Control,7.533333333333333
5171794,Control,3.3833333333333333
5171878,Test,8.966666666666667
5172392,Control,12.966666666666667
5172671,Control,7.05
5173552,Test,9.0
5173572,Test,6.35
5173628,Test,24.15
5173793,Control,2.1166666666666667
5174899,Test,3.0
5174918,Test,1.4166666666666667
5175329,Test,2.8333333333333335
5175513,Control,17.216666666666665
5175617,Control,10.3
5175851,Control,3.9833333333333334
5176155,Test,1.65
5176605,Control,4.633333333333334
5176958,Control,1.05
5177025,Test,2.65
5177112,Test,2.216666666666667
5177219,Control,4.683333333333334
5177608,Test,2.0166666666666666
5178136,Control,2.45
5178522,Test,1.6166666666666667
5178889,Control,1.8333333333333333
5179022,Test,9.166666666666666
5179331,Control,4.4
5179510,Test,15.183333333333334
5180119,Test,18.6
5180168,Test,2.3666666666666667
5180395,Test,1.9166666666666667
5180590,Test,1.5
5180865,Test,8.566666666666666
5181226,Test,7.516666666666667
5181289,Test,3.8666666666666667
5181738,Test,10.283333333333333
5181787,Test,2.45
5181822,Control,17.833333333333332
5181907,Test,2.7666666666666666
5182313,Test,1.9666666666666666
5182613,Control,10.183333333333334
5182699,Control,3.183333333333333
5182775,Test,1.6666666666666667
5182958,Control,50.916666666666664
5183115,Test,14.083333333333334
5183637,Test,8.816666666666666
5184046,Control,2.7666666666666666
5184243,Test,5.516666666666667
5184648,Test,4.316666666666666
5184711,Control,4.483333333333333
5186330,Control,4.383333333333334
5186778,Control,3.066666666666667
5186933,Test,2.1666666666666665
5187151,Test,2.683333333333333
5187189,Test,7.15
5187803,Test,12.966666666666667
5188201,Control,2.4
5188690,Test,11.2
5188803,Test,3.25
5188831,Test,9.35
5188935,Control,6.116666666666666
5189179,Control,9.266666666666667
5189229,Control,3.783333333333333
5189825,Test,17.016666666666666
5189871,Control,4.033333333333333
5189898,Control,2.2666666666666666
5189980,Test,18.583333333333332
5190117,Test,6.283333333333333
5190284,Control,5.633333333333334
5190544,Test,8.1
5191385,Test,1.3833333333333333
5191995,Control,6.983333333333333
5192072,Control,6.033333333333333
5192635,Control,8.616666666666667
5192659,Test,7.416666666666667
5192875,Control,3.2333333333333334
5192961,Test,6.833333333333333
5193751,Control,3.0
5194608,Control,6.633333333333334
5194623,Test,12.5
5194745,Control,7.35
5194754,Control,5.033333333333333
5195063,Test,0.8666666666666667
5195261,Control,4.85
5196791,Test,1.7
5197285,Test,3.316666666666667
5197524,Test,4.033333333333333
5197627,Test,7.583333333333333
5197863,Test,11.483333333333333
5198344,Test,8.8
5198732,Test,4.933333333333334
5198962,Test,9.4
5199121,Test,14.633333333333333
5199268,Control,3.85
5200144,Test,2.8
5200424,Test,3.433333333333333
5200509,Control,2.45
5200905,Test,5.216666666666667
5200954,Control,2.7333333333333334
5201417,Test,3.7
5201611,Test,3.533333333333333
5201721,Test,3.183333333333333
5201743,Test,2.966666666666667
5201744,Control,20.55
5201853,Test,3.283333333333333
5202033,Test,6.95
5202350,Test,2.45
5202386,Control,14.65
5202456,Control,7.066666666666666
5202902,Control,2.1333333333333333
5203247,Control,6.633333333333334
5203411,Control,17.75
5203638,Control,5.566666666666666
5203969,Test,13.016666666666667
5204027,Test,6.116666666666666
5204398,Control,14.516666666666667
5205052,Control,2.4833333333333334
5205651,Control,5.933333333333334
5205837,Control,6.266666666666667
5205973,Control,30.45
5206053,Test,5.6
5206182,Test,5.15
5206236,Control,1.8333333333333333
5206243,Test,3.683333333333333
5208097,Control,3.4
5209141,Test,12.833333333333334
5209167,Control,4.8
5209844,Test,2.55
5210046,Control,4.616666666666666
5210423,Control,1.4666666666666666
5210640,Test,3.183333333333333
5210738,Test,2.6333333333333333
5210872,Test,4.766666666666667
5211268,Control,1.9166666666666667
5211908,Control,2.1333333333333333
5212142,Control,6.666666666666667
5212851,Control,2.45
5213791,Test,20.816666666666666
5213888,Control,2.65
5215055,Control,3.1333333333333333
5215088,Control,21.216666666666665
5215138,Control,5.75
5215288,Test,11.466666666666667
5215452,Test,5.183333333333334
5215496,Control,2.3
5215997,Test,8.116666666666667
5216058,Control,10.95
5216573,Control,6.283333333333333
5216796,Test,1.8833333333333333
5216939,Test,3.0166666666666666
5217337,Control,4.25
5217472,Control,2.25
5217742,Test,1.6
5219396,Control,5.716666666666667
5219742,Test,15.15
5219963,Test,2.5166666666666666
5219971,Test,1.8833333333333333
5220583,Control,22.333333333333332
5220791,Control,4.883333333333334
5221147,Test,2.8666666666666667
5221154,Control,22.866666666666667
5221284,Test,2.1166666666666667
5221768,Test,6.5
5221886,Control,5.266666666666667
5222244,Test,2.533333333333333
5222251,Test,1.4
5222375,Test,11.266666666666667
5222418,Control,23.4
5222638,Test,7.5
5223510,Test,7.083333333333333
5223873,Control,5.666666666666667
5223892,Control,4.616666666666666
5224346,Test,5.033333333333333
5224408,Test,2.7666666666666666
5224479,Control,2.65
5224523,Test,2.95
5224734,Test,1.9333333333333333
5225442,Test,5.183333333333334
5225492,Control,3.6
5225985,Test,10.333333333333334
5226265,Control,2.7666666666666666
5226626,Test,8.766666666666667
5226917,Test,1.2
5226970,Control,3.7
5227876,Test,1.8166666666666667
5227926,Test,9.116666666666667
5228044,Test,2.7333333333333334
5228551,Test,6.133333333333334
5228586,Control,8.166666666666666
5228617,Test,2.0166666666666666
5228655,Test,1.2166666666666666
5229498,Test,1.6
5229511,Control,3.4166666666666665
5230191,Control,34.53333333333333
5230313,Control,2.8833333333333333
5230466,Test,9.816666666666666
5231347,Test,4.216666666666667
5231420,Test,5.083333333333333
5231727,Test,5.9
5231915,Test,7.7
5232551,Control,1.5333333333333334
5233012,Test,2.3
5233429,Test,1.9666666666666666
5233866,Test,6.3
5233875,Test,18.233333333333334
5233962,Test,6.316666666666666
5234070,Control,3.316666666666667
5234152,Test,8.9
5234643,Test,10.316666666666666
5234879,Test,84.43333333333334
5234998,Control,3.716666666666667
5235587,Test,4.55
5236006,Control,4.3
5236248,Test,2.2
5237164,Control,7.933333333333334
5237360,Control,20.016666666666666
5237672,Control,4.05
5237799,Test,3.4833333333333334
5237891,Control,10.25
5238028,Control,3.0833333333333335
5238268,Control,2.216666666666667
5238437,Control,6.3
5238546,Test,3.1333333333333333
5238758,Test,4.75
5238994,Test,16.016666666666666
5239105,Test,2.55
5239805,Test,4.466666666666667
5240077,Control,3.466666666666667
5240348,Control,0.9166666666666666
5240399,Test,3.0833333333333335
5240579,Test,1.9666666666666666
5240877,Test,2.1166666666666667
5241065,Test,2.2
5241409,Test,3.283333333333333
5242320,Test,2.5166666666666666
5242471,Test,34.55
5242916,Test,10.566666666666666
5243165,Control,1.3833333333333333
5243201,Control,8.533333333333333
5243476,Control,2.7333333333333334
5243725,Test,16.683333333333334
5244367,Control,10.833333333333334
5244527,Test,4.45
5244585,Control,7.066666666666666
5244658,Control,5.016666666666667
5245070,Test,1.6666666666666667
5245124,Test,7.7
5245392,Test,12.733333333333333
5245420,Test,2.5166666666666666
5245476,Test,1.5833333333333333
5245678,Test,2.65
5246023,Test,2.816666666666667
5246819,Control,12.3
5246910,Control,3.0166666666666666
5247002,Test,27.966666666666665
5247296,Test,5.616666666666666
5247593,Control,0.5833333333333334
5247686,Control,10.966666666666667
5249002,Test,4.516666666666667
5249149,Test,3.1
5249171,Test,2.2666666666666666
5249489,Control,6.266666666666667
5249648,Control,5.983333333333333
5249727,Test,5.283333333333333
5249755,Control,6.483333333333333
5249795,Control,2.0
5249882,Test,16.216666666666665
5249895,Test,6.183333333333334
5250051,Control,13.883333333333333
5250186,Control,2.683333333333333
5250341,Test,1.85
5250412,Test,8.35
5250597,Control,5.85
5250931,Control,3.9166666666666665
5251053,Control,7.866666666666666
5251307,Control,8.6
5251417,Control,5.183333333333334
5251466,Test,13.733333333333333
5251468,Test,2.35
5251521,Test,3.3
5251671,Control,2.566666666666667
5252040,Test,2.3666666666666667
5252893,Test,2.9166666666666665
5253039,Control,7.7
5253326,Test,2.4833333333333334
5253835,Test,2.45
5253953,Test,79.25
5253954,Control,1.9666666666666666
5254323,Control,5.916666666666667
5254812,Control,4.15
5255030,Test,5.183333333333334
5255286,Control,9.716666666666667
5255453,Test,9.05
5255514,Test,3.3333333333333335
5255589,Test,3.55
5255917,Control,5.766666666666667
5256566,Control,4.233333333333333
5256648,Control,13.583333333333334
5256696,Test,6.016666666666667
5256980,Control,4.616666666666666
5257165,Test,1.9666666666666666
5257410,Test,4.983333333333333
5257748,Test,2.216666666666667
5258191,Test,1.4166666666666667
5258421,Test,1.9
5258581,Control,6.166666666666667
5258772,Test,12.966666666666667
5259007,Test,4.85
5259519,Control,19.833333333333332
5259609,Control,2.1
5260155,Test,3.0
5260443,Test,21.616666666666667
5260884,Test,20.183333333333334
5260896,Control,4.8
5261041,Test,1.0833333333333333
5261223,Test,4.366666666666666
5261517,Control,1.8666666666666667
5261586,Test,8.566666666666666
5262119,Control,2.1666666666666665
5262516,Test,5.4
5262538,Test,5.65
5262815,Control,7.216666666666667
5262910,Control,4.583333333333333
5263052,Control,2.8333333333333335
5263096,Control,11.016666666666667
5264326,Control,15.516666666666667
5264378,Test,2.8
5264748,Control,1.5333333333333334
5265291,Control,3.8
5265454,Test,6.7
5265484,Test,1.7833333333333334
5265495,Control,4.283333333333333
5266149,Control,3.15
5266951,Control,9.466666666666667
5267691,Control,3.25
5267696,Test,13.9
5267839,Test,10.933333333333334
5268068,Test,5.516666666666667
5268101,Control,1.55
5268166,Test,5.083333333333333
5268329,Test,3.2333333333333334
5268640,Test,1.9
5268732,Test,3.4833333333333334
5268802,Test,5.05
5269098,Control,1.8333333333333333
5269385,Control,11.55
5269746,Control,5.266666666666667
5269752,Control,3.6333333333333333
5269832,Test,6.216666666666667
5269888,Test,1.4333333333333333
5269959,Test,6.866666666666666
5271129,Control,12.333333333333334
5271445,Test,3.8666666666666667
5271807,Test,11.15
5271810,Test,7.3
5272209,Control,109.53333333333333
5272525,Test,1.5666666666666667
5273138,Test,2.9833333333333334
5274100,Test,1.8
5274738,Test,2.466666666666667
5274750,Control,6.483333333333333
5275149,Control,3.1166666666666667
5275276,Test,5.366666666666666
5275476,Control,4.483333333333333
5276734,Test,5.416666666666667
5276754,Control,19.733333333333334
5276945,Test,2.683333333333333
5276993,Test,5.3
5277910,Test,6.333333333333333
5277936,Test,2.7666666666666666
5278439,Test,1.9
5278597,Test,6.566666666666666
5279217,Control,5.866666666666666
5279330,Control,3.2666666666666666
5279608,Test,6.133333333333334
5279633,Test,3.6
5280291,Test,1.8333333333333333
5280625,Control,4.8
5280789,Test,1.85
5280867,Test,3.7666666666666666
5281064,Control,4.433333333333334
5281066,Control,9.35
5281606,Test,2.7333333333333334
5281715,Test,4.166666666666667
5281854,Test,2.9833333333333334
5282553,Control,284.53333333333336
5282774,Control,2.2333333333333334
5283204,Test,2.783333333333333
5283242,Control,1.7666666666666666
5283422,Test,1.4833333333333334
5283980,Control,3.783333333333333
5283991,Control,5.233333333333333
5284103,Control,12.25
5284235,Control,4.9
5284240,Test,1.8166666666666667
5284464,Test,3.066666666666667
5284522,Test,4.533333333333333
5284897,Control,2.3333333333333335
5285625,Test,8.666666666666666
5285771,Control,6.133333333333334
5286049,Test,3.1166666666666667
5286206,Control,11.616666666666667
5286362,Test,5.316666666666666
5286363,Test,5.733333333333333
5286552,Test,1.85
5286628,Test,2.183333333333333
5286680,Test,2.1166666666666667
5287195,Control,10.333333333333334
5287377,Control,3.45
5287546,Control,9.783333333333333
5287776,Test,6.516666666666667
5287861,Test,2.966666666666667
5288149,Test,4.5
5288196,Control,3.5833333333333335
5288243,Test,3.933333333333333
5288278,Control,1.15
5288701,Test,1.4333333333333333
5288869,Test,4.716666666666667
5289052,Control,3.4833333333333334
5289273,Test,2.0
5289344,Test,2.3
5289601,Test,4.3
5289829,Control,8.166666666666666
5290060,Test,5.25
5290630,Test,6.35
5291077,Control,5.933333333333334
5291166,Control,7.2
5291323,Control,6.45
5291423,Control,2.2333333333333334
5291697,Test,6.133333333333334
5291781,Test,1.8666666666666667
5292288,Control,2.3833333333333333
5292870,Test,2.933333333333333
5292917,Test,4.65
5293565,Test,2.15
5293569,Test,4.95
5293759,Test,5.183333333333334
5293887,Control,14.366666666666667
5294087,Control,12.066666666666666
5294139,Control,2.716666666666667
5294928,Control,8.583333333333334
5295619,Test,22.216666666666665
5295744,Test,1.5833333333333333
5296140,Control,13.5
5297031,Test,25.983333333333334
5297091,Test,1.5666666666666667
5297168,Control,2.433333333333333
5297688,Test,22.45
5297883,Test,4.383333333333334
5298248,Control,2.033333333333333
5298449,Test,4.5
5298822,Control,17.9
5299317,Control,16.1
5299330,Control,5.316666666666666
5299415,Test,2.316666666666667
5299626,Test,6.633333333333334
5300015,Control,4.066666666666666
5300135,Control,2.5833333333333335
5300168,Test,5.516666666666667
5300466,Test,6.066666666666666
5300698,Control,1.55
5300806,Control,2.0833333333333335
5300859,Test,2.3333333333333335
5301174,Test,34.6
5301524,Control,5.983333333333333
5301754,Test,2.183333333333333
5301953,Test,12.266666666666667
5302222,Test,9.966666666666667
5302505,Test,11.033333333333333
5302579,Test,1.9833333333333334
5303283,Test,1.85
5303422,Control,13.783333333333333
5303546,Test,1.9666666666666666
5304104,Control,6.483333333333333
5304250,Test,2.8333333333333335
5305116,Control,4.8
5305907,Control,3.316666666666667
5306046,Control,5.266666666666667
5306811,Control,5.05
5308409,Control,5.6
5308474,Test,3.3666666666666667
5308525,Control,14.216666666666667
5308699,Test,2.5166666666666666
5308745,Test,2.6666666666666665
5308804,Control,5.283333333333333
5308892,Control,5.733333333333333
5308950,Test,12.183333333333334
5309015,Test,11.95
5310113,Test,4.016666666666667
5310157,Control,4.3
5310212,Test,66.85
5310914,Test,5.066666666666666
5311255,Test,5.433333333333334
5311333,Control,7.65
5311714,Control,8.716666666666667
5312309,Control,5.2
5312586,Control,7.183333333333334
5313210,Control,5.916666666666667
5313213,Test,3.65
5314074,Control,9.816666666666666
5314127,Test,3.6666666666666665
5314289,Control,12.366666666666667
5314475,Control,3.7333333333333334
5314587,Test,4.25
5314725,Control,6.633333333333334
5315510,Control,4.533333333333333
5315667,Test,1.5333333333333334
5315941,Test,2.283333333333333
5316407,Control,4.55
5316428,Control,11.15
5316715,Test,4.55
5316776,Test,3.283333333333333
5316892,Control,4.883333333333334
5316980,Control,14.75
5317123,Control,3.75
5317278,Test,16.4
5317548,Control,11.133333333333333
5318283,Control,5.016666666666667
5318449,Test,1.7166666666666666
5319067,Control,7.916666666666667
5319464,Test,3.7
5319610,Test,4.35
5319806,Control,2.9833333333333334
5319951,Control,1.2333333333333334
5320543,Test,21.05
5320874,Test,6.633333333333334
5321764,Control,9.6
5321853,Test,4.066666666666666
5322577,Control,21.916666666666668
5322608,Control,2.5
5323176,Test,1.9333333333333333
5323656,Control,3.9833333333333334
5324211,Control,2.65
5324216,Test,32.1
5324253,Test,5.933333333333334
5324286,Test,4.6
5324504,Test,2.8333333333333335
5324820,Test,18.183333333333334
5325077,Test,2.7666666666666666
5325758,Test,4.233333333333333
5325969,Control,10.5
5326530,Control,14.8
5326567,Test,7.616666666666666
5327184,Control,3.533333333333333
5328127,Control,2.933333333333333
5328556,Test,1.6833333333333333
5328613,Test,7.066666666666666
5328856,Control,2.9166666666666665
5328996,Control,5.966666666666667
5329087,Control,4.266666666666667
5329164,Control,5.8
5329326,Test,15.35
5329342,Test,9.75
5329385,Control,4.883333333333334
5329423,Test,3.85
5329885,Test,1.8833333333333333
5329888,Control,2.183333333333333
5330145,Control,5.9
5330523,Control,3.25
5330825,Control,15.116666666666667
5331001,Test,3.3
5331298,Test,3.316666666666667
5331374,Test,2.5833333333333335
5331814,Test,2.8666666666666667
5332044,Test,12.216666666666667
5332141,Control,2.3666666666666667
5332484,Control,5.05
5333331,Test,2.283333333333333
5333922,Control,3.066666666666667
5334349,Control,5.133333333333334
5334594,Test,8.716666666666667
5334656,Control,10.733333333333333
5334822,Test,7.966666666666667
5335619,Test,8.85
5336156,Control,3.4
5336299,Control,4.7
5336797,Test,4.533333333333333
5336866,Test,2.3833333333333333
5336960,Control,1.7
5337249,Test,2.5
5337342,Test,9.316666666666666
5337567,Control,25.516666666666666
5337753,Test,3.15
5337833,Test,4.533333333333333
5338170,Control,2.9833333333333334
5338990,Test,14.566666666666666
5339133,Control,5.283333333333333
5339414,Control,7.8
5339990,Control,8.183333333333334
5340072,Test,7.016666666666667
5340082,Test,4.783333333333333
5340728,Control,1.7166666666666666
5341221,Control,6.133333333333334
5341240,Control,1.1833333333333333
5342345,Control,6.35
5342509,Control,3.05
5342626,Test,4.6
5342968,Test,5.283333333333333
5343695,Control,20.416666666666668
5343842,Test,1.7
5344576,Control,6.55
5345165,Control,2.566666666666667
5345406,Control,11.0
5345656,Control,4.016666666666667
5345959,Test,3.566666666666667
5346077,Test,3.4166666666666665
5346181,Test,1.6833333333333333
5346197,Test,1.8
5346235,Test,4.716666666666667
5346936,Test,2.966666666666667
5347096,Test,7.266666666666667
5347505,Control,2.3666666666666667
5347616,Control,4.933333333333334
5347642,Control,6.166666666666667
5347718,Test,2.2666666666666666
5348276,Test,6.183333333333334
5348797,Test,3.6333333333333333
5349080,Test,2.783333333333333
5349267,Control,2.55
5349495,Test,4.816666666666666
5349616,Control,7.433333333333334
5349851,Control,8.216666666666667
5350690,Test,15.883333333333333
5350766,Control,6.266666666666667
5350856,Control,10.4
5351413,Test,3.8833333333333333
5351642,Test,9.166666666666666
5352431,Test,1.8166666666666667
5352556,Test,3.25
5352731,Test,3.3666666666666667
5352734,Control,4.133333333333334
5353013,Test,5.883333333333334
5353299,Control,1.95
5353456,Test,2.7
5353469,Test,2.566666666666667
5353871,Test,12.483333333333333
5354683,Control,6.2
5354757,Control,3.3666666666666667
5355401,Control,2.1666666666666665
5355763,Test,2.8666666666666667
5355825,Test,2.25
5356141,Test,1.85
5356212,Test,3.2333333333333334
5356493,Test,3.966666666666667
5356988,Control,2.9833333333333334
5357058,Test,5.55
5357124,Control,3.8833333333333333
5357196,Test,2.3
5357257,Control,2.816666666666667
5357266,Test,4.166666666666667
5357605,Control,3.966666666666667
5357739,Test,15.9
5357775,Test,2.316666666666667
5357788,Control,4.55
5358001,Control,4.566666666666666
5358071,Test,1.7833333333333334
5358140,Test,6.566666666666666
5358275,Test,6.466666666666667
5358303,Control,7.733333333333333
5358630,Test,35.3
5359706,Control,2.783333333333333
5359749,Test,4.7
5359950,Test,1.8833333333333333
5360325,Control,4.633333333333334
5360468,Test,2.216666666666667
5360482,Control,1.4666666666666666
5360893,Test,11.966666666666667
5360956,Control,3.65
5361481,Control,2.433333333333333
5361794,Test,1.5833333333333333
5362911,Test,2.45
5363315,Control,10.766666666666667
5363445,Control,12.916666666666666
5363561,Control,3.2
5363915,Test,2.216666666666667
5364272,Control,5.883333333333334
5364396,Control,3.3333333333333335
5364422,Test,1.65
5364720,Control,6.65
5364830,Test,1.8333333333333333
5366640,Control,2.933333333333333
5366999,Test,4.483333333333333
5367054,Test,2.716666666666667
5367588,Test,3.95
5368842,Test,2.3666666666666667
5369253,Test,2.1333333333333333
5369289,Control,3.933333333333333
5369371,Test,6.9
5369527,Control,4.4
5369674,Test,3.15
5369787,Test,6.233333333333333
5370094,Test,5.3
5370323,Test,3.1333333333333333
5370397,Control,4.266666666666667
5370538,Control,3.2666666666666666
5371436,Test,1.4666666666666666
5371469,Control,4.616666666666666
5372156,Test,3.1166666666666667
5372739,Test,1.5166666666666666
5372927,Control,3.7333333333333334
5373448,Test,4.566666666666666
5373548,Test,3.8666666666666667
5373683,Test,1.7833333333333334
5373695,Control,3.0833333333333335
5373914,Test,4.283333333333333
5374697,Control,6.316666666666666
5374819,Control,3.6666666666666665
5374942,Test,6.066666666666666
5375087,Test,4.516666666666667
5375695,Control,9.35
5375958,Test,2.683333333333333
5376149,Control,3.7
5376483,Test,2.8666666666666667
5376525,Control,3.183333333333333
5376682,Control,8.483333333333333
5377046,Test,19.016666666666666
5377104,Test,1.2166666666666666
5377248,Control,3.35
5377323,Control,5.666666666666667
5378046,Control,9.133333333333333
5378112,Test,4.716666666666667
5378150,Control,2.1166666666666667
5378271,Test,4.05
5378456,Control,9.9
5379193,Control,1.6833333333333333
5379344,Test,2.3666666666666667
5379667,Control,22.033333333333335
5380012,Test,3.7666666666666666
5381132,Test,3.3833333333333333
5381427,Test,6.933333333333334
5382083,Control,3.05
5382317,Control,1.7833333333333334
5382590,Control,7.816666666666666
5382870,Test,2.3333333333333335
5383103,Test,3.4166666666666665
5383408,Test,2.8
5384175,Test,3.9166666666666665
5384379,Control,6.716666666666667
5384676,Test,2.5166666666666666
5384737,Control,1.8666666666666667
5385254,Test,3.316666666666667
5385259,Control,1.9666666666666666
5385544,Control,10.45
5385682,Test,1.4166666666666667
5386054,Test,2.033333333333333
5386477,Control,2.95
5386800,Test,7.3
5387183,Control,6.016666666666667
5387263,Control,1.55
5387318,Test,7.933333333333334
5387333,Control,4.883333333333334
5388250,Control,3.45
5388305,Test,3.1166666666666667
5388332,Control,2.966666666666667
5388389,Test,2.3833333333333333
5388523,Control,15.8
5388529,Control,5.816666666666666
5388733,Test,17.716666666666665
5388818,Control,12.516666666666667
5388829,Test,3.6333333333333333
5388847,Test,2.65
5388915,Test,2.4
5389836,Test,5.45
5389948,Test,2.9
5390584,Test,3.466666666666667
5390617,Test,3.25
5390890,Control,37.86666666666667
5390974,Control,1.4
5391158,Test,4.25
5391356,Control,3.85
5391853,Test,9.933333333333334
5391929,Test,1.8166666666666667
5392133,Test,5.15
5392696,Test,5.266666666666667
5393255,Test,3.85
5394104,Control,4.266666666666667
5394514,Test,7.733333333333333
5394982,Test,6.833333333333333
5395227,Test,12.9
5395303,Control,9.5
5395357,Test,23.35
5395498,Test,2.6333333333333333
5395585,Control,3.6166666666666667
5395795,Control,2.8833333333333333
5396029,Control,6.183333333333334
5396257,Control,18.95
5396456,Test,13.066666666666666
5396558,Test,3.3
5396631,Control,4.3
5396918,Test,3.9833333333333334
5397632,Control,1.6833333333333333
5398009,Test,2.5166666666666666
5398214,Test,2.9
5398442,Test,13.6
5398552,Test,21.083333333333332
5398722,Control,4.1
5398769,Control,5.183333333333334
5399074,Control,4.133333333333334
5399235,Test,7.116666666666666
5400276,Test,3.3
5400630,Test,11.533333333333333
5400643,Control,3.7
5400744,Test,2.183333333333333
5401228,Test,3.7
5401809,Control,5.816666666666666
5401810,Test,17.416666666666668
5401815,Control,2.9166666666666665
5402293,Control,7.333333333333333
5402515,Test,11.216666666666667
5402582,Control,2.6166666666666667
5403184,Test,6.183333333333334
5403497,Control,2.816666666666667
5403582,Control,8.7
5404035,Test,4.233333333333333
5404080,Control,12.283333333333333
5404234,Test,2.183333333333333
5404870,Test,7.483333333333333
5404986,Test,2.033333333333333
5405030,Test,4.25
5405251,Test,12.066666666666666
5405306,Test,1.6
5406510,Test,1.3
5406726,Control,2.25
5406971,Control,1.95
5407336,Control,9.4
5407437,Control,36.166666666666664
5407531,Control,3.2666666666666666
5407849,Test,2.566666666666667
5407958,Test,2.95
5408240,Control,3.183333333333333
5409213,Test,10.033333333333333
5409735,Test,1.3166666666666667
5409799,Test,5.716666666666667
5409972,Test,2.066666666666667
5410113,Test,4.766666666666667
5410180,Control,18.016666666666666
5410439,Control,7.816666666666666
5410489,Control,3.45
5410614,Control,3.2666666666666666
5411033,Test,2.283333333333333
5411447,Test,2.8
5412295,Control,12.966666666666667
5412643,Control,2.45
5412721,Control,3.0833333333333335
5413659,Control,2.4
5413860,Control,3.85
5413866,Control,8.433333333333334
5414090,Test,2.066666666666667
5414679,Test,3.0
5415276,Control,10.116666666666667
5416331,Test,2.0833333333333335
5416822,Test,4.15
5417109,Test,31.066666666666666
5417250,Test,1.3333333333333333
5417457,Control,2.7666666666666666
5417529,Test,5.45
5417651,Control,4.166666666666667
5417988,Test,6.416666666666667
5418058,Control,7.083333333333333
5418190,Control,34.18333333333333
5418267,Test,3.2333333333333334
5418938,Test,2.8333333333333335
5418992,Control,5.55
5419834,Test,3.533333333333333
5420175,Test,6.533333333333333
5421524,Test,10.816666666666666
5421639,Test,3.3666666666666667
5422640,Test,2.65
5422947,Control,8.55
5423075,Test,2.6
5423084,Test,9.4
5423334,Test,10.383333333333333
5423497,Control,1.5666666666666667
5423689,Test,4.65
5423819,Test,2.95
5424595,Test,3.35
5424600,Control,11.916666666666666
5425029,Control,14.383333333333333
5425055,Test,8.95
5425186,Test,5.133333333333334
5425529,Test,2.6166666666666667
5425553,Control,5.766666666666667
5425889,Test,1.55
5426051,Test,23.966666666666665
5426380,Control,5.133333333333334
5426555,Control,5.533333333333333
5426638,Test,5.416666666666667
5426762,Test,6.366666666666666
5427200,Control,2.0166666666666666
5427223,Test,10.4
5427647,Control,12.4
5428288,Test,1.4333333333333333
5428734,Test,2.3
5428955,Test,7.266666666666667
5429020,Test,2.25
5429577,Control,1.95
5429671,Test,5.0
5429840,Test,3.2
5429895,Test,5.55
5429906,Control,6.566666666666666
5429961,Control,2.433333333333333
5429994,Control,2.3333333333333335
5430117,Test,3.75
5430203,Control,1.9333333333333333
5430346,Test,2.1166666666666667
5431148,Test,2.35
5431617,Test,4.5
5431838,Control,1.6
5431942,Control,8.233333333333333
5432625,Test,1.3666666666666667
5432669,Test,25.733333333333334
5432916,Test,4.316666666666666
5433214,Control,3.5833333333333335
5433338,Control,5.783333333333333
5433735,Control,5.766666666666667
5434444,Control,3.7
5434624,Test,22.133333333333333
5434913,Test,9.233333333333333
5435149,Test,4.366666666666666
5435160,Control,4.783333333333333
5436026,Control,2.6
5436125,Test,3.35
5436214,Test,1.0833333333333333
5436477,Control,4.85
5436729,Test,1.45
5436944,Control,13.05
5437189,Test,4.95
5437375,Test,1.3
5437380,Test,2.9833333333333334
5437432,Test,2.466666666666667
5437696,Test,1.6166666666666667
5438263,Control,4.866666666666666
5439077,Control,10.0
5439307,Test,14.283333333333333
5440001,Test,3.2333333333333334
5440064,Control,2.2
5440190,Control,2.5
5440417,Control,7.183333333333334
5440423,Test,22.716666666666665
5440451,Test,3.566666666666667
5440461,Test,4.133333333333334
5440673,Test,9.95
5441598,Test,4.883333333333334
5441788,Test,3.533333333333333
5442451,Control,3.1333333333333333
5442456,Control,5.85
5443203,Test,9.933333333333334
5443219,Control,3.933333333333333
5443224,Test,1.7166666666666666
5443467,Test,4.716666666666667
5444290,Control,4.366666666666666
5444874,Control,15.666666666666666
5444943,Test,3.283333333333333
5445293,Test,3.0
5446017,Test,6.466666666666667
5446108,Test,2.5833333333333335
5446789,Test,9.233333333333333
5446840,Control,5.5
5446896,Test,1.9166666666666667
5447562,Control,3.6
5448013,Test,2.2
5448106,Control,4.5
5448277,Test,29.05
5448299,Test,7.033333333333333
5449329,Control,10.283333333333333
5449406,Test,2.4833333333333334
5449569,Test,7.85
5449775,Control,9.266666666666667
5449926,Control,1.1666666666666667
5449968,Control,53.06666666666667
5450432,Test,2.2333333333333334
5451021,Test,6.516666666666667
5451373,Control,1.8166666666666667
5451503,Test,3.183333333333333
5451741,Control,6.133333333333334
5451938,Control,4.533333333333333
5452377,Test,2.0
5452512,Control,1.8833333333333333
5452664,Test,4.016666666666667
5453206,Test,29.166666666666668
5453216,Test,4.35
5453370,Control,8.2
5453500,Test,4.516666666666667
5453705,Test,10.5
5454195,Control,6.6
5456130,Test,4.25
5456641,Test,1.7666666666666666
5456658,Control,12.066666666666666
5457150,Test,6.95
5457890,Control,4.0
5458119,Control,14.3
5458849,Test,5.45
5459007,Test,3.6166666666666667
5459064,Control,2.1166666666666667
5459195,Test,15.25
5459258,Test,3.8833333333333333
5459379,Control,1.55
5459984,Control,2.966666666666667
5460321,Test,5.766666666666667
5460698,Control,3.183333333333333
5460727,Control,2.5166666666666666
5460882,Control,5.25
5461458,Test,3.1666666666666665
5461478,Test,4.666666666666667
5461564,Test,7.183333333333334
5462579,Control,2.8
5463035,Test,1.6666666666666667
5463364,Test,2.35
5463431,Test,5.1
5463581,Test,3.45
5464721,Test,3.7333333333333334
5466262,Test,8.866666666666667
5466359,Control,3.433333333333333
5466774,Control,3.183333333333333
5466929,Control,12.416666666666666
5467002,Test,1.3166666666666667
5467058,Test,6.95
5467090,Test,2.2333333333333334
5467264,Test,2.2666666666666666
5467350,Control,2.216666666666667
5467564,Control,8.666666666666666
5467690,Control,5.916666666666667
5467823,Test,5.2
5468075,Test,2.5833333333333335
5468082,Control,3.5833333333333335
5468232,Control,25.15
5468324,Test,2.683333333333333
5468630,Test,3.4166666666666665
5468697,Test,4.9
5468964,Control,3.6
5469758,Test,1.7166666666666666
5470143,Control,2.2333333333333334
5470159,Control,5.083333333333333
5470655,Control,8.466666666666667
5470686,Test,1.5833333333333333
5470976,Test,1.3
5471058,Test,10.733333333333333
5471159,Test,3.0833333333333335
5471281,Control,2.6
5471650,Test,3.65
5472730,Control,5.366666666666666
5472852,Control,6.95
5473564,Control,2.783333333333333
5473597,Test,20.683333333333334
5473808,Test,2.3333333333333335
5474001,Test,1.8333333333333333
5474085,Test,1.45
5474652,Test,7.65
5474772,Test,3.35
5474775,Test,3.3333333333333335
5474787,Control,2.7666666666666666
5475282,Test,10.216666666666667
5475328,Test,4.783333333333333
5475338,Test,2.3333333333333335
5475466,Control,3.85
5475931,Control,3.2333333333333334
5475948,Control,5.0
5476357,Test,10.733333333333333
5476413,Control,3.3
5476772,Control,3.033333333333333
5476918,Control,21.866666666666667
5477208,Control,3.6333333333333333
5477656,Control,12.016666666666667
5477784,Test,8.216666666666667
5477996,Control,2.7333333333333334
5478068,Control,6.55
5478251,Test,2.2333333333333334
5478485,Control,4.133333333333334
5479144,Control,4.083333333333333
5479150,Control,8.45
5480007,Test,4.4
5480074,Test,23.683333333333334
5481163,Control,20.083333333333332
5481185,Control,4.616666666666666
5481343,Test,42.45
5481690,Test,2.933333333333333
5481902,Test,16.683333333333334
5482003,Control,3.05
5482053,Control,4.166666666666667
5482499,Test,2.566666666666667
5483892,Control,6.816666666666666
5484362,Control,4.75
5484704,Test,1.9666666666666666
5485000,Test,2.933333333333333
5485112,Test,13.533333333333333
5485527,Test,1.8666666666666667
5485585,Test,0.8333333333333334
5485738,Test,6.8
5486221,Test,2.75
5486491,Control,15.083333333333334
5486973,Test,8.833333333333334
5487657,Control,2.4166666666666665
5487813,Test,2.3
5488119,Control,3.2
5488621,Control,3.3666666666666667
5489642,Test,6.716666666666667
5490525,Control,2.6
5490654,Test,11.083333333333334
5490826,Test,8.383333333333333
5491474,Test,2.1666666666666665
5491826,Control,26.116666666666667
5492036,Control,2.8833333333333333
5492724,Control,2.75
5492897,Test,6.45
5492948,Test,20.35
5492993,Control,2.716666666666667
5493415,Control,3.8666666666666667
5493998,Test,8.583333333333334
5494232,Control,6.5
5495061,Test,2.033333333333333
5497377,Test,7.066666666666666
5498929,Control,2.933333333333333
5499919,Control,2.2333333333333334
5500054,Control,7.35
5500495,Control,9.4
5500821,Test,7.85
5501584,Test,2.0
5501949,Test,10.016666666666667
5502279,Control,3.033333333333333
5502432,Control,3.3333333333333335
5503316,Test,1.95
5503734,Test,2.933333333333333
5503800,Control,2.6333333333333333
5503836,Control,6.6
5504559,Control,5.083333333333333
5504731,Test,10.933333333333334
5504894,Test,4.666666666666667
5505534,Control,8.066666666666666
5505565,Control,1.1333333333333333
5506805,Test,12.433333333333334
5506852,Test,2.2
5507184,Test,10.883333333333333
5508187,Control,2.0166666666666666
5508214,Test,4.916666666666667
5508410,Test,2.716666666666667
5508444,Test,1.55
5509624,Test,2.8833333333333333
5510220,Control,10.866666666666667
5510809,Control,2.2666666666666666
5510998,Control,13.166666666666666
5511009,Test,2.05
5511315,Control,4.533333333333333
5511653,Test,7.55
5511805,Test,12.516666666666667
5511899,Control,26.283333333333335
5511919,Test,3.6166666666666667
5512076,Test,6.583333333333333
5512095,Control,4.633333333333334
5512185,Test,3.05
5512263,Test,4.85
5512354,Control,1.9666666666666666
5512547,Control,2.6333333333333333
5513189,Test,4.783333333333333
5514104,Control,3.0
5514240,Test,1.3
5514367,Test,8.45
5514901,Control,3.8
5515078,Test,1.5166666666666666
5516350,Control,1.6
5516455,Test,8.083333333333334
5517122,Test,4.066666666666666
5518059,Test,17.8
5518238,Control,2.2
5518388,Test,1.95
5518698,Test,5.5
5518822,Control,1.6666666666666667
5518993,Control,8.25
5519006,Control,3.1
5519235,Test,2.55
5519305,Test,1.9666666666666666
5519930,Test,5.6
5520075,Test,4.966666666666667
5520127,Control,3.1666666666666665
5520576,Control,17.916666666666668
5520839,Test,1.2833333333333334
5521246,Test,2.7333333333333334
5521308,Control,3.4166666666666665
5521628,Test,5.083333333333333
5521811,Control,6.466666666666667
5522306,Control,3.8333333333333335
5522530,Test,0.85
5523096,Control,3.8
5523293,Test,4.783333333333333
5523456,Test,3.25
5523503,Control,2.316666666666667
5523886,Control,5.7
5523996,Control,11.683333333333334
5524226,Control,2.3333333333333335
5524463,Control,5.916666666666667
5524590,Control,8.216666666666667
5524988,Test,9.416666666666666
5525202,Test,3.0
5525291,Test,3.7666666666666666
5525306,Test,2.55
5525549,Test,54.333333333333336
5526019,Control,1.5
5526184,Control,1.9666666666666666
5526223,Test,6.4
5526294,Control,7.166666666666667
5526741,Test,2.6333333333333333
5527784,Test,5.616666666666666
5527992,Test,10.25
5528233,Test,4.833333333333333
5528242,Control,9.45
5529655,Control,2.183333333333333
5529860,Test,7.2
5529882,Control,11.366666666666667
5530246,Control,2.05
5530848,Test,6.5
5531076,Control,2.0166666666666666
5531217,Test,3.533333333333333
5531284,Control,4.883333333333334
5531315,Control,6.266666666666667
5531736,Control,2.8666666666666667
5531890,Control,9.666666666666666
5532000,Test,1.4333333333333333
5532383,Control,8.8
5532596,Control,14.866666666666667
5532707,Control,1.7166666666666666
5532902,Control,4.85
5533863,Control,21.933333333333334
5534058,Control,4.216666666666667
5534401,Test,14.883333333333333
5535707,Test,4.383333333333334
5535892,Test,14.816666666666666
5535964,Test,2.5
5536014,Test,1.25
5536159,Control,5.933333333333334
5536276,Test,1.6333333333333333
5536303,Control,4.666666666666667
5536337,Control,6.4
5537504,Control,1.5166666666666666
5537612,Test,4.183333333333334
5537949,Test,2.966666666666667
5538179,Test,3.2333333333333334
5538197,Test,2.533333333333333
5538449,Control,5.816666666666666
5539207,Control,1.8166666666666667
5539768,Control,4.35
5539836,Control,9.816666666666666
5540128,Test,3.033333333333333
5540715,Control,5.466666666666667
5540761,Control,1.7333333333333334
5541301,Test,6.833333333333333
5541934,Test,2.466666666666667
5542145,Control,4.066666666666666
5542581,Test,8.6
5542798,Test,2.4
5543024,Test,4.516666666666667
5543493,Test,7.05
5543804,Test,7.333333333333333
5544104,Test,5.666666666666667
5544203,Test,3.7
5544739,Control,4.8
5544750,Test,34.68333333333333
5544875,Test,3.1
5545127,Test,8.25
5545133,Test,6.616666666666666
5545303,Test,3.466666666666667
5545357,Test,7.383333333333334
5545425,Control,7.75
5545428,Test,2.5833333333333335
5546052,Test,9.9
5546276,Control,4.95
5547433,Test,11.1
5547565,Control,2.466666666666667
5547627,Test,4.016666666666667
5547961,Test,10.916666666666666
5548724,Control,8.55
5549078,Control,4.5
5549673,Test,2.5833333333333335
5549883,Test,2.8333333333333335
5550353,Control,9.7
5551581,Test,2.6333333333333333
5552032,Control,2.6166666666666667
5552661,Control,3.8666666666666667
5552819,Control,2.95
5552968,Test,1.3166666666666667
5552984,Test,3.2333333333333334
5553119,Control,3.3666666666666667
5553285,Control,2.65
5553389,Test,8.033333333333333
5553555,Test,3.1166666666666667
5554140,Test,1.7833333333333334
5554210,Control,13.9
5554534,Control,14.15
5554969,Control,3.716666666666667
5555416,Control,5.5
5555638,Control,3.8666666666666667
5556100,Control,3.25
5556204,Test,2.65
5556500,Test,4.733333333333333
5556865,Control,4.35
5556885,Control,6.983333333333333
5557300,Test,4.533333333333333
5557680,Control,2.75
5557932,Test,13.05
5558874,Control,14.266666666666667
5559264,Test,2.466666666666667
5559421,Control,3.3666666666666667
5559456,Test,6.283333333333333
5559545,Test,10.016666666666667
5559740,Control,2.5166666666666666
5559892,Test,1.65
5559981,Control,3.2
5560729,Test,5.3
5561990,Test,1.2666666666666666
5562109,Test,10.483333333333333
5562166,Control,28.95
5562982,Test,1.7666666666666666
5563273,Control,5.933333333333334
5563344,Control,25.916666666666668
5563811,Control,2.9
5564018,Test,34.666666666666664
5564419,Test,8.566666666666666
5565466,Test,2.1666666666666665
5565651,Control,3.966666666666667
5565881,Test,4.566666666666666
5566417,Control,3.8333333333333335
5566485,Control,8.433333333333334
5566584,Test,6.6
5566841,Test,4.616666666666666
5567038,Test,4.95
5567516,Test,7.1
5567548,Test,2.05
5567727,Control,1.3833333333333333
5567735,Test,1.95
5567976,Control,2.9166666666666665
5568049,Test,4.166666666666667
5568328,Control,3.0833333333333335
5568938,Test,19.35
5569364,Control,2.3
5569554,Test,21.566666666666666
5570866,Control,14.716666666666667
5570888,Test,3.0166666666666666
5571009,Test,1.0666666666666667
5572179,Test,4.0
5572217,Test,1.85
5572544,Test,1.8333333333333333
5572700,Control,9.733333333333333
5572966,Test,3.933333333333333
5573337,Test,1.9166666666666667
5573900,Control,2.0166666666666666
5574111,Control,3.85
5574306,Test,18.566666666666666
5574593,Test,2.183333333333333
5574967,Control,6.7
5575459,Test,2.2333333333333334
5575575,Control,3.566666666666667
5575801,Control,14.55
5576110,Test,4.433333333333334
5576145,Test,7.45
5576190,Test,8.083333333333334
5576358,Test,1.6666666666666667
5576582,Control,8.116666666666667
5576669,Control,4.5
5576912,Test,3.6333333333333333
5578646,Control,1.9666666666666666
5578953,Test,7.266666666666667
5579581,Test,2.0
5579616,Control,8.45
5579672,Test,2.85
5580011,Test,2.05
5580671,Test,3.566666666666667
5580694,Test,5.716666666666667
5580793,Test,1.8166666666666667
5581176,Control,4.55
5581664,Control,1.9666666666666666
5581699,Control,4.45
5581728,Control,3.35
5581872,Test,3.3333333333333335
5581936,Test,7.466666666666667
5581979,Control,18.583333333333332
5582096,Test,2.85
5582151,Control,3.05
5582954,Control,14.816666666666666
5583943,Control,3.5833333333333335
5583950,Test,10.35
5584405,Test,4.883333333333334
5584469,Test,2.05
5584706,Test,16.783333333333335
5585090,Test,2.7333333333333334
5585124,Test,1.6166666666666667
5585137,Control,11.65
5585354,Test,10.8
5585394,Test,6.483333333333333
5585512,Control,3.5
5586086,Control,14.683333333333334
5587154,Control,4.733333333333333
5587603,Control,2.966666666666667
5588056,Test,5.783333333333333
5588167,Test,1.1166666666666667
5588219,Control,8.283333333333333
5588396,Test,4.4
5588474,Test,11.316666666666666
5588572,Control,7.716666666666667
5588796,Control,31.466666666666665
5588923,Control,6.883333333333334
5589091,Control,5.266666666666667
5589110,Test,4.0
5589444,Test,3.033333333333333
5589543,Control,15.166666666666666
5589818,Control,3.05
5589841,Control,9.433333333333334
5590536,Test,2.75
5590652,Control,4.933333333333334
5590824,Test,5.1
5592378,Control,4.416666666666667
5592443,Test,15.583333333333334
5592504,Control,13.05
5592682,Control,10.583333333333334
5592710,Test,2.5
5592834,Test,3.15
5593566,Test,8.483333333333333
5593703,Test,8.166666666666666
5594240,Control,2.3
5594406,Control,7.666666666666667
5595019,Test,45.833333333333336
5595433,Control,4.833333333333333
5595590,Test,5.9
5595823,Control,5.566666666666666
5595824,Test,5.483333333333333
5595860,Test,2.75
5596165,Test,4.833333333333333
5596278,Control,2.316666666666667
5596531,Control,5.6
5596629,Test,4.066666666666666
5597185,Control,11.883333333333333
5597360,Control,13.716666666666667
5597601,Control,1.6166666666666667
5598121,Test,5.283333333333333
5598376,Test,5.6
5598906,Test,2.033333333333333
5598911,Control,3.4833333333333334
5598921,Control,2.25
5599100,Test,1.7666666666666666
5599201,Control,7.8
5599473,Control,2.4833333333333334
5599611,Control,4.1
5599870,Test,8.95
5600260,Test,3.966666666666667
5600350,Control,11.966666666666667
5600459,Test,4.55
5600574,Control,1.9833333333333334
5601073,Control,3.0833333333333335
5601303,Control,1.0833333333333333
5601497,Control,3.0166666666666666
5601826,Test,4.85
5602040,Test,5.416666666666667
5602321,Test,5.233333333333333
5602328,Test,1.4166666666666667
5602453,Test,2.6333333333333333
5602726,Control,7.383333333333334
5603421,Control,3.15
5603565,Control,10.833333333333334
5603661,Control,2.65
5604246,Test,4.35
5604350,Test,2.433333333333333
5604547,Control,5.683333333333334
5604822,Test,5.75
5605478,Control,3.1666666666666665
5606178,Test,7.483333333333333
5606194,Test,4.733333333333333
5606455,Test,5.483333333333333
5606762,Control,4.866666666666666
5606829,Control,14.683333333333334
5607313,Control,53.483333333333334
5608397,Test,5.983333333333333
5608551,Test,2.433333333333333
5609004,Control,13.483333333333333
5609544,Control,4.766666666666667
5609697,Test,14.183333333333334
5610257,Test,2.4
5610470,Control,6.133333333333334
5610493,Test,1.7166666666666666
5611197,Test,2.7
5611560,Control,2.783333333333333
5612059,Test,1.2833333333333334
5612095,Test,9.183333333333334
5612472,Test,2.3833333333333333
5612493,Control,9.133333333333333
5612543,Test,1.6166666666666667
5612563,Test,3.283333333333333
5613599,Test,4.433333333333334
5615101,Test,1.35
5615347,Control,5.116666666666666
5615751,Test,10.35
5616378,Test,2.7666666666666666
5617039,Test,3.0
5617415,Control,2.3333333333333335
5617630,Control,8.066666666666666
5617700,Test,15.083333333333334
5617838,Control,3.9
5617955,Test,2.7333333333333334
5618153,Control,4.866666666666666
5618380,Test,1.25
5619094,Test,4.566666666666666
5619517,Control,3.0166666666666666
5619936,Control,2.283333333333333
5619976,Test,3.4833333333333334
5620972,Test,1.8833333333333333
5621030,Test,1.5166666666666666
5621185,Control,5.55
5621347,Control,3.0166666666666666
5621982,Control,2.1333333333333333
5622010,Test,8.516666666666667
5622575,Test,5.85
5622776,Control,8.85
5623304,Control,3.6333333333333333
5623391,Control,5.133333333333334
5623633,Test,1.8166666666666667
5623848,Test,4.566666666666666
5624434,Control,1.9666666666666666
5624653,Test,4.9
5624781,Control,1.95
5624950,Control,6.833333333333333
5624954,Test,1.9833333333333334
5624983,Control,2.1
5624999,Control,3.6333333333333333
5625664,Test,6.533333333333333
5625895,Control,3.3833333333333333
5626200,Control,2.066666666666667
5626228,Test,2.6333333333333333
5626616,Control,11.15
5627324,Control,2.7
5627725,Test,3.6
5627816,Control,24.25
5627926,Test,1.5166666666666666
5628037,Test,13.416666666666666
5628326,Test,4.5
5628478,Test,4.9
5628601,Control,3.7666666666666666
5628857,Control,3.2666666666666666
5629129,Test,3.783333333333333
5629211,Test,5.716666666666667
5629464,Test,4.766666666666667
5629703,Control,3.4166666666666665
5630016,Control,6.766666666666667
5630341,Control,2.7666666666666666
5630898,Test,3.55
5631969,Control,3.0833333333333335
5632085,Control,3.816666666666667
5632235,Test,4.816666666666666
5632368,Control,2.1166666666666667
5632684,Control,8.033333333333333
5633078,Test,3.75
5633088,Test,2.05
5633126,Test,5.333333333333333
5633319,Test,2.8666666666666667
5633380,Test,2.85
5633518,Test,5.316666666666666
5633653,Test,4.183333333333334
5634420,Test,2.7333333333333334
5635140,Test,6.916666666666667
5635648,Test,2.65
5635789,Control,1.8833333333333333
5635806,Control,3.683333333333333
5635878,Control,2.9166666666666665
5636083,Control,12.4
5636190,Test,6.083333333333333
5636748,Test,2.9166666666666665
5636893,Test,7.516666666666667
5637695,Test,4.75
5638037,Test,1.8333333333333333
5638347,Control,19.383333333333333
5639140,Test,5.483333333333333
5639457,Control,1.4
5639474,Test,8.966666666666667
5639692,Test,10.616666666666667
5639772,Test,17.2
5640079,Test,8.183333333333334
5640288,Control,5.066666666666666
5640323,Control,17.366666666666667
5640823,Test,39.75
5640846,Control,7.266666666666667
5642208,Test,1.8
5642729,Test,9.25
5642917,Test,26.016666666666666
5643425,Control,12.683333333333334
5643528,Test,5.4
5643813,Test,28.166666666666668
5644149,Control,1.6666666666666667
5644420,Control,2.0
5644611,Control,2.8
5644756,Control,6.0
5644895,Control,2.6166666666666667
5645092,Control,6.716666666666667
5645261,Test,3.966666666666667
5645472,Control,3.9833333333333334
5645633,Control,4.366666666666666
5645822,Test,11.25
5646178,Control,1.4
5646191,Control,15.483333333333333
5646679,Control,3.7333333333333334
5647189,Test,5.166666666666667
5647732,Control,5.9
5647851,Control,6.9
5648906,Test,15.45
5649953,Test,2.0166666666666666
5650179,Control,7.6
5650291,Test,1.6666666666666667
5650426,Test,5.783333333333333
5650439,Control,3.3833333333333333
5650542,Control,7.65
5650729,Control,10.516666666666667
5651353,Control,4.916666666666667
5651761,Test,2.283333333333333
5652852,Test,3.683333333333333
5653005,Test,3.65
5653497,Control,3.15
5653500,Test,4.2
5654713,Test,7.566666666666666
5654828,Test,2.183333333333333
5654979,Control,2.066666666666667
5655882,Test,14.7
5656013,Control,11.9
5656016,Test,5.55
5656171,Control,2.216666666666667
5656229,Test,3.7
5657214,Test,3.2333333333333334
5657394,Test,0.8833333333333333
5657562,Test,3.6666666666666665
5657651,Control,5.283333333333333
5657750,Control,11.983333333333333
5658050,Test,3.85
5658939,Test,9.266666666666667
5659496,Test,3.2666666666666666
5659798,Test,6.583333333333333
5659799,Control,6.9
5660807,Control,5.766666666666667
5661948,Test,3.2
5661956,Control,3.2
5662516,Test,3.316666666666667
5662925,Control,15.983333333333333
5663301,Control,16.733333333333334
5663820,Control,2.0
5664043,Test,4.166666666666667
5664150,Test,2.8833333333333333
5664157,Control,1.6
5664283,Test,6.233333333333333
5664561,Test,5.9
5664923,Control,4.733333333333333
5665278,Control,3.2666666666666666
5665576,Test,2.3
5665758,Control,3.216666666666667
5666090,Test,6.4
5666238,Test,3.85
5666357,Test,1.5833333333333333
5666463,Test,1.1833333333333333
5667006,Test,1.1666666666666667
5667617,Test,3.3833333333333333
5667647,Control,3.066666666666667
5667703,Test,2.8333333333333335
5667764,Control,6.383333333333334
5668076,Control,4.916666666666667
5668399,Test,5.5
5668555,Control,9.383333333333333
5669742,Control,3.55
5669993,Test,10.05
5670962,Test,4.25
5670970,Test,2.55
5671237,Test,1.65
5671597,Control,7.533333333333333
5671600,Test,3.9833333333333334
5671912,Control,10.6
5672273,Test,3.0
5672749,Test,10.433333333333334
5672855,Control,2.0833333333333335
5673081,Test,11.483333333333333
5673133,Control,6.816666666666666
5673302,Control,4.65
5673466,Test,4.483333333333333
5673485,Control,12.35
5673767,Test,6.966666666666667
5674698,Control,7.5
5675123,Control,2.3333333333333335
5675392,Test,14.3
5675982,Control,8.216666666666667
5676420,Control,1.8
5676428,Test,3.6166666666666667
5676559,Control,5.383333333333334
5677305,Test,2.25
5677350,Control,2.3
5677735,Control,2.183333333333333
5678222,Test,5.5
5678409,Control,7.0
5678810,Control,7.966666666666667
5679589,Test,2.5
5679620,Test,2.2
5679840,Test,5.216666666666667
5680002,Test,9.233333333333333
5680390,Control,4.783333333333333
5681134,Test,1.3
5681335,Control,1.9666666666666666
5681515,Test,7.183333333333334
5681695,Test,11.95
5682006,Test,2.2
5682609,Control,9.383333333333333
5683659,Control,2.65
5683989,Test,2.0166666666666666
5684766,Control,3.0166666666666666
5684814,Control,6.816666666666666
5685309,Control,3.183333333333333
5685942,Control,2.6
5686008,Control,5.9
5686231,Test,2.966666666666667
5686421,Test,2.7666666666666666
5686559,Test,2.3
5687200,Control,3.4833333333333334
5687341,Test,10.933333333333334
5687525,Control,7.016666666666667
5687944,Test,45.93333333333333
5687972,Test,2.35
5688251,Control,10.85
5688264,Control,5.35
5688492,Control,14.166666666666666
5688575,Control,5.116666666666666
5688686,Test,1.7666666666666666
5689684,Control,1.1333333333333333
5689853,Test,9.016666666666667
5690574,Control,2.5833333333333335
5690637,Test,8.783333333333333
5690823,Test,2.3
5691200,Test,8.683333333333334
5691218,Control,13.2
5691228,Control,1.55
5691230,Test,4.616666666666666
5691316,Test,6.366666666666666
5691818,Test,1.7666666666666666
5692027,Test,9.833333333333334
5692083,Test,17.9
5692576,Test,1.4166666666666667
5692652,Test,1.8666666666666667
5694003,Test,7.55
5694063,Test,3.65
5694079,Test,6.866666666666666
5694090,Test,8.2
5694254,Test,9.85
5694283,Test,4.183333333333334
5694428,Control,2.45
5694801,Control,9.583333333333334
5695081,Control,7.2
5695156,Test,2.1666666666666665
5695673,Test,1.8166666666666667
5695736,Test,3.066666666666667
5696144,Control,5.866666666666666
5696154,Control,19.65
5696405,Test,4.816666666666666
5696531,Control,7.2
5696560,Control,2.3333333333333335
5697206,Test,3.3
5697324,Test,1.9666666666666666
5698093,Control,5.35
5698185,Test,2.3666666666666667
5698289,Control,5.3
5698498,Control,1.7333333333333334
5698909,Test,11.316666666666666
5699198,Control,4.9
5699239,Test,3.15
5699251,Control,2.9833333333333334
5700177,Control,2.3666666666666667
5700235,Control,8.4
5700388,Control,2.9
5700762,Test,16.916666666666668
5700880,Test,4.35
5700921,Test,49.4
5701822,Test,3.6
5702001,Control,22.316666666666666
5702250,Test,5.9
5702482,Test,2.7333333333333334
5702519,Test,8.5
5702987,Test,2.5166666666666666
5703505,Control,3.85
5703569,Test,3.35
5703783,Control,11.316666666666666
5703905,Test,1.35
5704621,Control,5.366666666666666
5704768,Test,2.183333333333333
5704943,Test,3.8
5705369,Control,5.516666666666667
5705673,Control,4.483333333333333
5705780,Control,2.5166666666666666
5705847,Test,3.9
5705870,Test,2.4
5706688,Control,5.266666666666667
5706691,Control,2.7
5706935,Test,2.7
5707484,Control,3.6333333333333333
5707486,Control,11.85
5707743,Test,12.633333333333333
5708846,Test,1.9833333333333334
5709043,Control,1.9333333333333333
5709458,Control,1.3333333333333333
5709603,Control,1.9
5709624,Test,2.5833333333333335
5709653,Test,6.266666666666667
5709764,Control,14.433333333333334
5710023,Control,6.116666666666666
5710170,Test,2.9833333333333334
5710632,Test,3.033333333333333
5711340,Test,12.033333333333333
5711457,Test,6.45
5711578,Control,3.5166666666666666
5711765,Control,6.35
5712194,Control,2.75
5712699,Test,8.466666666666667
5713256,Test,1.5666666666666667
5713299,Test,2.3333333333333335
5713362,Control,8.466666666666667
5713590,Test,8.166666666666666
5714624,Control,4.266666666666667
5714661,Test,4.933333333333334
5715005,Control,4.216666666666667
5715241,Control,3.75
5715807,Control,8.633333333333333
5715957,Control,1.8333333333333333
5716357,Control,2.6
5716664,Test,6.333333333333333
5716726,Control,2.1166666666666667
5716760,Test,3.4833333333333334
5717707,Test,3.783333333333333
5717871,Control,2.9833333333333334
5718011,Control,2.1
5718767,Test,5.866666666666666
5719127,Test,10.083333333333334
5719625,Test,3.7333333333333334
5719719,Control,11.466666666666667
5720375,Control,8.0
5720908,Test,4.683333333333334
5721330,Control,4.9
5721401,Test,7.216666666666667
5721873,Test,4.016666666666667
5723006,Control,6.95
5723120,Control,2.316666666666667
5724791,Control,4.466666666666667
5725237,Test,2.283333333333333
5725347,Control,12.033333333333333
5725519,Test,8.866666666666667
5726238,Test,5.266666666666667
5726346,Test,2.783333333333333
5726651,Control,1.6833333333333333
5726845,Control,4.366666666666666
5727133,Control,2.3666666666666667
5727347,Test,4.65
5728049,Test,1.8666666666666667
5728114,Control,5.733333333333333
5728383,Control,4.133333333333334
5728402,Control,5.366666666666666
5728430,Test,5.483333333333333
5728657,Control,3.3333333333333335
5728757,Control,9.466666666666667
5729005,Control,2.85
5729024,Test,16.733333333333334
5729161,Control,16.05
5729629,Control,1.6833333333333333
5729713,Test,7.033333333333333
5729750,Test,6.4
5729838,Test,21.7
5729982,Control,4.616666666666666
5730041,Control,7.15
5730234,Control,2.4
5730326,Test,3.033333333333333
5731006,Test,11.633333333333333
5731029,Test,2.433333333333333
5731105,Test,8.1
5731876,Control,1.95
5731886,Control,4.483333333333333
5732104,Test,13.2
5732457,Test,1.5833333333333333
5732460,Test,1.3833333333333333
5732744,Control,6.966666666666667
5732937,Test,5.75
5733085,Control,2.5166666666666666
5733204,Test,1.7833333333333334
5733366,Test,11.016666666666667
5733434,Test,2.3666666666666667
5733807,Control,5.133333333333334
5734249,Control,16.733333333333334
5734300,Test,0.9
5734562,Control,3.716666666666667
5734745,Test,4.333333333333333
5735682,Control,3.716666666666667
5735934,Control,2.316666666666667
5736223,Test,12.866666666666667
5736976,Test,4.566666666666666
5738142,Test,2.0166666666666666
5738449,Test,2.6166666666666667
5739401,Test,4.383333333333334
5740202,Test,2.6
5740867,Test,3.6
5740977,Control,5.45
5741146,Test,1.9833333333333334
5741844,Test,2.75
5742352,Control,5.066666666666666
5742957,Test,5.633333333333334
5743242,Test,3.5
5743376,Control,4.45
5744207,Control,5.65
5744690,Control,2.5833333333333335
5744987,Test,7.266666666666667
5745108,Test,5.916666666666667
5745157,Test,12.783333333333333
5745785,Test,1.2166666666666666
5746278,Control,10.316666666666666
5746657,Control,5.9
5747508,Test,0.95
5748369,Control,16.433333333333334
5748636,Control,5.1
5748638,Test,5.466666666666667
5748928,Test,3.8833333333333333
5749316,Control,3.25
5749370,Control,2.0
5749778,Control,2.3666666666666667
5749834,Control,1.3333333333333333
5750368,Test,5.016666666666667
5751088,Control,58.88333333333333
5751427,Control,7.333333333333333
5751565,Test,2.9
5751579,Test,4.75
5752256,Control,6.283333333333333
5752908,Control,10.7
5753581,Control,1.6166666666666667
5753660,Test,1.1333333333333333
5754354,Test,1.85
5754455,Test,1.8666666666666667
5754482,Test,2.0
5754741,Test,4.5
5754995,Test,2.8666666666666667
5755063,Test,2.5166666666666666
5755120,Test,17.816666666666666
5755171,Test,0.9833333333333333
5755427,Control,2.0
5755447,Control,32.95
5755687,Test,3.45
5755725,Test,6.633333333333334
5755875,Control,2.316666666666667
5756246,Test,5.9
5756272,Test,2.3333333333333335
5756352,Test,5.233333333333333
5756509,Control,6.116666666666666
5756542,Test,12.7
5756798,Test,0.8
5756885,Test,18.433333333333334
5756895,Test,11.05
5756901,Test,3.25
5757524,Test,4.516666666666667
5757843,Control,32.85
5757979,Test,4.316666666666666
5758630,Control,6.633333333333334
5758715,Test,5.466666666666667
5758755,Control,9.633333333333333
5759946,Control,2.15
5759958,Control,10.383333333333333
5759982,Test,8.233333333333333
5759997,Control,27.816666666666666
5760138,Control,7.6
5760156,Test,3.216666666666667
5760303,Test,5.116666666666666
5760819,Test,4.116666666666666
5761113,Test,2.9
5761292,Test,18.116666666666667
5762524,Control,2.933333333333333
5762741,Control,5.183333333333334
5762796,Test,3.9
5763560,Control,3.2333333333333334
5763636,Test,4.45
5763840,Control,4.466666666666667
5763881,Control,2.8
5764510,Control,3.3
5764536,Test,5.15
5764579,Control,5.433333333333334
5764613,Control,4.583333333333333
5765093,Test,1.2333333333333334
5765540,Control,1.6166666666666667
5765798,Control,3.6
5766460,Test,1.4166666666666667
5766782,Test,2.2
5766870,Control,3.433333333333333
5766968,Test,11.833333333333334
5767765,Control,2.6666666666666665
5767944,Control,6.3
5768111,Test,8.2
5768114,Test,8.466666666666667
5768287,Test,16.05
5768566,Test,5.566666666666666
5768721,Control,3.316666666666667
5768879,Test,3.05
5768962,Test,2.45
5770244,Test,3.6
5770458,Control,4.833333333333333
5770623,Test,5.666666666666667
5770692,Control,2.8333333333333335
5770986,Test,6.883333333333334
5771284,Test,3.2333333333333334
5771710,Test,2.3333333333333335
5773597,Test,1.6833333333333333
5773795,Control,5.35
5773882,Test,7.066666666666666
5773935,Control,6.25
5774133,Control,4.85
5774267,Test,2.8833333333333333
5774314,Control,11.083333333333334
5774699,Test,4.666666666666667
5775236,Test,7.15
5775362,Test,3.433333333333333
5775881,Test,36.78333333333333
5776273,Control,6.233333333333333
5776430,Test,4.35
5776509,Test,11.716666666666667
5776681,Test,3.6166666666666667
5777055,Test,3.4166666666666665
5777311,Control,3.5833333333333335
5777346,Control,4.816666666666666
5777462,Test,2.033333333333333
5777764,Control,17.583333333333332
5778241,Test,3.3333333333333335
5778962,Test,1.6
5778964,Control,2.3333333333333335
5779610,Control,4.483333333333333
5779665,Test,3.25
5780442,Test,10.5
5780472,Control,7.4
5780655,Test,2.8833333333333333
5781524,Control,15.7
5781704,Control,4.783333333333333
5781709,Control,4.15
5781864,Test,13.95
5782085,Test,3.716666666666667
5782398,Test,3.216666666666667
5782592,Test,2.8333333333333335
5782971,Control,3.85
5782980,Test,18.583333333333332
5783222,Control,1.8
5783227,Test,6.516666666666667
5783371,Test,5.516666666666667
5783708,Control,48.1
5783978,Control,6.883333333333334
5784042,Control,7.7
5784213,Test,6.9
5784824,Test,2.2333333333333334
5785124,Control,11.666666666666666
5785189,Control,8.083333333333334
5785339,Test,7.383333333333334
5786791,Control,10.05
5786829,Control,3.45
5787197,Test,3.966666666666667
5787222,Test,3.9
5787279,Test,1.7
5787283,Test,3.1333333333333333
5787300,Control,3.8666666666666667
5787769,Test,3.1666666666666665
5788539,Control,3.65
5788754,Test,4.8
5789058,Control,6.566666666666666
5790069,Test,6.033333333333333
5790286,Control,5.216666666666667
5790417,Control,1.95
5790654,Control,15.683333333333334
5791149,Test,3.316666666666667
5791290,Control,5.1
5791603,Control,14.216666666666667
5791777,Test,4.483333333333333
5791804,Test,4.483333333333333
5792648,Test,7.066666666666666
5792734,Test,12.666666666666666
5792887,Control,4.4
5793413,Test,3.433333333333333
5793876,Test,4.166666666666667
5794010,Control,3.3833333333333333
5794104,Control,7.55
5794145,Control,6.633333333333334
5794476,Test,2.7333333333333334
5794515,Control,2.55
5794543,Test,3.933333333333333
5794562,Control,5.0
5794796,Test,3.716666666666667
5794865,Control,5.816666666666666
5794987,Control,3.2
5795046,Control,6.1
5795234,Test,11.433333333333334
5795460,Test,2.2
5795485,Control,5.433333333333334
5795761,Control,3.8666666666666667
5795976,Test,5.05
5796007,Test,42.56666666666667
5796110,Control,6.683333333333334
5796197,Test,6.45
5796398,Control,14.883333333333333
5796790,Test,5.95
5797088,Control,1.3166666666666667
5798479,Control,3.533333333333333
5798633,Control,7.4
5798848,Test,2.6333333333333333
5798886,Test,2.7
5800167,Control,1.9
5800414,Test,4.233333333333333
5800745,Control,2.9833333333333334
5801058,Control,4.05
5801163,Control,3.4
5801507,Test,3.3
5801673,Test,18.433333333333334
5802200,Test,3.0833333333333335
5802342,Test,4.866666666666666
5802509,Test,3.4
5802843,Test,16.366666666666667
5802950,Test,3.1166666666666667
5803124,Test,7.133333333333334
5803535,Test,14.6
5804091,Test,6.05
5804539,Test,6.016666666666667
5804569,Test,2.2666666666666666
5804606,Test,3.6666666666666665
5804913,Test,11.433333333333334
5805335,Test,1.5833333333333333
5805582,Test,8.783333333333333
5805828,Test,4.3
5806372,Control,3.25
5806385,Test,1.4833333333333334
5806786,Test,3.1166666666666667
5806944,Control,1.7
5807085,Test,1.6
5807230,Control,3.8666666666666667
5807332,Control,2.6166666666666667
5807713,Control,3.0166666666666666
5808100,Test,10.65
5808567,Test,2.95
5809163,Control,4.083333333333333
5809205,Control,3.1
5809808,Test,1.3
5809893,Control,1.8
5809916,Test,8.933333333333334
5810071,Test,5.133333333333334
5810327,Test,5.133333333333334
5810345,Control,11.1
5810358,Control,12.116666666666667
5810734,Test,6.316666666666666
5811120,Test,4.716666666666667
5811616,Control,3.25
5811879,Test,1.7666666666666666
5811895,Control,1.4333333333333333
5811932,Test,1.7666666666666666
5811937,Test,1.8333333333333333
5811961,Control,7.333333333333333
5812074,Test,60.416666666666664
5812215,Test,53.016666666666666
5812236,Test,3.8
5812262,Test,4.25
5812724,Control,3.816666666666667
5813006,Test,1.35
5813289,Test,3.466666666666667
5813552,Test,2.933333333333333
5813788,Test,3.533333333333333
5814099,Control,6.266666666666667
5814124,Control,4.016666666666667
5814327,Test,4.683333333333334
5814539,Control,3.35
5814834,Control,5.833333333333333
5815231,Test,3.6166666666666667
5815373,Test,3.75
5815644,Control,4.516666666666667
5815975,Test,8.783333333333333
5815996,Control,11.9
5816187,Control,21.066666666666666
5816519,Test,4.816666666666666
5816825,Test,13.416666666666666
5817288,Test,8.75
5817293,Control,7.216666666666667
5817393,Control,25.583333333333332
5818148,Control,6.666666666666667
5819141,Control,2.316666666666667
5819450,Test,4.9
5819627,Control,2.4833333333333334
5820267,Control,3.05
5820328,Control,10.383333333333333
5820796,Test,2.9
5821086,Test,14.466666666666667
5822378,Control,2.3
5822478,Control,2.8333333333333335
5822638,Test,5.133333333333334
5822736,Control,4.4
5822755,Test,3.433333333333333
5823006,Test,5.133333333333334
5823318,Test,15.0
5823529,Control,1.7666666666666666
5823625,Control,4.483333333333333
5823627,Control,8.9
5823904,Control,35.266666666666666
5824357,Control,7.916666666666667
5824629,Test,1.4166666666666667
5824640,Control,2.3833333333333333
5825322,Test,1.55
5825555,Test,3.45
5825556,Test,1.55
5825686,Test,1.5833333333333333
5825740,Control,3.6166666666666667
5826160,Test,8.116666666666667
5826390,Control,2.8333333333333335
5826449,Control,16.266666666666666
5826728,Test,3.8333333333333335
5826737,Test,2.8
5826916,Test,1.7666666666666666
5827429,Test,8.216666666666667
5827444,Control,6.183333333333334
5827480,Test,5.083333333333333
5827596,Control,2.2666666666666666
5828316,Test,2.15
5828623,Test,4.016666666666667
5828768,Control,5.833333333333333
5828878,Test,1.65
5828946,Test,9.033333333333333
5829248,Control,2.9
5829314,Control,4.283333333333333
5829895,Control,10.25
5830049,Test,4.183333333333334
5830093,Control,4.916666666666667
5830544,Control,9.083333333333334
5830611,Test,3.8333333333333335
5831289,Test,6.333333333333333
5831377,Test,2.566666666666667
5831505,Control,10.133333333333333
5831736,Control,7.9
5832072,Test,3.066666666666667
5832104,Test,1.9833333333333334
5833579,Test,9.9
5834206,Test,13.733333333333333
5834919,Control,2.65
5835214,Control,6.533333333333333
5835400,Test,14.083333333333334
5835614,Control,6.05
5835634,Test,2.8666666666666667
5836023,Control,2.316666666666667
5836349,Test,1.7333333333333334
5836504,Test,17.566666666666666
5836594,Test,1.9666666666666666
5836916,Test,2.466666666666667
5837641,Test,16.866666666666667
5837678,Test,5.333333333333333
5838050,Control,11.45
5838650,Control,7.2
5838817,Test,7.65
5838845,Test,6.3
5838920,Test,3.9
5839221,Test,10.333333333333334
5839232,Test,1.7666666666666666
5839602,Control,4.166666666666667
5839643,Test,30.783333333333335
5839728,Control,5.016666666666667
5840107,Control,7.316666666666666
5840358,Test,2.033333333333333
5840906,Control,10.1
5841087,Test,6.466666666666667
5841499,Control,1.45
5841697,Control,3.6
5842296,Test,3.1333333333333333
5842338,Test,4.416666666666667
5842501,Test,3.8
5842948,Control,2.6333333333333333
5843105,Test,12.55
5843202,Test,6.1
5843376,Test,2.283333333333333
5843450,Control,6.95
5843649,Test,2.6666666666666665
5843778,Control,4.083333333333333
5843791,Test,2.566666666666667
5844624,Control,9.616666666666667
5845017,Control,1.8666666666666667
5845530,Test,13.95
5845872,Control,2.216666666666667
5845981,Test,2.75
5846178,Control,3.4833333333333334
5847269,Control,3.5166666666666666
5847311,Test,1.9666666666666666
5847341,Test,6.866666666666666
5847586,Control,10.116666666666667
5847726,Control,4.733333333333333
5847845,Control,6.966666666666667
5848257,Test,30.25
5848350,Control,4.566666666666666
5849149,Test,1.95
5849432,Control,1.3
5849741,Test,5.133333333333334
5850237,Control,5.016666666666667
5851066,Control,1.9833333333333334
5851331,Control,2.2333333333333334
5851508,Test,1.9833333333333334
5851688,Control,9.6
5851821,Test,6.833333333333333
5852070,Test,6.466666666666667
5852774,Test,10.6
5852849,Control,3.066666666666667
5853323,Test,2.9166666666666665
5853478,Test,8.416666666666666
5853751,Test,5.333333333333333
5854054,Test,3.95
5854138,Test,1.4666666666666666
5854535,Test,5.116666666666666
5854628,Control,4.3
5854803,Test,1.0
5854902,Test,1.9
5854932,Test,9.9
5855363,Test,2.7
5855387,Control,3.0166666666666666
5855839,Test,2.3
5855902,Control,4.266666666666667
5856243,Control,3.566666666666667
5856694,Test,29.8
5856806,Test,1.35
5856930,Control,10.533333333333333
5857593,Control,11.216666666666667
5857627,Test,2.933333333333333
5857868,Control,3.533333333333333
5858133,Test,4.733333333333333
5858388,Control,2.716666666666667
5858436,Test,2.6166666666666667
5858719,Test,7.216666666666667
5859315,Test,7.4
5859430,Test,27.8
5859609,Test,4.833333333333333
5859990,Test,2.7333333333333334
5860017,Test,3.0
5860565,Test,7.55
5860814,Test,1.8666666666666667
5860978,Control,6.95
5861027,Control,4.533333333333333
5861625,Control,2.966666666666667
5862154,Test,11.033333333333333
5862675,Test,5.616666666666666
5862916,Control,3.4
5864969,Control,1.2833333333333334
5865360,Test,9.916666666666666
5865516,Test,2.433333333333333
5865838,Control,13.7
5866797,Control,8.483333333333333
5867403,Test,2.5
5867754,Test,9.083333333333334
5867763,Test,1.95
5867862,Test,1.8833333333333333
5867937,Control,5.316666666666666
5868356,Control,3.3333333333333335
5868409,Control,4.366666666666666
5869318,Control,4.05
5869320,Control,12.033333333333333
5869614,Control,1.65
5870259,Test,12.833333333333334
5870289,Control,4.116666666666666
5870441,Control,3.9833333333333334
5870738,Test,13.3
5870802,Test,3.6
5870916,Test,1.5333333333333334
5871038,Control,1.95
5871072,Test,4.45
5871132,Test,3.683333333333333
5871387,Control,5.716666666666667
5871792,Control,2.3333333333333335
5871989,Test,2.2
5872128,Test,10.616666666666667
5872163,Test,4.083333333333333
5872680,Test,6.6
5872684,Test,2.433333333333333
5872805,Test,9.65
5872814,Test,18.033333333333335
5872898,Test,5.5
5873674,Control,45.13333333333333
5873730,Test,5.1
5874173,Control,6.483333333333333
5874365,Test,7.3
5874439,Test,2.066666666666667
5874483,Control,18.65
5874488,Test,8.45
5875104,Test,3.95
5876035,Control,6.383333333333334
5876311,Test,1.6833333333333333
5876422,Control,4.433333333333334
5877742,Test,8.166666666666666
5877948,Test,3.9833333333333334
5878089,Test,2.85
5878107,Test,2.316666666666667
5878965,Control,3.033333333333333
5879526,Test,7.6
5879670,Control,8.3
5879951,Test,3.3833333333333333
5880181,Control,3.216666666666667
5880336,Test,2.3
5880385,Control,7.2
5880392,Control,6.233333333333333
5881097,Test,1.9333333333333333
5881256,Test,12.1
5881406,Test,7.9
5881622,Test,7.9
5882000,Test,1.1833333333333333
5882141,Test,2.683333333333333
5882333,Test,3.8666666666666667
5882646,Test,6.3
5882943,Test,3.1333333333333333
5883088,Test,11.3
5883269,Test,2.3333333333333335
5883378,Test,7.083333333333333
5883656,Test,2.816666666666667
5884133,Test,4.483333333333333
5884191,Test,8.466666666666667
5884318,Test,7.533333333333333
5884633,Test,2.566666666666667
5884804,Test,6.183333333333334
5885212,Test,48.95
5886350,Control,4.0
5886983,Test,6.866666666666666
5887136,Control,6.766666666666667
5887227,Test,7.333333333333333
5887829,Control,72.03333333333333
5888321,Test,3.9833333333333334
5888619,Control,2.55
5888688,Control,6.883333333333334
5888850,Test,2.6166666666666667
5888965,Test,3.85
5889057,Test,3.2666666666666666
5889228,Test,35.81666666666667
5889494,Test,5.716666666666667
5889547,Test,1.75
5890598,Test,8.25
5890737,Control,4.5
5890801,Control,7.116666666666666
5890932,Control,5.316666666666666
5890936,Control,16.7
5891447,Control,3.8666666666666667
5891827,Test,2.15
5892025,Test,2.1166666666666667
5892897,Test,19.866666666666667
5893434,Control,6.65
5893876,Test,4.5
5894048,Test,4.2
5894241,Test,2.0833333333333335
5894548,Test,24.95
5894768,Test,3.716666666666667
5894811,Control,8.55
5894819,Control,4.666666666666667
5895512,Control,8.683333333333334
5896233,Test,3.1166666666666667
5896467,Test,20.616666666666667
5896556,Control,3.3833333333333333
5897376,Control,4.5
5897504,Control,2.433333333333333
5897837,Control,52.86666666666667
5897858,Test,1.75
5898344,Test,21.433333333333334
5899036,Test,4.983333333333333
5899425,Control,5.566666666666666
5899458,Test,1.1333333333333333
5899788,Test,1.6166666666666667
5899889,Test,1.2333333333333334
5900143,Test,6.033333333333333
5900386,Test,2.8
5900728,Test,2.6
5900806,Control,3.8833333333333333
5901024,Test,4.816666666666666
5901729,Test,6.833333333333333
5901737,Test,1.5833333333333333
5902197,Test,3.033333333333333
5902352,Test,1.6666666666666667
5902515,Test,3.0166666666666666
5902693,Test,9.9
5902718,Test,9.116666666666667
5903110,Control,1.65
5903293,Control,3.183333333333333
5903999,Control,2.283333333333333
5904035,Test,3.3833333333333333
5904217,Test,4.85
5904599,Test,5.55
5904861,Control,9.183333333333334
5905223,Test,2.45
5905388,Test,3.8333333333333335
5905652,Test,2.8333333333333335
5906001,Test,2.433333333333333
5906270,Test,3.05
5907345,Control,6.883333333333334
5908066,Test,5.616666666666666
5908339,Control,3.1666666666666665
5908353,Test,5.183333333333334
5908431,Test,1.3
5908485,Test,5.666666666666667
5908749,Test,2.05
5909531,Test,6.483333333333333
5909877,Test,2.5
5910155,Test,8.216666666666667
5910209,Test,2.95
5910240,Test,10.35
5910364,Control,13.333333333333334
5910608,Control,2.066666666666667
5910645,Control,17.55
5910870,Control,2.816666666666667
5910914,Test,5.016666666666667
5911735,Test,2.55
5913013,Test,2.95
5913431,Test,4.733333333333333
5913457,Control,3.316666666666667
5913950,Control,6.316666666666666
5914038,Test,1.95
5914594,Test,3.3666666666666667
5916405,Test,20.733333333333334
5916963,Control,3.75
5917716,Test,2.033333333333333
5917966,Test,1.9166666666666667
5918297,Test,5.566666666666666
5918756,Control,1.4666666666666666
5919352,Control,2.2
5919500,Control,4.716666666666667
5919815,Test,7.983333333333333
5920002,Control,6.816666666666666
5920523,Test,8.866666666666667
5920986,Test,2.0
5921245,Test,3.283333333333333
5921317,Control,14.35
5921420,Test,3.6333333333333333
5921541,Control,4.666666666666667
5922203,Control,18.533333333333335
5922530,Test,3.066666666666667
5923090,Control,12.666666666666666
5923455,Test,3.8333333333333335
5923648,Control,3.566666666666667
5923931,Test,2.683333333333333
5923932,Control,2.6
5924067,Test,5.1
5924743,Test,13.266666666666667
5924947,Test,17.216666666666665
5925148,Test,4.283333333333333
5925187,Control,18.316666666666666
5925382,Test,10.25
5925628,Test,3.533333333333333
5925720,Test,5.166666666666667
5925836,Control,14.866666666666667
5926181,Control,5.883333333333334
5926228,Test,1.2166666666666666
5926428,Control,3.5833333333333335
5926577,Test,2.816666666666667
5926831,Control,3.3833333333333333
5926929,Test,7.95
5927068,Control,3.1666666666666665
5927144,Control,2.533333333333333
5927616,Test,1.6
5927735,Test,3.966666666666667
5927847,Test,2.8666666666666667
5927926,Control,4.066666666666666
5928209,Control,2.2666666666666666
5928334,Test,8.1
5929228,Control,4.85
5929302,Control,1.8
5929312,Test,3.466666666666667
5929509,Test,1.65
5929749,Test,4.7
5930137,Test,3.183333333333333
5930511,Test,8.083333333333334
5930908,Control,12.966666666666667
5931031,Test,7.916666666666667
5931176,Test,1.2833333333333334
5931429,Test,5.816666666666666
5931603,Control,2.933333333333333
5931788,Test,3.6
5931799,Test,5.7
5931801,Control,4.533333333333333
5931978,Control,4.7
5932378,Control,4.533333333333333
5932527,Control,13.733333333333333
5933753,Control,5.483333333333333
5933869,Test,3.8
5934614,Test,9.933333333333334
5934652,Test,3.6666666666666665
5935080,Test,2.8666666666666667
5935308,Test,2.783333333333333
5935341,Test,5.15
5935818,Test,2.3833333333333333
5936304,Test,1.55
5936703,Test,12.066666666666666
5937062,Control,2.1166666666666667
5937094,Control,19.133333333333333
5937217,Control,5.583333333333333
5937233,Control,4.166666666666667
5937847,Control,3.3666666666666667
5937897,Control,39.9
5938067,Test,1.7666666666666666
5938949,Test,7.75
5939099,Control,10.266666666666667
5939376,Test,2.8666666666666667
5939402,Test,5.55
5939898,Control,2.7333333333333334
5940519,Test,5.516666666666667
5941398,Test,2.966666666666667
5941835,Test,4.233333333333333
5941868,Test,3.933333333333333
5941895,Test,1.5333333333333334
5942043,Control,3.8333333333333335
5942186,Test,4.683333333333334
5942983,Control,4.816666666666666
5943201,Test,2.0
5943233,Control,7.983333333333333
5943724,Test,5.716666666666667
5943882,Control,7.116666666666666
5943979,Control,7.616666666666666
5944118,Control,9.916666666666666
5944525,Test,2.6333333333333333
5944559,Control,18.216666666666665
5944581,Control,9.833333333333334
5944624,Control,2.283333333333333
5945202,Test,3.0
5945765,Test,3.1333333333333333
5945897,Test,3.9833333333333334
5946442,Control,3.95
5946645,Test,1.4333333333333333
5947606,Test,1.8833333333333333
5947847,Control,5.583333333333333
5948416,Test,2.683333333333333
5948434,Control,19.733333333333334
5948866,Test,1.8666666666666667
5948961,Control,11.466666666666667
5949212,Test,16.733333333333334
5949254,Control,1.8
5949513,Test,2.683333333333333
5949669,Control,4.3
5949693,Test,3.5833333333333335
5949701,Test,14.883333333333333
5949865,Test,3.716666666666667
5950365,Control,6.333333333333333
5950382,Test,3.3666666666666667
5950401,Control,22.916666666666668
5950422,Test,5.383333333333334
5950877,Control,4.5
5950896,Test,3.9833333333333334
5951110,Test,2.55
5951127,Control,16.05
5951252,Test,6.75
5951379,Control,5.116666666666666
5951685,Test,5.216666666666667
5951709,Control,3.183333333333333
5951866,Control,2.7333333333333334
5951929,Test,10.583333333333334
5951934,Control,5.2
5952009,Control,5.666666666666667
5952182,Test,8.6
5952564,Test,11.866666666666667
5952579,Test,2.1
5952641,Control,2.6166666666666667
5952798,Test,2.8333333333333335
5952806,Control,7.883333333333334
5952907,Control,4.65
5953166,Control,5.783333333333333
5953263,Test,4.566666666666666
5953338,Test,13.016666666666667
5954507,Test,1.8166666666666667
5954618,Test,4.083333333333333
5954703,Test,5.9
5954807,Test,7.1
5954855,Control,8.233333333333333
5955784,Test,9.533333333333333
5955812,Test,22.633333333333333
5956185,Control,5.85
5956524,Control,6.5
5957203,Test,5.883333333333334
5957608,Test,1.2333333333333334
5958284,Test,10.866666666666667
5958961,Test,1.9666666666666666
5959013,Control,4.766666666666667
5959025,Control,2.95
5959689,Control,3.1166666666666667
5959788,Control,13.083333333333334
5959892,Control,4.016666666666667
5959972,Control,5.116666666666666
5960735,Control,2.7
5960932,Control,2.8833333333333333
5961738,Test,2.1166666666666667
5961844,Control,5.1
5961865,Control,6.133333333333334
5962714,Test,2.2666666666666666
5964152,Test,5.1
5964453,Control,11.55
5964709,Test,7.1
5964765,Test,1.25
5964992,Test,12.1
5965286,Control,9.5
5965304,Control,6.733333333333333
5966400,Test,3.85
5966640,Control,22.316666666666666
5966661,Test,4.233333333333333
5966969,Test,5.183333333333334
5967656,Control,25.083333333333332
5967677,Test,3.1333333333333333
5968137,Test,7.183333333333334
5968147,Test,6.283333333333333
5968386,Test,2.966666666666667
5969328,Control,1.9666666666666666
5969816,Test,3.3833333333333333
5969913,Test,2.5
5970149,Control,5.483333333333333
5970242,Control,4.75
5971139,Control,4.633333333333334
5971469,Test,3.8833333333333333
5971471,Control,3.4
5972196,Control,28.266666666666666
5972615,Test,3.1666666666666665
5972884,Test,1.1333333333333333
5973078,Test,2.3333333333333335
5973082,Test,2.9166666666666665
5973130,Test,3.933333333333333
5973135,Control,15.0
5973424,Control,13.933333333333334
5974014,Test,5.933333333333334
5974125,Test,3.5166666666666666
5974323,Control,2.533333333333333
5974490,Test,2.8333333333333335
5974893,Test,5.266666666666667
5975067,Control,4.933333333333334
5975818,Control,3.3833333333333333
5976113,Test,3.683333333333333
5976227,Test,4.616666666666666
5976256,Test,8.333333333333334
5976564,Test,3.183333333333333
5976977,Control,6.033333333333333
5977300,Test,17.383333333333333
5977906,Control,3.3
5978090,Control,4.15
5978473,Control,5.766666666666667
5979202,Control,7.2
5979217,Test,22.45
5979341,Test,1.4666666666666666
5979365,Test,48.71666666666667
5979445,Control,9.766666666666667
5979490,Test,3.75
5979823,Control,4.466666666666667
5979866,Test,2.7333333333333334
5980307,Test,9.133333333333333
5980792,Control,2.5833333333333335
5980920,Control,8.05
5980953,Control,1.85
5981243,Test,6.116666666666666
5981867,Test,3.033333333333333
5982683,Test,2.216666666666667
5982976,Test,2.8666666666666667
5982988,Test,0.9333333333333333
5983262,Control,4.266666666666667
5983829,Control,2.75
5984123,Test,2.533333333333333
5984744,Control,1.4166666666666667
5985130,Control,1.9833333333333334
5985489,Control,5.083333333333333
5986204,Test,15.583333333333334
5986383,Control,3.05
5986644,Test,4.083333333333333
5986882,Control,3.183333333333333
5987231,Control,26.783333333333335
5987659,Test,2.066666666666667
5987705,Control,5.05
5987822,Control,1.7166666666666666
5987833,Test,13.15
5988228,Test,2.7666666666666666
5988404,Control,9.033333333333333
5989315,Test,31.866666666666667
5989697,Test,4.433333333333334
5989925,Test,15.45
5990202,Control,2.8
5990216,Test,1.8833333333333333
5990729,Control,1.25
5990735,Test,25.3
5991012,Test,2.45
5991406,Control,2.65
5991510,Test,10.7
5991538,Test,1.4666666666666666
5992018,Control,9.466666666666667
5992313,Test,5.25
5992442,Test,3.45
5992613,Control,4.75
5993485,Control,3.816666666666667
5993671,Test,8.016666666666667
5994068,Control,6.066666666666666
5994678,Test,1.5
5995160,Test,1.7333333333333334
5995219,Test,2.3
5995702,Test,19.4
5995947,Test,5.6
5996130,Control,12.933333333333334
5996241,Control,7.933333333333334
5997162,Control,1.3666666666666667
5997501,Test,7.183333333333334
5998250,Test,2.85
5998271,Test,5.166666666666667
5998340,Test,3.9
5998492,Test,1.2666666666666666
5998570,Test,9.816666666666666
5998888,Control,15.866666666666667
5998955,Test,1.35
5999097,Test,3.95
5999222,Test,14.916666666666666
5999506,Control,3.216666666666667
5999699,Control,8.7
6000156,Control,3.966666666666667
6000667,Test,5.05
6000826,Test,3.9833333333333334
6000966,Test,9.666666666666666
6000981,Test,1.2666666666666666
6001708,Control,4.85
6001755,Control,1.55
6001892,Test,12.883333333333333
6001945,Control,5.45
6002035,Test,13.383333333333333
6003198,Test,5.15
6003230,Test,25.016666666666666
6003391,Control,3.7333333333333334
6003973,Test,2.45
6004082,Test,1.7833333333333334
6004086,Test,13.683333333333334
6004361,Test,2.2333333333333334
6004399,Test,2.466666666666667
6004740,Test,1.5666666666666667
6004780,Test,2.8333333333333335
6005042,Control,3.2
6005174,Test,3.65
6005237,Test,6.066666666666666
6005999,Test,1.45
6006176,Control,4.133333333333334
6006542,Test,5.716666666666667
6007022,Test,3.933333333333333
6007167,Test,9.883333333333333
6007896,Test,3.2333333333333334
6008203,Control,6.883333333333334
6008219,Control,5.316666666666666
6008567,Test,9.016666666666667
6008901,Test,4.916666666666667
6009148,Test,2.533333333333333
6009927,Control,4.3
6010099,Test,2.6666666666666665
6010269,Test,2.4
6010271,Control,2.566666666666667
6010355,Test,14.166666666666666
6010917,Test,3.1166666666666667
6010960,Control,2.7666666666666666
6011199,Test,4.816666666666666
6011502,Test,31.6
6011700,Test,6.45
6011987,Control,2.533333333333333
6012172,Test,2.316666666666667
6012255,Control,3.6
6012640,Control,8.166666666666666
6012802,Control,5.683333333333334
6013275,Control,1.85
6013279,Test,2.0
6013539,Test,3.6333333333333333
6014420,Control,3.1
6014718,Test,5.75
6014775,Test,1.8166666666666667
6015130,Test,4.683333333333334
6015711,Control,3.933333333333333
6015716,Test,4.05
6016803,Test,17.6
6017155,Control,3.1333333333333333
6017434,Control,2.55
6017862,Control,2.85
6018149,Control,2.7
6018395,Control,4.8
6018486,Test,1.8166666666666667
6018574,Test,2.4166666666666665
6018602,Control,3.4833333333333334
6019066,Test,5.65
6019257,Control,3.85
6019905,Test,3.3333333333333335
6020027,Control,2.2666666666666666
6021509,Test,3.9166666666666665
6021910,Control,17.2
6022010,Control,6.316666666666666
6022147,Test,12.016666666666667
6023415,Test,1.8833333333333333
6023550,Test,7.666666666666667
6024027,Control,3.8833333333333333
6024101,Control,3.466666666666667
6024126,Control,4.916666666666667
6024402,Control,6.216666666666667
6024480,Test,6.533333333333333
6024800,Test,3.1666666666666665
6024945,Control,3.05
6024983,Control,3.033333333333333
6025281,Control,4.666666666666667
6025364,Control,4.7
6025724,Control,3.5833333333333335
6025815,Test,3.433333333333333
6026167,Test,27.216666666666665
6027107,Control,13.0
6027530,Control,7.783333333333333
6027623,Test,5.333333333333333
6027818,Test,8.916666666666666
6028020,Control,18.85
6028509,Test,10.316666666666666
6028829,Test,1.65
6029126,Test,1.0666666666666667
6029243,Control,17.616666666666667
6029258,Control,2.283333333333333
6029457,Test,4.283333333333333
6030124,Test,2.2333333333333334
6030394,Control,9.066666666666666
6030486,Control,12.633333333333333
6030696,Control,1.8166666666666667
6030712,Test,4.666666666666667
6030791,Test,1.5333333333333334
6030945,Control,2.7
6030984,Test,4.016666666666667
6031056,Test,6.916666666666667
6031726,Test,3.4166666666666665
6032718,Control,4.366666666666666
6032775,Control,4.55
6032786,Test,3.8
6032872,Test,9.733333333333333
6032939,Test,3.316666666666667
6032992,Test,16.633333333333333
6033679,Control,9.916666666666666
6033754,Test,2.0166666666666666
6034128,Test,1.4
6034462,Control,23.55
6035003,Control,2.2333333333333334
6035203,Test,12.15
6035461,Control,4.016666666666667
6035849,Test,8.466666666666667
6036449,Control,12.683333333333334
6036790,Test,2.7
6036986,Control,4.016666666666667
6037374,Test,3.216666666666667
6037376,Control,2.4166666666666665
6038013,Test,5.833333333333333
6038294,Test,8.95
6038525,Test,4.683333333333334
6038811,Control,2.2666666666666666
6038968,Test,10.783333333333333
6039670,Control,8.333333333333334
6039700,Control,8.8
6039880,Control,8.633333333333333
6040095,Control,2.466666666666667
6040156,Test,6.083333333333333
6040488,Test,15.5
6041552,Test,4.533333333333333
6041814,Control,3.066666666666667
6041815,Test,2.7333333333333334
6042231,Test,1.5666666666666667
6042707,Test,4.65
6043021,Test,3.4
6043145,Test,5.166666666666667
6043168,Control,3.15
6043294,Control,1.4666666666666666
6043666,Test,3.1666666666666665
6043981,Control,2.8666666666666667
6044594,Test,3.6333333333333333
6044794,Test,6.05
6045164,Test,16.233333333333334
6045479,Control,12.283333333333333
6045570,Control,2.783333333333333
6045882,Control,3.5833333333333335
6045950,Test,7.1
6046394,Test,1.7166666666666666
6046408,Test,1.55
6046425,Control,4.566666666666666
6046670,Control,22.083333333333332
6046741,Test,1.9666666666666666
6046772,Test,8.433333333333334
6046860,Test,2.466666666666667
6047255,Control,3.2666666666666666
6047402,Control,3.183333333333333
6047643,Test,7.483333333333333
6048186,Test,16.916666666666668
6048205,Test,3.3833333333333333
6049084,Control,1.7833333333333334
6050066,Test,2.3833333333333333
6050920,Test,3.3666666666666667
6051158,Test,5.4
6051233,Control,2.6
6051453,Control,4.35
6052028,Test,6.633333333333334
6052127,Test,3.8
6052190,Test,12.133333333333333
6052684,Control,7.266666666666667
6053509,Control,4.633333333333334
6053849,Test,4.8
6054693,Test,1.7166666666666666
6055057,Test,7.766666666666667
6055231,Control,21.283333333333335
6055251,Control,5.383333333333334
6055384,Test,3.5833333333333335
6055529,Test,3.8666666666666667
6055544,Test,10.583333333333334
6055756,Control,1.3833333333333333
6055967,Test,2.466666666666667
6056366,Test,2.9166666666666665
6056856,Test,4.183333333333334
6056987,Test,5.0
6057000,Test,4.716666666666667
6057081,Control,14.066666666666666
6058024,Control,6.8
6058074,Control,5.916666666666667
6058229,Control,5.583333333333333
6058303,Control,2.8833333333333333
6058524,Test,2.5
6058534,Test,9.216666666666667
6058559,Control,30.116666666666667
6058720,Test,3.3833333333333333
6059000,Control,1.8666666666666667
6059059,Test,6.916666666666667
6059305,Test,2.283333333333333
6059573,Control,4.683333333333334
6060618,Control,6.433333333333334
6060991,Control,5.133333333333334
6061224,Control,2.1166666666666667
6061376,Control,10.016666666666667
6061526,Test,4.066666666666666
6061814,Control,3.783333333333333
6061926,Control,1.75
6061984,Test,2.2666666666666666
6062375,Control,2.3333333333333335
6062424,Test,8.816666666666666
6063117,Test,2.783333333333333
6063396,Control,19.866666666666667
6063554,Control,2.183333333333333
6063870,Control,1.9333333333333333
6063905,Control,3.55
6064547,Test,1.35
6064573,Control,7.716666666666667
6064610,Control,9.15
6064626,Test,31.483333333333334
6064721,Control,4.85
6064907,Test,27.583333333333332
6065730,Control,7.466666666666667
6066143,Test,5.25
6066338,Test,7.283333333333333
6066941,Test,2.683333333333333
6067117,Test,3.15
6067170,Control,13.45
6067591,Control,9.45
6068316,Test,2.8833333333333333
6069272,Control,3.6666666666666665
6069376,Test,15.966666666666667
6069603,Control,25.616666666666667
6070216,Test,20.75
6070431,Control,5.35
6071019,Control,9.833333333333334
6071038,Control,1.9166666666666667
6071177,Control,3.216666666666667
6071499,Test,3.066666666666667
6071571,Control,2.35
6071985,Control,4.266666666666667
6072009,Test,3.8
6072217,Control,16.95
6072522,Control,6.783333333333333
6072542,Control,2.8333333333333335
6072788,Test,9.1
6072994,Test,1.4
6073444,Control,2.4833333333333334
6073907,Control,7.616666666666666
6074067,Test,11.683333333333334
6074871,Control,2.6333333333333333
6075049,Control,2.1666666666666665
6075100,Test,5.266666666666667
6075274,Test,3.283333333333333
6075629,Test,7.016666666666667
6075960,Control,0.9333333333333333
6076090,Control,7.333333333333333
6076607,Test,6.55
6076660,Test,2.6666666666666665
6076816,Control,4.516666666666667
6076887,Test,3.35
6076924,Control,13.9
6077122,Test,3.2666666666666666
6077287,Control,3.716666666666667
6078015,Test,1.0166666666666666
6078664,Test,1.2666666666666666
6078772,Control,5.133333333333334
6079256,Test,6.033333333333333
6079441,Test,9.016666666666667
6081543,Control,2.683333333333333
6081679,Test,5.3
6082949,Control,2.533333333333333
6084682,Control,8.5
6084871,Test,4.033333333333333
6085447,Control,7.7
6085553,Control,4.666666666666667
6085850,Control,3.6333333333333333
6086740,Test,9.183333333333334
6086964,Control,6.133333333333334
6087384,Test,2.1333333333333333
6087610,Test,4.166666666666667
6088025,Test,4.1
6089219,Test,1.5
6089566,Control,3.6333333333333333
6089595,Test,2.7333333333333334
6090076,Test,1.3833333333333333
6090203,Test,7.216666666666667
6090404,Control,3.2333333333333334
6090460,Control,7.416666666666667
6090963,Test,1.25
6091101,Test,1.3
6091298,Test,0.8833333333333333
6091610,Control,19.233333333333334
6092194,Control,12.283333333333333
6092269,Control,3.7333333333333334
6092302,Test,28.066666666666666
6092467,Test,1.2333333333333334
6092861,Control,6.833333333333333
6093589,Control,3.5833333333333335
6093592,Test,1.4666666666666666
6093698,Control,1.95
6093785,Test,10.1
6094235,Test,3.45
6094341,Test,2.9
6094468,Test,3.4166666666666665
6094600,Test,5.6
6095222,Test,4.266666666666667
6096252,Control,1.6333333333333333
6096847,Control,2.283333333333333
6096961,Test,1.8166666666666667
6097269,Control,13.0
6097361,Control,9.266666666666667
6097544,Test,5.683333333333334
6097580,Test,3.533333333333333
6097581,Control,29.8
6097938,Control,2.3833333333333333
6098439,Control,8.2
6098583,Control,3.4833333333333334
6098651,Control,9.8
6098661,Test,1.4666666666666666
6098739,Control,3.4833333333333334
6098751,Control,3.033333333333333
6099173,Test,2.9833333333333334
6099672,Control,4.5
6099815,Control,2.6
6099993,Test,11.583333333333334
6100224,Test,6.133333333333334
6100621,Control,6.616666666666666
6101171,Control,5.85
6101638,Control,5.166666666666667
6102190,Test,34.35
6102903,Test,8.883333333333333
6103015,Control,15.816666666666666
6103024,Test,1.1166666666666667
6103153,Control,1.6
6103330,Control,7.3
6103484,Control,35.35
6103724,Control,5.1
6103967,Control,3.566666666666667
6104189,Test,1.0666666666666667
6104531,Test,8.05
6104856,Control,4.816666666666666
6104930,Control,2.1166666666666667
6104987,Test,9.233333333333333
6105304,Control,5.633333333333334
6105618,Control,2.3666666666666667
6105623,Test,12.233333333333333
6106057,Control,13.683333333333334
6106095,Control,2.0166666666666666
6106183,Test,1.8333333333333333
6106221,Test,10.983333333333333
6106468,Control,13.7
6106562,Test,8.316666666666666
6106597,Control,8.516666666666667
6107368,Test,1.5
6107602,Control,4.416666666666667
6107703,Test,2.183333333333333
6108156,Test,2.433333333333333
6108235,Test,1.9166666666666667
6108295,Control,1.1166666666666667
6108577,Control,2.6
6108767,Test,3.5833333333333335
6109169,Test,2.4
6110105,Control,7.483333333333333
6110143,Test,2.433333333333333
6110307,Test,3.65
6110470,Control,6.066666666666666
6110525,Control,9.266666666666667
6110662,Test,11.35
6110745,Control,4.183333333333334
6110816,Test,8.6
6111380,Test,2.1
6111622,Test,3.65
6111966,Control,6.933333333333334
6111970,Control,1.5833333333333333
6112016,Control,5.1
6112197,Test,2.0833333333333335
6112481,Control,2.216666666666667
6112751,Control,2.55
6112859,Control,9.85
6113000,Control,1.6333333333333333
6113365,Test,4.1
6113546,Test,1.7166666666666666
6113649,Test,9.683333333333334
6113967,Test,4.233333333333333
6114049,Control,21.316666666666666
6114349,Test,1.75
6114351,Test,3.95
6114419,Test,1.4666666666666666
6115286,Test,1.3333333333333333
6115596,Test,6.1
6115661,Test,5.783333333333333
6115725,Control,9.5
6115889,Control,5.783333333333333
6116021,Test,9.616666666666667
6116234,Test,8.583333333333334
6116287,Test,10.766666666666667
6116891,Control,37.8
6117708,Control,2.8666666666666667
6118016,Test,2.066666666666667
6118145,Control,12.283333333333333
6119115,Test,1.6166666666666667
6119284,Test,5.716666666666667
6119432,Test,12.566666666666666
6119833,Control,1.4166666666666667
6119952,Control,6.3
6120460,Control,9.133333333333333
6120879,Control,3.8333333333333335
6121045,Control,31.133333333333333
6121098,Test,2.9
6121453,Test,2.433333333333333
6121736,Control,16.65
6122432,Control,2.433333333333333
6122553,Test,3.6166666666666667
6122858,Control,6.7
6123249,Test,2.283333333333333
6123492,Control,12.716666666666667
6123944,Test,6.716666666666667
6124040,Control,13.766666666666667
6124081,Test,2.466666666666667
6124096,Test,7.716666666666667
6124319,Test,2.3666666666666667
6124908,Control,1.7666666666666666
6125000,Test,5.583333333333333
6125160,Test,2.9833333333333334
6125271,Test,7.016666666666667
6125450,Control,2.216666666666667
6126040,Control,3.6333333333333333
6126216,Test,1.5666666666666667
6126433,Control,6.05
6126502,Control,4.633333333333334
6128401,Control,2.933333333333333
6128683,Control,2.7333333333333334
6129296,Test,3.0
6129494,Test,4.6
6129891,Test,6.383333333333334
6129967,Test,4.416666666666667
6130491,Test,6.1
6130691,Control,4.183333333333334
6131423,Control,47.18333333333333
6131525,Control,26.016666666666666
6131636,Test,2.683333333333333
6131718,Test,10.966666666666667
6132708,Control,5.933333333333334
6132846,Test,5.183333333333334
6132864,Test,4.283333333333333
6133281,Test,1.9666666666666666
6133343,Control,4.916666666666667
6133577,Control,2.466666666666667
6134357,Test,9.333333333333334
6134713,Control,1.95
6134894,Test,10.833333333333334
6134898,Control,2.533333333333333
6135379,Control,2.8833333333333333
6135432,Control,7.533333333333333
6135462,Test,1.65
6135653,Control,1.95
6136031,Test,3.2666666666666666
6136101,Test,8.133333333333333
6136264,Test,3.2
6136374,Control,2.6
6136568,Control,5.45
6137114,Control,11.116666666666667
6137272,Control,9.35
6137896,Control,2.2666666666666666
6137907,Control,4.9
6137908,Test,2.3666666666666667
6138068,Test,11.616666666666667
6138222,Test,1.8
6139079,Test,3.5
6139351,Control,1.75
6139724,Test,7.216666666666667
6139779,Test,8.283333333333333
6140556,Control,7.483333333333333
6141432,Control,3.8333333333333335
6142438,Test,3.05
6142585,Control,8.866666666666667
6142623,Control,5.816666666666666
6143174,Test,2.9166666666666665
6143337,Control,2.1666666666666665
6143388,Test,22.983333333333334
6143809,Test,1.4666666666666666
6144296,Control,3.7333333333333334
6144921,Test,1.7833333333333334
6145051,Test,30.383333333333333
6146263,Test,4.316666666666666
6146380,Control,5.033333333333333
6146683,Test,25.683333333333334
6146877,Test,5.083333333333333
6147069,Control,32.983333333333334
6147140,Control,3.55
6147241,Control,20.333333333333332
6147265,Control,3.566666666666667
6147316,Control,2.816666666666667
6147411,Test,1.4666666666666666
6148272,Test,1.2666666666666666
6148387,Test,8.266666666666667
6149311,Control,22.533333333333335
6149427,Test,23.75
6149601,Test,3.0833333333333335
6149800,Control,5.05
6150009,Control,3.1166666666666667
6150339,Test,3.7
6150349,Control,1.5166666666666666
6150427,Control,13.366666666666667
6150665,Test,5.3
6152291,Control,2.5833333333333335
6152862,Control,3.25
6153080,Test,4.8
6153237,Test,4.916666666666667
6153364,Control,10.816666666666666
6153402,Control,1.5333333333333334
6153464,Control,2.4166666666666665
6154241,Test,3.816666666666667
6154532,Control,4.733333333333333
6155209,Test,1.9666666666666666
6155943,Control,4.15
6155976,Control,1.9
6156275,Control,4.95
6156362,Control,6.266666666666667
6156458,Control,4.683333333333334
6156904,Test,8.5
6157552,Test,12.25
6157587,Control,5.233333333333333
6157625,Test,1.8666666666666667
6158588,Control,13.85
6158593,Test,5.466666666666667
6158690,Control,1.5
6158722,Test,3.716666666666667
6158814,Test,4.116666666666666
6159014,Test,4.283333333333333
6159612,Control,12.65
6159840,Test,14.633333333333333
6160780,Test,7.083333333333333
6161224,Test,4.716666666666667
6161613,Control,4.85
6162060,Control,3.15
6162206,Test,3.283333333333333
6162550,Test,5.3
6162817,Control,3.066666666666667
6163403,Control,7.0
6163509,Control,4.783333333333333
6163882,Control,2.0
6163995,Test,4.816666666666666
6164188,Test,1.55
6164570,Test,4.8
6165681,Control,2.466666666666667
6165948,Control,2.75
6166024,Control,8.116666666666667
6166197,Test,3.9166666666666665
6166472,Test,9.7
6166970,Test,1.4833333333333334
6167399,Test,4.6
6167777,Control,5.366666666666666
6167838,Control,9.2
6167873,Control,2.816666666666667
6167895,Control,3.3666666666666667
6168374,Control,3.066666666666667
6168433,Test,3.4166666666666665
6168816,Control,0.75
6169187,Control,2.35
6170009,Control,4.366666666666666
6170084,Test,1.8
6170160,Test,1.0666666666666667
6170194,Test,6.283333333333333
6170447,Control,3.216666666666667
6170523,Control,5.383333333333334
6170935,Test,10.333333333333334
6171731,Test,7.25
6172188,Control,6.183333333333334
6172425,Control,5.966666666666667
6173632,Test,6.733333333333333
6174037,Test,3.7666666666666666
6174342,Control,9.666666666666666
6174372,Test,2.2
6174475,Control,5.183333333333334
6175278,Control,2.6166666666666667
6175496,Test,3.6166666666666667
6176305,Test,3.183333333333333
6176788,Control,2.05
6177885,Control,4.4
6178111,Test,2.8666666666666667
6178539,Test,2.0
6178546,Test,6.316666666666666
6178711,Test,12.533333333333333
6178903,Test,8.716666666666667
6179063,Test,2.25
6179435,Control,10.116666666666667
6179707,Test,4.416666666666667
6180072,Test,6.0
6180120,Test,3.783333333333333
6180572,Test,3.7
6180642,Control,1.4833333333333334
6180865,Control,3.9833333333333334
6181079,Control,4.133333333333334
6182278,Test,3.7
6182487,Control,28.466666666666665
6182535,Control,2.033333333333333
6182851,Control,7.6
6183002,Test,4.25
6184725,Test,6.383333333333334
6185706,Control,2.283333333333333
6185856,Control,7.266666666666667
6186453,Control,19.866666666666667
6186943,Control,2.783333333333333
6186980,Test,6.533333333333333
6187479,Control,4.083333333333333
6187815,Control,2.9
6188191,Control,4.5
6188887,Test,1.5
6188944,Test,8.9
6189027,Test,7.4
6189050,Control,12.15
6189129,Test,9.15
6189198,Control,4.65
6189438,Test,14.15
6189850,Test,8.566666666666666
6190453,Test,20.0
6190541,Control,2.066666666666667
6190629,Control,13.883333333333333
6190851,Control,4.8
6191112,Control,5.483333333333333
6191242,Test,5.05
6192398,Control,2.7666666666666666
6192734,Control,3.0
6192754,Test,6.016666666666667
6192766,Test,8.866666666666667
6192776,Control,2.3333333333333335
6193239,Test,3.85
6193539,Test,3.15
6193571,Test,1.45
6194121,Test,3.533333333333333
6194289,Control,6.55
6194477,Test,5.9
6195074,Test,5.35
6195250,Control,24.483333333333334
6195381,Control,9.9
6195482,Control,2.2333333333333334
6195723,Control,3.6
6195730,Test,13.516666666666667
6195846,Control,2.4
6196471,Control,2.9166666666666665
6196555,Test,3.05
6196705,Control,2.8833333333333333
6196918,Test,2.35
6197016,Control,3.2333333333333334
6197648,Test,3.533333333333333
6197898,Control,6.433333333333334
6197961,Test,3.3
6198040,Test,2.283333333333333
6198147,Test,2.283333333333333
6198270,Test,7.666666666666667
6198294,Test,1.5
6199133,Control,7.85
6199141,Control,3.783333333333333
6199232,Test,3.0166666666666666
6199317,Control,3.033333333333333
6199461,Control,4.616666666666666
6199526,Test,1.15
6199584,Test,2.6666666666666665
6199688,Control,3.716666666666667
6199818,Control,4.516666666666667
6199973,Control,26.983333333333334
6200126,Test,4.966666666666667
6200721,Test,4.166666666666667
6201149,Test,6.15
6201404,Control,4.816666666666666
6201791,Test,1.9166666666666667
6201944,Control,4.483333333333333
6202302,Control,3.433333333333333
6202486,Test,1.75
6202761,Control,6.65
6202775,Control,6.233333333333333
6203105,Test,15.083333333333334
6204171,Test,4.366666666666666
6205335,Test,1.4833333333333334
6205531,Test,4.783333333333333
6206033,Control,2.783333333333333
6206396,Test,4.333333333333333
6206436,Test,1.6666666666666667
6206471,Control,4.466666666666667
6206578,Control,6.616666666666666
6206582,Control,14.2
6206976,Test,6.2
6207194,Test,3.216666666666667
6207911,Test,12.116666666666667
6207986,Test,3.683333333333333
6208399,Control,2.2333333333333334
6208685,Test,4.266666666666667
6208954,Control,4.55
6208963,Test,10.85
6209448,Control,2.05
6209729,Test,21.1
6209824,Control,4.4
6210325,Test,3.783333333333333
6210443,Control,14.416666666666666
6210539,Test,11.05
6210900,Test,15.616666666666667
6211179,Test,1.5333333333333334
6211184,Control,2.0166666666666666
6212159,Test,3.1333333333333333
6212252,Control,1.8666666666666667
6212370,Test,15.133333333333333
6212871,Control,4.45
6213098,Control,1.8666666666666667
6213118,Control,14.3
6213312,Test,6.616666666666666
6213441,Test,2.7666666666666666
6213562,Control,6.9
6214973,Test,3.7
6215200,Test,2.816666666666667
6216106,Control,12.466666666666667
6216134,Control,11.7
6217257,Test,7.9
6217298,Test,2.8666666666666667
6217377,Test,1.3833333333333333
6217407,Test,19.766666666666666
6217535,Test,2.1
6218062,Test,43.733333333333334
6218285,Test,3.316666666666667
6218392,Test,25.083333333333332
6218530,Test,5.483333333333333
6218559,Test,31.3
6218926,Test,2.5833333333333335
6219019,Control,3.25
6219097,Control,12.083333333333334
6219217,Control,6.583333333333333
6219218,Control,12.65
6219485,Test,6.716666666666667
6219578,Control,13.733333333333333
6219579,Test,2.8
6219655,Test,29.616666666666667
6219677,Test,6.833333333333333
6219717,Test,2.716666666666667
6220312,Control,3.6666666666666665
6220778,Control,10.066666666666666
6220779,Test,0.9833333333333333
6222460,Test,1.3666666666666667
6222741,Control,4.416666666666667
6223007,Control,3.316666666666667
6223563,Test,6.333333333333333
6223874,Test,3.183333333333333
6224299,Control,3.5
6224380,Control,6.3
6224776,Control,1.3333333333333333
6224817,Test,4.05
6225696,Test,4.15
6225988,Control,2.6166666666666667
6225990,Control,1.7
6226205,Test,16.866666666666667
6226635,Control,2.0833333333333335
6227290,Control,2.0
6227816,Control,4.833333333333333
6228157,Test,4.166666666666667
6228960,Test,1.3833333333333333
6228965,Test,2.1333333333333333
6228987,Test,12.55
6229124,Control,7.516666666666667
6229378,Test,1.8666666666666667
6229511,Test,88.0
6229916,Test,9.8
6229922,Control,3.716666666666667
6229944,Test,4.0
6230140,Control,2.95
6230352,Test,2.316666666666667
6230467,Control,1.7
6230585,Test,2.466666666666667
6231124,Control,2.9
6231137,Control,3.0166666666666666
6231368,Test,4.15
6231369,Control,3.066666666666667
6231726,Test,2.466666666666667
6232074,Control,4.883333333333334
6232107,Test,3.8333333333333335
6232243,Test,1.55
6232755,Test,2.716666666666667
6232942,Control,3.6333333333333333
6233008,Control,4.766666666666667
6233051,Control,2.6
6233209,Test,3.0833333333333335
6233261,Test,3.85
6233433,Control,6.75
6233518,Test,2.033333333333333
6233602,Control,7.333333333333333
6234276,Test,2.0833333333333335
6234376,Control,2.8
6234952,Test,23.05
6235214,Test,2.45
6235268,Control,12.933333333333334
6235867,Test,5.616666666666666
6236247,Test,3.3
6238365,Test,3.0166666666666666
6238381,Test,4.216666666666667
6238531,Control,7.966666666666667
6238820,Test,2.283333333333333
6238948,Test,2.8
6239306,Control,5.45
6239885,Test,5.35
6240210,Control,6.466666666666667
6240775,Test,2.95
6240949,Control,2.6666666666666665
6241245,Test,6.883333333333334
6241542,Test,1.6
6241556,Test,1.2166666666666666
6241575,Test,3.1333333333333333
6242298,Test,8.5
6242960,Test,8.833333333333334
6243085,Control,3.9166666666666665
6243230,Test,1.9
6243234,Control,4.683333333333334
6243260,Test,2.066666666666667
6243294,Test,4.3
6243375,Test,2.65
6243563,Test,3.55
6243872,Control,32.25
6244054,Control,7.333333333333333
6244133,Test,2.25
6244184,Test,3.683333333333333
6244225,Control,4.466666666666667
6244625,Control,1.85
6244963,Control,9.633333333333333
6244970,Test,3.6333333333333333
6245201,Test,3.25
6245519,Control,2.7666666666666666
6246369,Test,2.533333333333333
6247193,Test,4.933333333333334
6247953,Control,14.016666666666667
6248189,Test,3.4
6248651,Control,4.333333333333333
6248719,Control,5.45
6249518,Test,7.833333333333333
6249577,Test,2.2666666666666666
6249597,Control,4.3
6250055,Test,6.6
6250207,Test,49.416666666666664
6250726,Control,3.3833333333333333
6251214,Test,122.06666666666666
6251216,Test,9.366666666666667
6251290,Test,10.266666666666667
6251313,Test,3.066666666666667
6251498,Test,16.433333333333334
6251557,Control,2.3333333333333335
6252053,Control,2.283333333333333
6252175,Test,1.8166666666666667
6252219,Control,1.1833333333333333
6252538,Test,18.433333333333334
6252758,Control,10.366666666666667
6253108,Test,2.3333333333333335
6253381,Test,7.916666666666667
6253564,Control,4.316666666666666
6253626,Test,4.3
6253802,Control,35.0
6253845,Test,2.5166666666666666
6254134,Test,1.05
6254145,Test,2.85
6254175,Test,6.316666666666666
6254609,Test,22.566666666666666
6254691,Control,1.95
6255097,Test,3.95
6255304,Control,3.9166666666666665
6255489,Control,4.566666666666666
6255524,Test,2.1
6256172,Control,4.0
6256285,Control,12.483333333333333
6256711,Test,5.45
6257564,Test,2.933333333333333
6257603,Control,4.7
6257728,Test,4.2
6258296,Test,4.2
6259148,Control,8.616666666666667
6259405,Test,2.0833333333333335
6259522,Test,3.066666666666667
6259660,Control,3.65
6259825,Test,1.8
6260281,Control,3.283333333333333
6260403,Test,3.6166666666666667
6260467,Control,6.55
6261268,Test,9.866666666666667
6261427,Control,4.133333333333334
6261592,Control,2.033333333333333
6261966,Control,2.816666666666667
6262383,Control,6.416666666666667
6263111,Control,4.15
6263283,Control,2.933333333333333
6263611,Control,3.216666666666667
6263784,Test,6.05
6263801,Control,0.95
6264313,Control,3.15
6264472,Test,5.966666666666667
6264901,Test,3.4166666666666665
6265100,Control,4.916666666666667
6265388,Test,2.75
6265481,Test,1.6
6265510,Control,1.8166666666666667
6266738,Test,12.716666666666667
6267076,Control,1.9833333333333334
6267268,Test,4.466666666666667
6267322,Test,6.466666666666667
6267962,Control,2.4833333333333334
6268446,Test,1.3
6268778,Control,6.283333333333333
6269030,Test,5.466666666666667
6269249,Control,3.183333333333333
6269285,Control,3.066666666666667
6269757,Control,16.6
6270117,Test,3.7666666666666666
6270802,Test,6.583333333333333
6270947,Control,17.116666666666667
6271257,Test,4.016666666666667
6271373,Control,3.216666666666667
6272438,Control,9.35
6272543,Test,2.9833333333333334
6273012,Test,3.966666666666667
6273640,Test,2.6666666666666665
6273703,Control,5.316666666666666
6274079,Test,2.05
6274735,Test,4.033333333333333
6275218,Test,9.45
6275502,Control,6.533333333333333
6275704,Control,23.516666666666666
6277814,Test,2.566666666666667
6277863,Test,4.8
6278458,Control,17.85
6279164,Control,5.316666666666666
6279208,Test,2.566666666666667
6279335,Test,10.7
6279427,Test,8.3
6279584,Test,7.533333333333333
6279719,Control,2.466666666666667
6279810,Control,8.35
6279812,Test,3.6
6279829,Control,10.233333333333333
6279949,Control,6.05
6280103,Control,3.8666666666666667
6280462,Test,4.55
6280500,Control,4.166666666666667
6280776,Test,22.066666666666666
6281488,Test,1.5666666666666667
6281570,Control,3.1666666666666665
6281865,Test,8.333333333333334
6282645,Test,3.75
6282795,Control,1.35
6283243,Control,9.15
6283290,Test,9.4
6283366,Control,6.566666666666666
6283437,Control,3.7333333333333334
6283606,Control,6.55
6283993,Test,9.733333333333333
6284055,Control,11.483333333333333
6284498,Control,2.5166666666666666
6284634,Control,3.8
6284860,Control,5.583333333333333
6285002,Control,1.6666666666666667
6285197,Test,2.0
6285819,Control,4.416666666666667
6286096,Test,21.6
6286405,Test,6.2
6286537,Test,7.0
6286549,Test,3.6333333333333333
6286632,Control,5.016666666666667
6286646,Control,8.333333333333334
6287252,Test,5.483333333333333
6287401,Test,1.6666666666666667
6287855,Test,3.8666666666666667
6288259,Test,3.566666666666667
6288323,Control,14.65
6289640,Test,6.583333333333333
6290002,Test,24.516666666666666
6290066,Test,10.916666666666666
6290188,Test,1.5166666666666666
6290419,Test,14.8
6290836,Control,2.7666666666666666
6291061,Control,2.5166666666666666
6291263,Control,2.033333333333333
6291267,Test,1.4166666666666667
6291449,Control,2.716666666666667
6291464,Test,5.0
6291861,Test,6.633333333333334
6292241,Test,6.383333333333334
6292379,Test,5.266666666666667
6292422,Control,1.75
6293390,Control,12.716666666666667
6293657,Test,9.683333333333334
6294261,Test,7.083333333333333
6294674,Test,2.85
6295175,Test,5.5
6295495,Test,10.216666666666667
6295681,Test,1.9
6296092,Test,2.4833333333333334
6296222,Test,30.666666666666668
6296471,Test,4.316666666666666
6297093,Control,25.683333333333334
6297183,Test,17.65
6297367,Control,4.133333333333334
6298044,Test,2.216666666666667
6298404,Control,3.15
6299017,Test,3.8333333333333335
6299026,Test,1.0666666666666667
6299605,Control,2.4
6300223,Control,3.533333333333333
6300261,Control,4.05
6300438,Test,2.65
6300543,Test,12.516666666666667
6300654,Test,9.683333333333334
6301669,Test,4.333333333333333
6301913,Test,2.7
6302349,Test,6.433333333333334
6303786,Test,3.0833333333333335
6303898,Control,6.266666666666667
6304261,Test,3.033333333333333
6304582,Test,1.7833333333333334
6305131,Test,3.9833333333333334
6305157,Test,2.7
6305171,Test,3.5833333333333335
6305342,Control,1.3166666666666667
6305830,Test,18.483333333333334
6305941,Control,1.8833333333333333
6306006,Control,7.583333333333333
6306129,Test,5.016666666666667
6307446,Test,2.0833333333333335
6307628,Test,8.816666666666666
6308456,Test,4.483333333333333
6308576,Test,17.3
6308806,Control,16.383333333333333
6308970,Test,3.683333333333333
6309001,Test,19.7
6309469,Test,1.8166666666666667
6309891,Control,4.233333333333333
6310137,Control,6.066666666666666
6310288,Control,10.083333333333334
6311181,Control,20.166666666666668
6311580,Control,1.35
6311761,Control,2.4166666666666665
6311942,Control,12.65
6312898,Test,13.2
6312909,Test,1.3166666666666667
6312949,Test,4.366666666666666
6313049,Control,1.8833333333333333
6313081,Control,14.116666666666667
6313228,Test,6.833333333333333
6313310,Test,3.7
6313562,Control,2.6166666666666667
6313693,Test,2.033333333333333
6313827,Test,1.8666666666666667
6314328,Test,18.466666666666665
6314966,Control,21.35
6315188,Test,4.3
6316179,Control,3.7333333333333334
6316253,Test,2.0
6316427,Test,2.1
6316702,Test,11.266666666666667
6316734,Control,6.816666666666666
6316983,Control,5.8
6316996,Test,7.183333333333334
6317054,Test,3.183333333333333
6317207,Test,15.283333333333333
6317256,Test,2.216666666666667
6317332,Test,3.5833333333333335
6318002,Test,11.466666666666667
6318532,Control,24.516666666666666
6318705,Test,2.5833333333333335
6318967,Test,6.733333333333333
6319213,Test,4.666666666666667
6319245,Test,3.15
6319675,Test,1.6166666666666667
6319777,Test,0.9666666666666667
6320252,Test,2.5166666666666666
6320688,Control,3.283333333333333
6320900,Control,6.3
6320969,Control,5.65
6321845,Test,27.116666666666667
6322292,Test,5.266666666666667
6322646,Test,4.116666666666666
6322872,Test,3.1
6322965,Test,2.7
6323047,Control,6.183333333333334
6323060,Test,11.15
6324016,Control,5.333333333333333
6324067,Control,3.4
6325529,Control,17.55
6325731,Test,3.0833333333333335
6325742,Control,4.05
6326298,Control,2.716666666666667
6326668,Test,1.3333333333333333
6327008,Test,17.416666666666668
6327365,Control,9.583333333333334
6327393,Control,2.7
6327460,Control,4.9
6327787,Test,6.733333333333333
6328200,Test,44.983333333333334
6328234,Test,1.4166666666666667
6328237,Test,22.166666666666668
6328295,Control,4.883333333333334
6328917,Test,22.416666666666668
6328967,Control,7.366666666666666
6329564,Test,5.916666666666667
6329839,Test,4.316666666666666
6330052,Test,5.25
6330960,Control,6.0
6331089,Control,1.9333333333333333
6331387,Control,3.35
6331553,Test,1.8666666666666667
6331614,Test,2.5833333333333335
6331923,Test,3.3666666666666667
6332012,Control,2.8833333333333333
6332248,Control,6.183333333333334
6332250,Test,2.9833333333333334
6332820,Control,1.5166666666666666
6333665,Test,4.15
6334070,Control,5.25
6334082,Test,1.65
6334360,Test,5.05
6334445,Test,1.9166666666666667
6334676,Control,7.666666666666667
6334745,Test,14.566666666666666
6335357,Test,3.1
6335396,Test,31.883333333333333
6335787,Test,8.75
6335806,Test,2.2
6336701,Test,4.516666666666667
6336914,Control,3.3666666666666667
6337229,Test,22.033333333333335
6337595,Test,10.3
6337816,Test,11.266666666666667
6338026,Test,4.883333333333334
6338487,Test,1.45
6338935,Control,1.5166666666666666
6340232,Test,7.516666666666667
6340340,Test,3.3833333333333333
6340523,Test,5.3
6340549,Control,2.8333333333333335
6340635,Control,14.566666666666666
6341014,Control,4.233333333333333
6341488,Test,2.716666666666667
6342042,Test,2.7666666666666666
6342391,Test,5.466666666666667
6343369,Test,2.8833333333333333
6343570,Test,2.25
6343693,Control,10.716666666666667
6344385,Test,2.3666666666666667
6344478,Test,1.6
6345064,Test,1.8833333333333333
6345665,Test,6.6
6345753,Test,8.75
6345861,Test,7.2
6346474,Control,39.45
6346538,Test,3.0
6346565,Control,13.65
6346847,Test,5.8
6347295,Control,5.916666666666667
6347403,Test,2.966666666666667
6347963,Control,6.516666666666667
6347970,Test,14.566666666666666
6347993,Test,1.5333333333333334
6348683,Test,9.1
6348754,Test,2.7333333333333334
6348769,Test,2.45
6348972,Test,2.35
6348982,Test,6.716666666666667
6349231,Test,5.25
6349753,Control,9.533333333333333
6349899,Control,12.583333333333334
6350771,Test,1.55
6350886,Control,1.7
6351080,Control,6.233333333333333
6351281,Control,8.183333333333334
6351594,Control,4.233333333333333
6351623,Test,1.7166666666666666
6351678,Control,4.866666666666666
6351681,Control,7.266666666666667
6351716,Control,8.366666666666667
6352249,Control,3.7666666666666666
6352379,Test,6.616666666666666
6352453,Test,3.566666666666667
6352478,Control,9.716666666666667
6352915,Test,2.783333333333333
6353212,Test,8.733333333333333
6353311,Test,3.183333333333333
6353548,Control,4.7
6353848,Test,19.0
6354136,Control,1.0166666666666666
6354379,Test,2.55
6354538,Test,2.566666666666667
6354599,Control,2.433333333333333
6355166,Control,2.1666666666666665
6355297,Control,3.2333333333333334
6355360,Test,9.45
6355445,Control,2.35
6355889,Test,1.6833333333333333
6356056,Control,5.033333333333333
6356072,Control,17.233333333333334
6356189,Control,42.583333333333336
6356481,Test,1.95
6356540,Test,2.9
6356888,Control,4.933333333333334
6357515,Control,6.716666666666667
6358605,Test,8.566666666666666
6358771,Test,2.183333333333333
6359009,Test,4.716666666666667
6359098,Test,3.033333333333333
6359472,Test,24.883333333333333
6359481,Control,4.166666666666667
6359549,Control,7.766666666666667
6359735,Control,4.95
6360074,Control,4.166666666666667
6360216,Control,4.45
6360509,Test,2.7666666666666666
6360654,Test,1.3833333333333333
6360749,Test,7.266666666666667
6361144,Control,2.3833333333333333
6361294,Test,3.6
6361486,Test,2.1166666666666667
6362027,Test,8.983333333333333
6362224,Test,4.683333333333334
6362415,Control,2.6666666666666665
6363082,Control,7.416666666666667
6363157,Test,5.25
6363396,Control,2.5
6363669,Control,4.366666666666666
6364554,Control,1.5333333333333334
6364973,Control,7.433333333333334
6365047,Test,4.266666666666667
6365485,Control,10.033333333333333
6365541,Test,12.066666666666666
6365618,Test,4.433333333333334
6366145,Test,3.0833333333333335
6366339,Test,3.4
6366590,Control,9.6
6366969,Test,2.033333333333333
6367259,Test,11.0
6367405,Test,11.166666666666666
6367474,Test,4.016666666666667
6367708,Test,13.616666666666667
6368153,Test,33.43333333333333
6368257,Test,4.4
6368506,Control,2.7
6369921,Control,4.666666666666667
6370180,Test,4.15
6370233,Test,5.433333333333334
6370506,Control,3.4833333333333334
6370960,Control,4.916666666666667
6371570,Test,7.983333333333333
6371663,Control,2.533333333333333
6372038,Control,1.8166666666666667
6372796,Test,3.716666666666667
6373357,Test,3.55
6373368,Control,6.333333333333333
6373411,Test,4.883333333333334
6373497,Test,10.483333333333333
6373694,Control,4.733333333333333
6374240,Control,6.216666666666667
6374406,Control,8.383333333333333
6374667,Control,3.3
6374678,Test,2.4166666666666665
6374988,Control,2.9
6375523,Test,2.533333333333333
6375571,Control,1.85
6375577,Control,7.166666666666667
6375834,Control,2.183333333333333
6375896,Test,7.3
6376323,Test,5.85
6377455,Control,13.983333333333333
6377511,Test,4.25
6377949,Control,6.35
6378155,Test,3.8833333333333333
6379127,Control,6.116666666666666
6379275,Control,2.4833333333333334
6379532,Control,1.65
6379542,Test,2.3333333333333335
6379561,Test,33.56666666666667
6379843,Test,4.2
6380010,Control,1.6
6380570,Test,6.316666666666666
6380601,Test,2.8666666666666667
6381407,Test,1.6166666666666667
6381868,Test,5.233333333333333
6382317,Control,10.016666666666667
6382704,Test,8.95
6382757,Test,1.5833333333333333
6383242,Control,1.8833333333333333
6383500,Test,3.3666666666666667
6383826,Control,6.416666666666667
6383888,Control,3.466666666666667
6384122,Test,6.25
6384397,Control,2.6
6384600,Control,5.0
6384753,Control,3.6166666666666667
6385101,Test,9.383333333333333
6385395,Test,2.9166666666666665
6385477,Test,8.1
6386134,Test,3.05
6386706,Test,11.016666666666667
6386902,Test,2.7
6389276,Test,4.666666666666667
6389349,Control,3.783333333333333
6389521,Control,9.35
6389654,Test,4.633333333333334
6389839,Test,2.033333333333333
6389951,Control,3.7
6390205,Control,45.583333333333336
6390827,Test,3.7333333333333334
6391101,Control,3.3833333333333333
6391313,Test,5.133333333333334
6391371,Control,5.65
6391818,Control,3.8666666666666667
6392249,Test,2.0
6393514,Test,5.316666666666666
6393896,Test,6.383333333333334
6394082,Control,5.0
6394297,Control,3.533333333333333
6394402,Test,1.9166666666666667
6394421,Control,10.833333333333334
6394638,Control,3.2333333333333334
6395301,Test,2.2666666666666666
6395464,Control,5.333333333333333
6395654,Test,3.4833333333333334
6395897,Test,3.3666666666666667
6396533,Control,4.483333333333333
6396836,Test,2.533333333333333
6397357,Test,5.616666666666666
6397827,Control,10.65
6398332,Test,8.716666666666667
6398341,Control,3.533333333333333
6398380,Test,7.033333333333333
6399184,Control,2.95
6399218,Test,2.1166666666666667
6399372,Test,1.6666666666666667
6399488,Test,4.35
6399633,Control,4.366666666666666
6400565,Control,3.6166666666666667
6400618,Test,11.2
6400804,Control,2.4
6400868,Control,5.133333333333334
6400888,Control,2.7666666666666666
6401355,Test,1.1
6403610,Test,2.25
6404024,Test,4.533333333333333
6404304,Test,10.833333333333334
6404613,Control,4.066666666666666
6405208,Test,3.033333333333333
6405391,Test,2.25
6405849,Test,4.416666666666667
6405971,Test,13.683333333333334
6406276,Control,5.1
6406288,Test,1.45
6406556,Test,3.0833333333333335
6406779,Test,7.283333333333333
6407036,Test,6.616666666666666
6407166,Control,3.9166666666666665
6407208,Control,3.6166666666666667
6407595,Control,1.2166666666666666
6408345,Control,2.066666666666667
6408586,Test,10.4
6408904,Control,5.433333333333334
6409012,Control,11.866666666666667
6409037,Test,4.933333333333334
6409047,Control,5.166666666666667
6409101,Control,2.45
6409527,Test,4.233333333333333
6409586,Test,2.4
6409786,Control,4.033333333333333
6410394,Test,2.033333333333333
6410961,Control,6.116666666666666
6411046,Test,14.25
6411294,Control,3.4166666666666665
6411659,Test,3.5
6411786,Control,2.25
6412039,Control,9.166666666666666
6412621,Control,10.616666666666667
6412719,Test,1.9333333333333333
6412806,Test,4.166666666666667
6412875,Test,11.766666666666667
6412974,Test,17.4
6413068,Test,5.183333333333334
6413226,Test,10.2
6413572,Test,4.35
6413727,Test,7.033333333333333
6413910,Control,2.8333333333333335
6414378,Test,19.233333333333334
6415360,Test,2.25
6416128,Test,4.333333333333333
6416273,Control,6.05
6416892,Test,5.533333333333333
6417081,Test,1.7
6417444,Test,4.166666666666667
6418037,Test,5.8
6418203,Test,5.25
6418878,Test,15.633333333333333
6419280,Test,9.683333333333334
6420156,Test,1.55
6420479,Test,4.116666666666666
6420655,Test,1.95
6420672,Control,189.18333333333334
6421234,Test,2.6
6421285,Test,1.15
6421319,Control,1.4
6421570,Control,4.5
6421571,Test,3.7666666666666666
6421589,Control,10.466666666666667
6422805,Test,9.516666666666667
6423163,Control,7.55
6423817,Control,2.7666666666666666
6424094,Test,1.35
6425084,Test,5.583333333333333
6425263,Control,3.85
6426294,Control,6.216666666666667
6426623,Control,3.0166666666666666
6426677,Test,4.633333333333334
6426887,Control,2.7
6426942,Test,1.85
6427526,Control,14.883333333333333
6427675,Test,4.416666666666667
6427730,Control,9.083333333333334
6427754,Control,3.1333333333333333
6427940,Control,4.3
6428126,Control,4.45
6428137,Control,4.683333333333334
6428289,Control,4.35
6428469,Test,5.366666666666666
6428716,Control,3.816666666666667
6429753,Test,4.483333333333333
6429856,Control,8.483333333333333
6429939,Test,5.283333333333333
6430083,Control,13.25
6430198,Test,34.61666666666667
6430285,Test,4.416666666666667
6430614,Control,3.4833333333333334
6430825,Test,63.85
6431274,Control,8.283333333333333
6431498,Control,8.266666666666667
6431926,Control,22.966666666666665
6432102,Control,3.1166666666666667
6432920,Test,7.383333333333334
6433105,Test,1.1166666666666667
6433377,Control,3.35
6434330,Control,7.066666666666666
6434694,Control,2.433333333333333
6434927,Test,7.05
6435102,Test,3.3333333333333335
6435592,Test,1.8333333333333333
6435836,Control,4.15
6436049,Control,6.0
6436120,Test,3.75
6436149,Test,11.183333333333334
6437297,Test,2.216666666666667
6437808,Control,10.783333333333333
6438049,Test,43.31666666666667
6438154,Control,4.366666666666666
6438329,Control,2.0
6438658,Control,5.5
6438830,Test,4.016666666666667
6438911,Test,1.7166666666666666
6439183,Test,2.1166666666666667
6439467,Test,5.45
6439921,Test,1.6
6440180,Control,2.15
6440386,Test,44.266666666666666
6441229,Control,7.283333333333333
6441752,Test,3.4
6441802,Control,4.383333333333334
6441862,Control,5.383333333333334
6442081,Test,1.45
6442655,Test,11.25
6443153,Test,1.5166666666666666
6443373,Control,11.683333333333334
6443591,Test,7.65
6443962,Control,5.55
6444119,Test,6.3
6444326,Test,8.466666666666667
6444330,Control,4.233333333333333
6444358,Test,2.966666666666667
6444489,Test,11.433333333333334
6444715,Test,6.316666666666666
6445013,Test,4.266666666666667
6445808,Test,2.1666666666666665
6445823,Control,2.0166666666666666
6446044,Test,4.433333333333334
6446147,Control,2.1
6446475,Control,1.2
6447021,Test,14.65
6447371,Control,2.6166666666666667
6447434,Test,8.583333333333334
6448014,Control,2.783333333333333
6448518,Control,6.7
6448530,Control,2.1666666666666665
6448567,Control,4.366666666666666
6448731,Test,7.75
6449098,Control,12.7
6449665,Test,3.283333333333333
6450029,Control,3.783333333333333
6450072,Test,4.9
6450374,Control,8.8
6450937,Test,11.733333333333333
6451141,Test,11.716666666666667
6451488,Control,2.183333333333333
6451523,Test,10.533333333333333
6451939,Test,6.083333333333333
6452255,Control,3.816666666666667
6452585,Test,4.983333333333333
6452793,Test,2.1333333333333333
6452935,Control,7.783333333333333
6453112,Control,5.2
6453294,Control,3.4
6453847,Test,5.916666666666667
6454703,Test,15.066666666666666
6454945,Control,2.783333333333333
6455955,Control,4.25
6456062,Control,5.75
6456920,Test,2.816666666666667
6456950,Test,5.05
6457533,Control,31.266666666666666
6457558,Test,6.233333333333333
6458159,Test,8.733333333333333
6458206,Test,7.683333333333334
6458249,Test,4.583333333333333
6458491,Control,3.9166666666666665
6459092,Test,5.916666666666667
6459475,Test,2.75
6459655,Control,5.45
6460183,Test,10.2
6460298,Test,1.3166666666666667
6460410,Control,3.6666666666666665
6460756,Control,12.15
6461064,Control,10.716666666666667
6461112,Test,5.883333333333334
6461165,Control,3.7333333333333334
6461303,Test,3.25
6461378,Test,3.75
6461504,Control,9.783333333333333
6462925,Test,5.316666666666666
6463094,Test,2.6333333333333333
6463252,Test,1.3333333333333333
6463305,Control,7.4
6463395,Test,8.816666666666666
6464033,Test,10.783333333333333
6464132,Control,3.65
6464202,Test,3.6166666666666667
6464365,Control,6.116666666666666
6464435,Test,1.5
6464638,Test,3.3333333333333335
6465174,Test,2.716666666666667
6465206,Test,1.3166666666666667
6465512,Test,26.083333333333332
6466137,Test,5.883333333333334
6466884,Control,9.3
6467227,Control,14.0
6467305,Test,1.9
6467551,Control,26.05
6467744,Control,4.166666666666667
6468627,Test,2.4833333333333334
6469127,Test,3.5
6469222,Test,8.633333333333333
6469303,Test,2.65
6469364,Control,10.533333333333333
6469559,Test,2.4166666666666665
6470497,Control,2.5
6470872,Test,1.9
6471227,Test,2.1333333333333333
6471457,Control,4.133333333333334
6471706,Control,2.3333333333333335
6472114,Control,3.283333333333333
6472340,Control,9.9
6472452,Control,33.81666666666667
6472931,Control,1.7833333333333334
6472960,Test,1.3833333333333333
6473315,Test,6.083333333333333
6473365,Control,2.5
6473758,Test,4.283333333333333
6474150,Test,7.683333333333334
6474386,Control,2.6
6474685,Control,9.816666666666666
6474741,Control,2.95
6474767,Control,4.35
6474909,Control,2.3
6475538,Test,6.283333333333333
6475569,Test,9.533333333333333
6475707,Test,1.4666666666666666
6476325,Test,2.033333333333333
6476558,Test,4.133333333333334
6477209,Control,3.1
6477353,Test,1.3
6478662,Test,3.283333333333333
6478722,Test,4.2
6479083,Control,4.416666666666667
6479358,Test,1.4666666666666666
6479455,Test,1.4166666666666667
6479537,Control,2.183333333333333
6479623,Test,14.016666666666667
6480575,Test,10.95
6480704,Test,1.8333333333333333
6480877,Control,2.3
6480906,Control,20.566666666666666
6481853,Test,3.783333333333333
6482354,Control,7.383333333333334
6482517,Control,1.6333333333333333
6482951,Control,1.4166666666666667
6483911,Test,3.816666666666667
6484212,Control,1.3333333333333333
6484236,Control,6.766666666666667
6484437,Test,3.8333333333333335
6484438,Test,10.683333333333334
6484516,Control,13.066666666666666
6484701,Test,3.65
6484938,Test,2.95
6484957,Test,6.466666666666667
6485845,Test,8.1
6485924,Control,2.25
6486255,Control,6.766666666666667
6486733,Control,0.9333333333333333
6487258,Test,6.016666666666667
6487972,Test,7.116666666666666
6488364,Test,5.216666666666667
6488366,Test,1.7333333333333334
6488419,Control,4.15
6488522,Test,22.5
6488651,Control,6.85
6488664,Test,1.95
6488984,Test,4.55
6489602,Control,4.85
6489670,Control,1.1
6490161,Test,1.1333333333333333
6490318,Test,3.716666666666667
6490862,Control,9.683333333333334
6490913,Control,2.816666666666667
6491335,Control,4.383333333333334
6491644,Control,3.0166666666666666
6491803,Test,1.7666666666666666
6492454,Test,3.65
6492638,Control,18.433333333333334
6492992,Control,2.4833333333333334
6493005,Test,8.0
6493011,Test,1.8
6493127,Control,7.066666666666666
6493653,Test,3.466666666666667
6493949,Control,3.1333333333333333
6494165,Test,8.816666666666666
6494495,Control,18.35
6495151,Test,4.883333333333334
6495156,Test,1.4
6495358,Test,2.466666666666667
6495652,Control,2.6166666666666667
6496128,Test,1.7
6496293,Test,1.9
6496436,Test,2.0833333333333335
6496822,Test,6.983333333333333
6497062,Control,10.916666666666666
6497557,Test,5.35
6497656,Test,2.2
6497677,Control,13.183333333333334
6498093,Control,9.15
6498266,Control,1.4833333333333334
6498491,Control,5.616666666666666
6499742,Control,2.9833333333333334
6500076,Test,3.75
6500708,Test,15.166666666666666
6500896,Test,3.2666666666666666
6501008,Test,5.533333333333333
6501135,Test,9.45
6501568,Test,1.9
6501980,Control,2.7333333333333334
6502955,Test,3.7
6503101,Test,2.7333333333333334
6503198,Test,3.5
6503258,Control,2.9
6503866,Control,4.55
6503904,Control,6.233333333333333
6504017,Control,5.316666666666666
6504262,Test,1.3166666666666667
6504363,Test,5.783333333333333
6504585,Control,4.316666666666666
6504614,Control,3.2333333333333334
6504620,Test,4.5
6504699,Test,3.4166666666666665
6505265,Control,6.333333333333333
6505524,Test,12.916666666666666
6505771,Control,9.833333333333334
6506244,Control,6.083333333333333
6506740,Control,21.016666666666666
6506860,Test,3.3
6507041,Control,5.05
6507094,Test,6.05
6507136,Test,3.933333333333333
6507462,Control,3.466666666666667
6507655,Test,4.983333333333333
6508726,Control,2.9166666666666665
6509429,Test,1.8333333333333333
6509749,Test,2.8833333333333333
6510398,Control,6.45
6511523,Control,11.85
6511525,Control,4.883333333333334
6511554,Test,5.466666666666667
6511853,Test,5.266666666666667
6512523,Control,5.45
6512725,Control,1.95
6512809,Control,27.25
6512876,Test,0.9166666666666666
6512974,Test,8.683333333333334
6513232,Test,6.916666666666667
6513478,Control,11.966666666666667
6513675,Control,3.0833333333333335
6513718,Test,2.7
6513834,Control,2.8333333333333335
6514104,Test,7.0
6514196,Test,6.616666666666666
6514711,Control,2.033333333333333
6514712,Control,9.25
6515101,Control,5.333333333333333
6515538,Test,3.75
6516140,Control,3.6333333333333333
6516253,Control,3.0166666666666666
6516858,Control,6.35
6517956,Test,2.2
6517968,Control,5.833333333333333
6518049,Test,2.433333333333333
6518238,Test,5.083333333333333
6518928,Test,2.816666666666667
6518936,Control,2.0833333333333335
6518994,Control,9.433333333333334
6519708,Test,4.783333333333333
6520285,Test,4.85
6520360,Test,2.316666666666667
6521044,Control,6.366666666666666
6521758,Control,3.033333333333333
6521938,Test,6.916666666666667
6522337,Control,58.71666666666667
6522942,Test,6.683333333333334
6523060,Test,3.6166666666666667
6523409,Test,22.316666666666666
6524118,Test,2.3333333333333335
6524126,Control,3.15
6524783,Test,1.8166666666666667
6524810,Test,3.6
6524861,Test,12.366666666666667
6525007,Test,4.266666666666667
6525271,Test,4.383333333333334
6525364,Control,3.216666666666667
6525408,Test,1.45
6525417,Control,4.916666666666667
6525521,Control,2.283333333333333
6526012,Control,9.983333333333333
6526022,Control,20.183333333333334
6526646,Control,1.5333333333333334
6526701,Control,4.283333333333333
6526971,Test,1.15
6527546,Test,14.133333333333333
6528051,Test,3.033333333333333
6528295,Control,5.516666666666667
6528441,Control,4.483333333333333
6528570,Test,1.6833333333333333
6528621,Control,4.3
6528661,Test,6.816666666666666
6529144,Test,2.466666666666667
6529451,Control,6.983333333333333
6529790,Control,2.3666666666666667
6530035,Control,3.7666666666666666
6530134,Control,3.316666666666667
6531046,Test,21.65
6531047,Test,1.8
6531383,Control,2.433333333333333
6533052,Control,2.95
6534022,Test,0.9333333333333333
6535460,Control,6.366666666666666
6535723,Control,7.616666666666666
6536011,Test,4.283333333333333
6536067,Test,1.5666666666666667
6536391,Control,6.766666666666667
6536409,Test,15.483333333333333
6537109,Control,5.183333333333334
6537286,Test,2.316666666666667
6537374,Control,1.4333333333333333
6538326,Test,7.533333333333333
6538746,Test,1.5166666666666666
6538820,Test,1.5333333333333334
6538963,Control,3.7
6539202,Control,0.9666666666666667
6539335,Control,6.016666666666667
6539582,Control,13.416666666666666
6539625,Test,1.2333333333333334
6541346,Control,2.4166666666666665
6541507,Test,1.6833333333333333
6542287,Test,2.4833333333333334
6542682,Control,5.45
6542956,Control,2.9833333333333334
6543439,Control,8.333333333333334
6543689,Test,2.3666666666666667
6543742,Control,1.5666666666666667
6543959,Test,1.9833333333333334
6544132,Test,2.183333333333333
6544190,Test,2.966666666666667
6544888,Control,2.4
6544929,Test,5.133333333333334
6545023,Test,5.833333333333333
6545212,Test,1.65
6545342,Test,2.216666666666667
6545574,Test,35.483333333333334
6545703,Control,3.8666666666666667
6545776,Test,25.333333333333332
6545826,Control,9.066666666666666
6545883,Test,2.55
6546338,Test,2.8333333333333335
6546420,Control,2.783333333333333
6546787,Test,5.683333333333334
6547498,Test,2.65
6547645,Test,1.8
6547653,Test,3.2666666666666666
6547909,Control,17.983333333333334
6548321,Test,6.716666666666667
6548382,Test,12.866666666666667
6548727,Control,4.6
6548983,Test,19.633333333333333
6549579,Test,2.4166666666666665
6549730,Control,5.066666666666666
6549788,Control,4.833333333333333
6550550,Control,6.8
6550982,Control,3.05
6551005,Test,6.75
6551109,Control,4.616666666666666
6551602,Control,5.566666666666666
6551678,Control,1.9666666666666666
6552010,Test,3.65
6552948,Test,7.233333333333333
6553321,Control,3.183333333333333
6553450,Test,23.583333333333332
6553545,Test,4.783333333333333
6553647,Test,4.116666666666666
6553810,Test,10.433333333333334
6553881,Test,11.983333333333333
6554362,Test,2.316666666666667
6554745,Control,5.133333333333334
6554914,Test,4.383333333333334
6555565,Test,2.05
6555609,Control,7.083333333333333
6555622,Control,7.533333333333333
6555644,Test,5.483333333333333
6556240,Test,7.1
6556332,Test,5.75
6558342,Test,2.183333333333333
6558833,Control,18.916666666666668
6559023,Control,11.45
6559072,Control,14.616666666666667
6559843,Test,2.4833333333333334
6560561,Test,4.05
6560734,Test,1.8
6561991,Test,2.066666666666667
6563551,Control,2.2666666666666666
6563813,Test,4.15
6564341,Test,3.933333333333333
6564529,Control,3.55
6564761,Test,7.75
6564837,Test,3.4
6564909,Test,2.8
6564976,Control,11.05
6565221,Test,1.3833333333333333
6565387,Control,10.5
6565725,Control,5.866666666666666
6566073,Control,5.083333333333333
6566847,Test,12.35
6567096,Test,1.8833333333333333
6567268,Test,2.4
6567837,Test,3.0833333333333335
6568225,Test,3.933333333333333
6568325,Control,4.25
6568477,Control,3.683333333333333
6568609,Test,4.783333333333333
6569187,Control,5.716666666666667
6571183,Control,5.5
6571200,Control,1.4833333333333334
6571308,Control,21.083333333333332
6571403,Control,5.383333333333334
6571419,Test,5.616666666666666
6571458,Test,3.6666666666666665
6571707,Control,8.9
6572513,Control,1.8166666666666667
6573015,Control,15.433333333333334
6573176,Test,8.25
6573375,Test,5.9
6573458,Test,26.85
6573672,Control,6.083333333333333
6573809,Test,5.65
6574018,Test,1.9833333333333334
6574408,Test,11.833333333333334
6574716,Control,12.35
6575347,Test,15.083333333333334
6575520,Control,1.2333333333333334
6575566,Control,6.033333333333333
6576498,Test,7.366666666666666
6576518,Test,1.6333333333333333
6576648,Control,7.366666666666666
6576739,Test,17.133333333333333
6576742,Test,15.0
6576898,Control,3.0166666666666666
6577121,Test,1.75
6577144,Control,8.85
6577157,Test,5.116666666666666
6577607,Control,6.0
6578585,Control,3.783333333333333
6578768,Control,3.25
6578879,Test,5.683333333333334
6578914,Test,2.9166666666666665
6579097,Control,9.733333333333333
6579110,Control,9.5
6579345,Test,18.633333333333333
6579408,Control,3.0166666666666666
6579471,Control,3.283333333333333
6579774,Control,2.566666666666667
6579971,Test,5.366666666666666
6580232,Test,10.183333333333334
6580700,Control,9.266666666666667
6581322,Test,2.283333333333333
6581548,Control,1.6833333333333333
6581832,Test,2.283333333333333
6582564,Test,4.183333333333334
6582932,Control,1.8666666666666667
6582979,Control,3.683333333333333
6583172,Control,2.45
6583380,Control,5.516666666666667
6583420,Control,3.3833333333333333
6583508,Test,1.5
6583985,Control,8.866666666666667
6584723,Control,1.1833333333333333
6584763,Control,5.15
6584878,Test,5.133333333333334
6584990,Control,3.5166666666666666
6585563,Test,4.25
6585877,Control,9.383333333333333
6586073,Test,2.35
6586093,Test,3.466666666666667
6586221,Control,4.316666666666666
6586284,Control,6.833333333333333
6586396,Control,4.683333333333334
6586594,Test,3.7666666666666666
6586655,Control,17.083333333333332
6586925,Test,8.65
6587026,Control,5.633333333333334
6587114,Control,6.4
6587845,Test,8.466666666666667
6588578,Control,1.3666666666666667
6588643,Control,6.2
6589685,Test,22.65
6589853,Test,1.7166666666666666
6589939,Control,7.3
6590312,Control,2.2666666666666666
6590646,Test,1.7833333333333334
6591498,Test,2.05
6593434,Control,13.183333333333334
6593440,Test,20.25
6593447,Control,4.566666666666666
6593577,Control,1.3333333333333333
6593913,Test,16.383333333333333
6594076,Control,1.75
6594655,Test,8.216666666666667
6594759,Control,1.9166666666666667
6594813,Control,4.35
6595011,Test,3.316666666666667
6595036,Control,8.116666666666667
6595516,Test,2.0
6595891,Control,2.5166666666666666
6596167,Control,20.533333333333335
6596822,Test,5.166666666666667
6597238,Test,3.0
6597337,Control,1.9666666666666666
6597561,Control,4.266666666666667
6597999,Control,1.9166666666666667
6598277,Test,5.15
6598688,Control,2.2
6599610,Control,8.55
6599771,Control,15.983333333333333
6599844,Test,2.25
6599910,Control,9.9
6600155,Test,2.95
6601169,Control,4.2
6601257,Test,2.75
6601330,Test,2.716666666666667
6601357,Control,1.95
6601433,Test,4.766666666666667
6601486,Test,3.216666666666667
6601679,Control,1.8666666666666667
6601821,Control,13.883333333333333
6601933,Test,4.883333333333334
6602198,Test,2.5833333333333335
6602327,Control,7.05
6602331,Test,2.033333333333333
6602749,Test,4.583333333333333
6603236,Control,5.55
6603420,Test,4.233333333333333
6604127,Test,5.8
6604463,Test,46.4
6604868,Test,4.433333333333334
6605153,Control,9.8
6605571,Test,1.7333333333333334
6605764,Test,5.216666666666667
6605778,Test,2.683333333333333
6606171,Control,2.5833333333333335
6607716,Test,13.033333333333333
6608109,Test,4.916666666666667
6608139,Test,4.75
6608434,Test,8.633333333333333
6608763,Test,8.966666666666667
6608771,Control,3.35
6608805,Test,21.933333333333334
6609008,Test,7.85
6609097,Control,19.316666666666666
6609309,Test,6.366666666666666
6609552,Control,12.15
6610435,Control,5.95
6610470,Control,4.25
6610689,Control,9.05
6611235,Test,6.733333333333333
6611712,Control,4.55
6611713,Control,8.233333333333333
6611930,Test,1.6333333333333333
6612679,Control,6.366666666666666
6613304,Test,7.483333333333333
6613758,Test,7.066666666666666
6613940,Test,2.1
6614334,Test,8.233333333333333
6614435,Control,8.616666666666667
6615405,Control,18.766666666666666
6615461,Control,3.5166666666666666
6615698,Test,13.55
6615993,Test,6.233333333333333
6616200,Test,1.6
6616931,Test,6.316666666666666
6617037,Control,9.633333333333333
6617331,Control,2.5
6617613,Test,4.816666666666666
6618173,Test,40.18333333333333
6618240,Test,8.216666666666667
6618281,Control,2.0833333333333335
6618377,Control,2.25
6618689,Test,4.916666666666667
6618772,Test,2.683333333333333
6618847,Control,4.55
6619164,Test,2.183333333333333
6620013,Test,5.833333333333333
6620125,Test,2.85
6620178,Control,2.433333333333333
6620635,Test,2.5166666666666666
6620810,Test,3.8666666666666667
6621196,Test,6.7
6621256,Control,11.85
6621265,Control,7.816666666666666
6621477,Test,7.816666666666666
6621608,Control,4.95
6621623,Test,4.466666666666667
6621927,Test,4.2
6622069,Test,6.783333333333333
6622182,Test,5.033333333333333
6622347,Control,6.75
6622812,Test,5.783333333333333
6623011,Test,2.466666666666667
6623167,Control,3.4
6623236,Control,5.6
6623614,Control,3.7666666666666666
6623816,Test,1.2166666666666666
6624274,Control,4.333333333333333
6624374,Control,14.4
6624712,Test,1.75
6625127,Control,15.15
6625594,Test,3.9166666666666665
6625648,Control,2.5
6625740,Test,1.45
6626147,Test,3.1666666666666665
6626469,Test,4.916666666666667
6626778,Control,5.366666666666666
6627355,Control,1.5333333333333334
6627522,Test,10.566666666666666
6627715,Test,3.5166666666666666
6629042,Test,2.1666666666666665
6629347,Control,5.233333333333333
6629661,Control,1.2833333333333334
6629974,Test,7.433333333333334
6630292,Control,6.633333333333334
6630494,Control,4.583333333333333
6630645,Control,14.833333333333334
6630684,Control,1.6166666666666667
6631338,Test,5.133333333333334
6631427,Test,3.15
6631446,Test,4.816666666666666
6631740,Control,1.8166666666666667
6632127,Test,1.6333333333333333
6632249,Test,7.133333333333334
6632616,Test,9.783333333333333
6632683,Test,3.8333333333333335
6633180,Test,3.566666666666667
6633300,Control,18.183333333333334
6633386,Test,2.8
6634320,Test,1.3666666666666667
6634454,Test,3.6
6634826,Control,3.716666666666667
6635364,Test,11.366666666666667
6635407,Test,2.45
6635759,Control,2.3666666666666667
6635872,Test,7.75
6636252,Test,2.3333333333333335
6636581,Test,9.283333333333333
6636656,Test,2.9166666666666665
6636732,Test,1.5333333333333334
6636812,Test,5.816666666666666
6637097,Test,2.9833333333333334
6637243,Test,6.783333333333333
6637378,Test,1.4333333333333333
6638024,Test,4.666666666666667
6638030,Test,15.366666666666667
6638301,Test,3.85
6638493,Test,7.616666666666666
6639053,Control,2.4833333333333334
6639204,Control,4.483333333333333
6639362,Test,3.95
6639436,Control,4.85
6639480,Control,30.166666666666668
6639818,Test,3.4
6640188,Control,3.9833333333333334
6640295,Control,3.683333333333333
6640692,Test,1.3
6640815,Control,6.633333333333334
6641231,Control,2.9
6641842,Control,2.6166666666666667
6641855,Control,11.05
6641923,Test,4.083333333333333
6642024,Control,32.25
6642182,Control,3.6166666666666667
6642237,Control,3.816666666666667
6642557,Test,10.65
6642683,Control,4.116666666666666
6642857,Control,4.733333333333333
6642867,Test,2.033333333333333
6642950,Test,2.3666666666666667
6643288,Test,5.65
6643372,Test,9.8
6643741,Control,3.6666666666666665
6644139,Control,1.9
6644477,Test,7.983333333333333
6645179,Test,3.05
6645335,Control,9.066666666666666
6645565,Test,4.116666666666666
6645680,Control,2.85
6646092,Test,5.733333333333333
6646483,Test,4.1
6646597,Test,5.233333333333333
6646736,Test,1.8833333333333333
6646769,Test,1.2333333333333334
6647386,Test,2.6166666666666667
6647890,Test,2.8833333333333333
6648032,Control,1.6833333333333333
6648294,Control,12.0
6648633,Test,2.1
6648952,Test,10.983333333333333
6648976,Control,4.116666666666666
6649052,Control,10.783333333333333
6649090,Control,4.4
6649463,Control,7.433333333333334
6650238,Control,1.8166666666666667
6650285,Test,1.9166666666666667
6650353,Control,8.666666666666666
6650440,Test,2.1
6650453,Control,16.45
6650565,Control,3.3333333333333335
6651005,Control,10.016666666666667
6651029,Test,2.8666666666666667
6651108,Test,6.383333333333334
6651273,Control,1.8333333333333333
6651403,Control,10.35
6651608,Test,8.4
6651764,Test,6.966666666666667
6652360,Test,8.85
6652399,Control,3.4833333333333334
6652467,Control,5.2
6652997,Control,2.45
6653347,Control,7.316666666666666
6653427,Test,3.6166666666666667
6654261,Control,8.1
6654494,Control,13.666666666666666
6654500,Control,8.45
6654915,Control,17.75
6654998,Control,1.2666666666666666
6655084,Control,3.466666666666667
6655544,Control,6.316666666666666
6656548,Control,1.6
6657865,Test,4.333333333333333
6658882,Test,2.433333333333333
6659716,Test,2.8833333333333333
6660293,Control,2.85
6660436,Test,7.5
6660518,Control,4.3
6660610,Control,2.1333333333333333
6660788,Control,3.1666666666666665
6661074,Control,6.883333333333334
6662507,Test,3.3666666666666667
6662664,Control,1.6166666666666667
6662704,Test,3.6333333333333333
6662774,Control,6.966666666666667
6662779,Test,4.65
6662941,Control,4.216666666666667
6663225,Control,5.65
6663540,Control,12.8
6663642,Test,2.283333333333333
6663933,Control,1.8666666666666667
6664483,Control,3.8
6664865,Control,1.7333333333333334
6665261,Control,5.483333333333333
6665985,Test,5.166666666666667
6666050,Control,8.016666666666667
6666419,Test,4.4
6666681,Control,4.9
6667120,Control,5.533333333333333
6668301,Test,4.5
6668893,Test,3.183333333333333
6669090,Test,1.9166666666666667
6669562,Test,2.2333333333333334
6669699,Control,12.133333333333333
6669765,Control,9.983333333333333
6670049,Control,2.0
6670096,Control,8.516666666666667
6670228,Test,28.616666666666667
6670634,Test,1.55
6670822,Control,1.35
6670895,Test,3.716666666666667
6671189,Test,2.683333333333333
6671416,Control,3.4
6671677,Test,1.65
6671803,Control,1.9
6671813,Test,19.3
6672315,Test,2.0
6672348,Test,3.0166666666666666
6672517,Test,2.6166666666666667
6672577,Test,7.383333333333334
6672662,Control,4.45
6673027,Control,7.333333333333333
6673351,Control,8.85
6673476,Test,3.4
6673674,Control,3.65
6673743,Control,7.083333333333333
6673860,Control,4.216666666666667
6674079,Control,18.833333333333332
6674162,Control,11.766666666666667
6674314,Control,3.6
6674579,Test,5.7
6674813,Test,2.533333333333333
6675460,Control,1.9
6675629,Test,1.7166666666666666
6675679,Control,4.133333333333334
6675974,Control,1.9
6676535,Test,7.85
6677009,Test,4.133333333333334
6677359,Control,3.3833333333333333
6678024,Control,2.15
6678573,Control,1.8666666666666667
6678840,Test,6.8
6678867,Test,2.283333333333333
6679090,Test,5.566666666666666
6679450,Test,3.7
6679624,Control,2.6
6679700,Control,3.216666666666667
6679780,Test,4.75
6680204,Test,1.95
6680266,Control,4.633333333333334
6680536,Test,1.9833333333333334
6680845,Control,2.316666666666667
6680855,Control,5.416666666666667
6680926,Test,2.8333333333333335
6681156,Test,1.65
6681315,Test,7.583333333333333
6681352,Control,2.6333333333333333
6681381,Control,2.95
6681904,Control,3.316666666666667
6682559,Test,1.5166666666666666
6683172,Control,12.866666666666667
6683397,Test,12.516666666666667
6683468,Control,10.716666666666667
6683515,Control,5.05
6683529,Test,20.783333333333335
6683623,Test,2.2333333333333334
6684015,Test,1.1
6684024,Test,4.716666666666667
6684040,Test,6.133333333333334
6684091,Control,4.583333333333333
6685212,Control,2.1166666666666667
6685261,Test,2.316666666666667
6685654,Test,8.466666666666667
6685904,Control,8.8
6686178,Test,4.916666666666667
6686652,Control,9.816666666666666
6686840,Test,85.05
6687495,Test,2.716666666666667
6688350,Test,5.5
6689315,Control,1.9166666666666667
6689922,Test,22.1
6690242,Control,6.05
6690373,Test,7.3
6690491,Test,4.466666666666667
6690524,Test,4.2
6690600,Test,4.783333333333333
6690695,Test,5.433333333333334
6690779,Control,4.083333333333333
6690967,Test,2.45
6691456,Test,5.983333333333333
6691729,Test,38.166666666666664
6692080,Test,6.133333333333334
6692086,Test,1.8333333333333333
6692718,Control,9.233333333333333
6693164,Control,8.75
6693627,Test,5.133333333333334
6693817,Test,3.4166666666666665
6694109,Control,3.45
6694519,Test,2.7666666666666666
6694625,Control,1.6
6694635,Test,1.3166666666666667
6694931,Control,2.05
6695556,Test,24.716666666666665
6695772,Control,9.75
6696565,Control,2.5166666666666666
6696830,Test,5.2
6697214,Test,13.3
6697221,Control,4.033333333333333
6697350,Test,4.783333333333333
6697918,Control,3.95
6697932,Test,33.266666666666666
6698031,Test,3.2666666666666666
6698105,Control,20.666666666666668
6698397,Control,5.283333333333333
6699269,Test,133.41666666666666
6699354,Test,3.9166666666666665
6700604,Control,1.7333333333333334
6700735,Test,2.65
6700779,Test,7.016666666666667
6701380,Test,5.1
6701406,Control,4.733333333333333
6701737,Control,2.45
6702142,Test,7.216666666666667
6702347,Test,2.433333333333333
6702540,Test,3.45
6702809,Control,1.0833333333333333
6703708,Control,1.9833333333333334
6704422,Test,1.5833333333333333
6704467,Test,9.75
6705041,Control,4.15
6705487,Test,2.066666666666667
6705689,Control,17.066666666666666
6705909,Control,9.166666666666666
6706099,Control,10.833333333333334
6706209,Test,20.683333333333334
6706216,Test,3.5
6706517,Test,4.216666666666667
6706745,Test,2.033333333333333
6707401,Test,2.2
6707447,Test,7.05
6707547,Control,2.1666666666666665
6707552,Control,1.65
6708001,Control,18.433333333333334
6708228,Test,2.783333333333333
6708593,Test,2.033333333333333
6708756,Test,10.95
6708869,Test,1.1333333333333333
6709931,Test,12.2
6710265,Control,4.5
6710934,Test,5.183333333333334
6711126,Control,5.216666666666667
6712257,Test,4.0
6712609,Test,6.45
6713112,Test,11.05
6713168,Control,2.3
6713641,Control,5.35
6713897,Test,1.2333333333333334
6713938,Test,3.4833333333333334
6714002,Control,3.4
6714049,Test,7.05
6715259,Control,3.8
6715932,Control,2.7666666666666666
6716032,Control,2.283333333333333
6716143,Test,2.8
6716321,Test,4.0
6716810,Test,5.916666666666667
6716899,Test,2.9
6717308,Test,6.0
6717348,Test,1.4333333333333333
6717435,Control,15.7
6717563,Test,5.55
6717584,Test,10.0
6718212,Test,8.866666666666667
6718604,Control,2.783333333333333
6718948,Test,14.45
6719019,Control,2.15
6719426,Control,6.466666666666667
6719638,Control,5.266666666666667
6719942,Test,3.55
6720385,Control,2.8666666666666667
6720405,Test,7.05
6720587,Control,4.233333333333333
6720861,Control,5.55
6720918,Control,2.1333333333333333
6721132,Test,2.25
6721172,Test,7.733333333333333
6721343,Control,19.35
6721743,Test,3.7333333333333334
6722816,Control,2.25
6723051,Control,3.85
6723134,Test,2.6666666666666665
6723429,Control,2.466666666666667
6723488,Test,6.4
6724007,Control,6.2
6724190,Test,2.283333333333333
6724494,Test,2.533333333333333
6724757,Test,10.65
6724797,Control,5.5
6725481,Test,2.6666666666666665
6725598,Test,8.016666666666667
6725918,Control,8.5
6726661,Test,10.516666666666667
6726784,Test,5.416666666666667
6727127,Test,2.0
6727202,Control,3.3666666666666667
6727214,Test,19.433333333333334
6727416,Control,0.9833333333333333
6727553,Control,2.8333333333333335
6728139,Test,16.783333333333335
6728175,Control,55.6
6729043,Test,6.366666666666666
6729609,Test,2.3833333333333333
6729737,Control,2.0166666666666666
6730422,Control,18.35
6730435,Test,3.5166666666666666
6730486,Test,2.2
6730766,Control,1.9
6730798,Test,4.5
6731059,Control,7.6
6731163,Test,4.866666666666666
6731223,Control,13.133333333333333
6731265,Test,18.716666666666665
6731549,Test,6.0
6731722,Test,3.3333333333333335
6732209,Control,7.0
6732360,Control,5.016666666666667
6733557,Test,2.5
6733648,Test,4.2
6733674,Test,7.566666666666666
6734035,Control,2.8666666666666667
6734072,Control,12.15
6734265,Control,2.8833333333333333
6734390,Test,4.8
6734507,Control,6.383333333333334
6735012,Control,1.7333333333333334
6735099,Control,5.816666666666666
6735618,Control,5.7
6735671,Test,7.0
6735693,Test,38.416666666666664
6736331,Control,6.35
6736705,Test,4.316666666666666
6737057,Test,4.5
6737389,Test,23.766666666666666
6737425,Test,5.483333333333333
6737681,Control,23.0
6737832,Test,5.1
6737992,Control,5.95
6738439,Control,3.0833333333333335
6739359,Control,8.016666666666667
6739923,Control,4.316666666666666
6740381,Control,1.8666666666666667
6740416,Control,11.283333333333333
6740819,Control,3.5833333333333335
6740875,Control,8.3
6741190,Test,12.6
6741208,Test,7.983333333333333
6741425,Control,9.816666666666666
6741529,Control,1.6
6741642,Control,2.4
6742370,Test,1.35
6742438,Test,6.45
6742547,Test,3.3
6742624,Control,17.433333333333334
6742711,Test,2.2666666666666666
6743235,Test,9.666666666666666
6743414,Control,3.7666666666666666
6743650,Control,25.366666666666667
6743658,Test,2.3333333333333335
6744155,Test,16.533333333333335
6744273,Test,5.716666666666667
6744278,Test,7.183333333333334
6744430,Test,7.733333333333333
6744614,Control,4.133333333333334
6744669,Test,7.683333333333334
6744887,Test,9.883333333333333
6744969,Control,13.466666666666667
6745024,Test,3.2333333333333334
6745422,Control,3.4166666666666665
6745557,Control,2.05
6745785,Test,3.4166666666666665
6746464,Control,4.916666666666667
6746595,Test,8.833333333333334
6746649,Test,4.916666666666667
6747044,Control,2.2
6747182,Control,2.3833333333333333
6747431,Control,1.9166666666666667
6747770,Control,10.583333333333334
6747997,Control,5.583333333333333
6748736,Control,5.533333333333333
6749393,Test,6.466666666666667
6750249,Test,6.216666666666667
6750548,Test,3.6
6750632,Control,7.15
6751070,Test,18.233333333333334
6751263,Test,2.9166666666666665
6751438,Test,3.3333333333333335
6751640,Test,3.7333333333333334
6751787,Control,3.9833333333333334
6751805,Test,4.05
6751813,Test,20.666666666666668
6751866,Control,3.7666666666666666
6752043,Test,10.116666666666667
6752359,Control,12.583333333333334
6752369,Control,8.5
6752957,Test,1.9833333333333334
6753738,Control,6.683333333333334
6754236,Control,4.483333333333333
6754609,Test,13.366666666666667
6754772,Control,1.6833333333333333
6754811,Control,9.6
6754992,Control,6.683333333333334
6755447,Test,1.5833333333333333
6755742,Control,6.833333333333333
6756354,Control,3.466666666666667
6756415,Test,4.616666666666666
6756469,Test,5.116666666666666
6756488,Control,4.066666666666666
6757324,Test,6.783333333333333
6757513,Control,5.033333333333333
6757761,Control,24.666666666666668
6758365,Control,7.933333333333334
6759025,Control,1.8666666666666667
6759065,Test,3.933333333333333
6759344,Control,7.65
6759484,Control,2.966666666666667
6759765,Control,13.45
6759841,Test,57.516666666666666
6760017,Test,2.6666666666666665
6760519,Test,1.3666666666666667
6760634,Control,2.2666666666666666
6760686,Test,5.183333333333334
6760966,Control,3.8833333333333333
6761711,Test,2.1333333333333333
6762080,Test,9.183333333333334
6762377,Test,9.1
6762636,Test,14.75
6763418,Control,2.0
6763479,Test,4.966666666666667
6763636,Control,3.2666666666666666
6763898,Test,2.466666666666667
6764307,Test,2.7666666666666666
6764466,Control,1.8
6764885,Test,6.033333333333333
6765412,Control,2.6666666666666665
6765419,Test,5.683333333333334
6765501,Control,6.483333333333333
6765925,Control,4.483333333333333
6766787,Test,33.71666666666667
6766816,Test,31.966666666666665
6766995,Control,3.183333333333333
6767276,Control,9.733333333333333
6767637,Control,64.31666666666666
6767733,Test,16.866666666666667
6767899,Control,3.033333333333333
6767956,Test,8.316666666666666
6768081,Control,3.533333333333333
6768127,Test,2.2
6768335,Control,5.8
6768346,Test,12.05
6768601,Test,4.433333333333334
6768605,Control,4.733333333333333
6768887,Control,8.466666666666667
6768904,Test,4.866666666666666
6768983,Test,9.25
6770563,Test,1.9166666666666667
6770715,Test,1.85
6770720,Control,6.233333333333333
6770783,Test,1.8166666666666667
6772022,Test,6.683333333333334
6772517,Control,7.0
6772518,Test,23.733333333333334
6773041,Control,2.1
6773240,Control,8.166666666666666
6773284,Test,3.9833333333333334
6773458,Control,4.85
6773463,Test,4.8
6773877,Control,1.95
6773952,Control,20.266666666666666
6774011,Test,2.2333333333333334
6774181,Test,2.6333333333333333
6774498,Control,22.883333333333333
6774605,Test,3.316666666666667
6774612,Test,3.3
6774658,Control,11.816666666666666
6774721,Control,8.066666666666666
6774933,Test,1.6166666666666667
6774962,Test,7.716666666666667
6775330,Test,7.716666666666667
6776051,Control,4.083333333333333
6776162,Test,2.2
6776434,Control,10.033333333333333
6776903,Test,2.1333333333333333
6777171,Control,4.816666666666666
6777405,Control,1.5833333333333333
6777821,Control,2.0
6777842,Control,1.2333333333333334
6778500,Control,2.0833333333333335
6778936,Test,5.5
6780235,Test,1.8
6780449,Control,3.966666666666667
6780608,Control,12.25
6780846,Control,3.95
6780970,Test,4.45
6781284,Test,4.016666666666667
6781497,Control,13.966666666666667
6781756,Test,5.383333333333334
6782034,Control,5.183333333333334
6783086,Control,7.483333333333333
6783119,Control,2.3333333333333335
6783445,Test,2.7333333333333334
6783480,Test,8.383333333333333
6783693,Control,1.2166666666666666
6783713,Test,2.35
6784540,Control,2.066666666666667
6784676,Test,0.9666666666666667
6784834,Control,11.016666666666667
6784951,Test,3.283333333333333
6785076,Control,3.1166666666666667
6785690,Control,2.0
6785921,Test,15.933333333333334
6786194,Control,3.3666666666666667
6786297,Control,5.15
6786786,Test,3.0
6787331,Test,2.2
6787400,Test,4.616666666666666
6787673,Control,3.9833333333333334
6787766,Test,7.366666666666666
6787999,Test,3.8833333333333333
6789339,Test,29.483333333333334
6789992,Control,4.283333333333333
6791193,Test,2.783333333333333
6791214,Control,10.55
6791344,Control,5.316666666666666
6791485,Test,2.0166666666666666
6791528,Control,1.8333333333333333
6791698,Test,2.35
6791809,Test,6.25
6791845,Test,2.4
6791950,Control,4.716666666666667
6792052,Test,4.016666666666667
6792182,Test,24.85
6793099,Control,4.833333333333333
6793284,Test,18.75
6793307,Control,11.483333333333333
6793640,Control,10.85
6794096,Test,3.0166666666666666
6794107,Control,2.4
6794455,Test,2.9833333333333334
6795104,Test,2.1166666666666667
6795578,Control,6.483333333333333
6795686,Control,3.783333333333333
6795991,Test,8.2
6796179,Control,8.466666666666667
6796240,Control,2.25
6796441,Test,0.8666666666666667
6796821,Control,26.616666666666667
6797402,Control,18.3
6797579,Test,3.7333333333333334
6798048,Test,4.133333333333334
6798182,Control,3.566666666666667
6798317,Control,4.25
6798477,Control,3.3833333333333333
6798485,Control,8.783333333333333
6798656,Control,2.9166666666666665
6798836,Control,2.2333333333333334
6799154,Control,4.2
6799298,Test,2.5833333333333335
6799854,Control,3.683333333333333
6800204,Control,1.9666666666666666
6800328,Test,3.0166666666666666
6800453,Test,10.983333333333333
6800684,Control,6.066666666666666
6800831,Control,6.65
6800843,Control,9.1
6800982,Control,7.183333333333334
6801024,Test,2.5833333333333335
6801082,Control,2.966666666666667
6801173,Test,2.783333333333333
6802075,Test,3.5833333333333335
6802160,Control,3.5
6802311,Test,1.1333333333333333
6802407,Control,3.783333333333333
6802416,Test,5.716666666666667
6802507,Control,1.9333333333333333
6802669,Test,1.9833333333333334
6803053,Control,0.9
6803166,Test,2.05
6803423,Test,8.6
6803483,Test,33.28333333333333
6804321,Test,1.8666666666666667
6804934,Control,3.5166666666666666
6805250,Test,7.033333333333333
6805903,Control,1.8333333333333333
6806202,Control,4.75
6806435,Control,1.4
6806729,Test,6.116666666666666
6807398,Control,3.05
6807563,Test,2.6666666666666665
6808282,Control,15.016666666666667
6808314,Control,2.9
6808443,Test,7.283333333333333
6808577,Test,3.4
6808601,Control,3.1166666666666667
6808836,Test,4.266666666666667
6808844,Control,10.6
6809452,Test,4.533333333333333
6809622,Test,2.45
6809644,Control,6.816666666666666
6809872,Control,4.616666666666666
6811150,Control,3.5833333333333335
6811955,Control,2.966666666666667
6813112,Control,4.0
6813206,Test,2.2
6813398,Test,4.066666666666666
6813635,Test,5.933333333333334
6814013,Test,1.8666666666666667
6814118,Test,4.7
6814540,Control,3.3
6814614,Test,2.7
6814823,Test,1.0833333333333333
6814932,Control,4.05
6815037,Control,3.2
6815257,Control,4.75
6815832,Control,6.783333333333333
6816135,Test,7.733333333333333
6816212,Control,11.566666666666666
6816658,Control,9.4
6816772,Control,13.283333333333333
6817241,Test,1.45
6817531,Control,5.2
6817555,Control,6.566666666666666
6817955,Test,2.3833333333333333
6820224,Test,5.016666666666667
6820668,Test,2.8666666666666667
6821616,Test,12.083333333333334
6821987,Control,6.0
6822709,Test,5.95
6823673,Control,2.783333333333333
6824135,Test,3.533333333333333
6824514,Control,3.316666666666667
6825042,Test,8.283333333333333
6825168,Control,3.3666666666666667
6826174,Test,6.416666666666667
6826792,Test,2.5
6826954,Control,10.9
6827687,Test,4.483333333333333
6828205,Control,3.7666666666666666
6828388,Test,12.55
6828468,Test,2.9833333333333334
6828613,Test,2.15
6828863,Control,6.4
6829083,Test,2.8833333333333333
6829103,Control,3.5166666666666666
6829143,Test,11.733333333333333
6829146,Control,4.166666666666667
6829634,Test,3.4166666666666665
6829681,Test,1.6666666666666667
6829804,Test,2.933333333333333
6830500,Test,7.35
6831637,Test,3.316666666666667
6831651,Test,5.916666666666667
6832185,Test,1.8166666666666667
6832593,Test,11.916666666666666
6832675,Test,3.716666666666667
6832718,Control,1.8333333333333333
6832721,Control,1.8833333333333333
6832799,Test,13.283333333333333
6833110,Control,11.616666666666667
6833123,Test,4.2
6834249,Control,4.9
6834869,Test,6.75
6834993,Test,3.4
6835030,Control,13.583333333333334
6836496,Test,14.066666666666666
6836577,Test,10.583333333333334
6836915,Test,1.9
6837412,Control,3.35
6837612,Test,1.3
6837952,Control,2.783333333333333
6838225,Test,1.7666666666666666
6838639,Control,4.383333333333334
6838834,Test,2.6166666666666667
6838849,Control,5.0
6839260,Control,5.366666666666666
6839302,Test,1.65
6839605,Test,2.85
6840065,Test,3.9
6840204,Test,4.933333333333334
6840926,Test,17.766666666666666
6841879,Control,18.533333333333335
6842137,Control,6.916666666666667
6842796,Test,1.2166666666666666
6842993,Test,7.85
6843544,Control,3.433333333333333
6843914,Test,1.85
6844069,Control,5.366666666666666
6844152,Test,3.216666666666667
6844346,Test,3.25
6845169,Test,3.5
6845707,Control,4.816666666666666
6845739,Control,5.65
6845787,Test,6.333333333333333
6846120,Control,2.2
6846193,Control,3.183333333333333
6846221,Test,10.516666666666667
6846912,Test,3.0166666666666666
6847142,Test,10.166666666666666
6847357,Test,3.6666666666666665
6847772,Test,7.233333333333333
6848035,Control,7.35
6848077,Control,3.0833333333333335
6848121,Test,15.95
6848132,Test,6.933333333333334
6848266,Test,13.483333333333333
6848944,Test,1.8333333333333333
6849031,Test,1.75
6849336,Test,8.716666666666667
6849509,Test,15.883333333333333
6849705,Test,3.5833333333333335
6849746,Test,4.016666666666667
6849764,Control,5.4
6850642,Test,4.133333333333334
6850660,Test,3.25
6850987,Test,6.9
6851346,Control,3.0166666666666666
6851443,Test,1.9166666666666667
6851716,Test,9.166666666666666
6851822,Test,4.866666666666666
6852168,Test,8.966666666666667
6853601,Test,1.9666666666666666
6854605,Control,13.2
6854608,Control,3.25
6855025,Test,7.316666666666666
6855706,Control,6.45
6856161,Test,13.533333333333333
6856197,Test,4.433333333333334
6856203,Test,1.8166666666666667
6856325,Control,5.016666666666667
6856615,Control,3.25
6856821,Control,5.766666666666667
6857523,Test,3.566666666666667
6857842,Test,3.2
6858059,Test,5.15
6858296,Test,2.65
6858568,Test,4.316666666666666
6858602,Control,4.783333333333333
6858835,Test,5.183333333333334
6858922,Test,8.433333333333334
6859092,Test,1.5166666666666666
6859157,Test,1.25
6859266,Control,9.75
6859444,Test,13.25
6859848,Test,3.066666666666667
6859853,Test,2.9166666666666665
6860852,Test,7.0
6861387,Control,2.3333333333333335
6861827,Control,9.1
6862164,Test,4.766666666666667
6862397,Control,2.55
6862833,Control,2.6166666666666667
6863141,Test,5.216666666666667
6863285,Test,5.316666666666666
6863290,Test,2.35
6863758,Test,20.6
6863814,Control,29.266666666666666
6863917,Test,1.2833333333333334
6863929,Test,10.033333333333333
6863960,Control,3.783333333333333
6864371,Control,6.516666666666667
6864754,Control,1.8666666666666667
6864806,Test,4.383333333333334
6865176,Test,2.816666666666667
6865229,Control,6.233333333333333
6866114,Test,3.566666666666667
6866131,Test,2.033333333333333
6866972,Test,23.366666666666667
6866990,Test,1.1
6867006,Control,8.033333333333333
6867009,Control,4.083333333333333
6867040,Control,4.983333333333333
6867301,Test,10.35
6867407,Test,3.4
6867529,Test,4.916666666666667
6867741,Test,1.2833333333333334
6867920,Test,11.533333333333333
6868268,Control,3.033333333333333
6868337,Test,1.4666666666666666
6868483,Test,2.5833333333333335
6868984,Control,2.95
6870307,Test,8.983333333333333
6870401,Control,2.1
6870598,Control,3.9166666666666665
6871175,Test,1.8833333333333333
6871269,Control,3.1
6871417,Control,2.95
6871774,Control,3.8833333333333333
6873191,Test,4.5
6873326,Control,7.783333333333333
6873514,Test,3.9833333333333334
6873920,Test,8.283333333333333
6874208,Test,4.866666666666666
6874427,Test,5.633333333333334
6875095,Test,2.25
6875527,Test,24.533333333333335
6875538,Test,4.283333333333333
6876030,Control,2.816666666666667
6876179,Test,3.8
6876874,Test,7.133333333333334
6877045,Test,1.5333333333333334
6877672,Test,1.7
6877738,Test,6.733333333333333
6877771,Test,4.3
6878222,Control,4.1
6878594,Control,1.6833333333333333
6878953,Test,4.566666666666666
6879093,Test,2.1666666666666665
6879419,Control,18.133333333333333
6879669,Control,2.1333333333333333
6879916,Control,33.38333333333333
6880632,Test,3.683333333333333
6880636,Test,5.416666666666667
6881753,Test,1.15
6882236,Control,2.5166666666666666
6882657,Test,7.083333333333333
6883463,Control,2.0166666666666666
6883743,Test,6.4
6884155,Test,1.3
6884826,Control,2.45
6884899,Control,19.766666666666666
6885405,Control,2.316666666666667
6885624,Control,4.1
6885626,Test,17.533333333333335
6885697,Control,1.9666666666666666
6885720,Control,2.6666666666666665
6885745,Control,1.6
6885898,Test,2.566666666666667
6885985,Control,2.8
6886401,Control,3.2333333333333334
6886786,Control,2.316666666666667
6887071,Test,4.9
6887099,Control,1.0666666666666667
6887122,Test,11.516666666666667
6887181,Test,3.3333333333333335
6887763,Test,4.683333333333334
6887814,Control,20.85
6888019,Test,12.233333333333333
6888080,Test,2.1333333333333333
6888629,Control,4.166666666666667
6888672,Control,1.3833333333333333
6888943,Test,5.3
6889564,Control,3.0833333333333335
6890006,Test,6.85
6890062,Control,6.766666666666667
6890085,Test,5.5
6890921,Test,2.966666666666667
6891014,Test,10.466666666666667
6891129,Control,4.166666666666667
6891177,Control,7.4
6892192,Test,13.833333333333334
6892569,Control,2.5833333333333335
6892758,Control,3.466666666666667
6893118,Control,4.016666666666667
6893388,Control,7.433333333333334
6893731,Test,19.933333333333334
6893953,Control,5.366666666666666
6893972,Control,4.283333333333333
6894922,Test,3.6166666666666667
6895737,Test,2.7666666666666666
6895747,Control,2.783333333333333
6895833,Test,22.316666666666666
6896289,Test,6.583333333333333
6896319,Test,2.716666666666667
6896722,Control,3.4833333333333334
6896819,Test,2.15
6898071,Test,1.1333333333333333
6898251,Test,1.1666666666666667
6898261,Test,1.2
6898781,Test,3.4
6899322,Control,5.116666666666666
6900644,Control,9.066666666666666
6900662,Control,8.516666666666667
6900679,Test,1.6833333333333333
6901068,Test,5.716666666666667
6901150,Control,2.25
6901276,Test,7.366666666666666
6901308,Test,2.7333333333333334
6901495,Test,72.48333333333333
6901566,Test,10.1
6901638,Control,3.683333333333333
6901755,Control,2.9833333333333334
6901974,Test,1.45
6901993,Control,7.65
6902355,Control,3.716666666666667
6902554,Test,2.6166666666666667
6902794,Control,9.333333333333334
6903399,Test,7.266666666666667
6903653,Test,4.066666666666666
6903678,Test,10.116666666666667
6903689,Test,6.266666666666667
6904174,Control,2.2
6904238,Test,5.533333333333333
6904330,Test,18.1
6904394,Test,2.45
6904502,Test,6.75
6904635,Test,2.85
6904931,Test,12.066666666666666
6905071,Test,2.6166666666666667
6905148,Test,1.2666666666666666
6905308,Test,3.2666666666666666
6905463,Control,2.033333333333333
6905618,Test,5.65
6905898,Control,6.95
6906248,Test,2.15
6906507,Test,2.216666666666667
6908433,Test,8.7
6908795,Test,4.466666666666667
6909039,Control,16.3
6909361,Control,4.416666666666667
6909480,Control,3.9
6909487,Test,2.25
6909769,Test,2.85
6910263,Control,7.633333333333334
6910518,Test,1.55
6911162,Control,28.733333333333334
6911509,Test,8.466666666666667
6911858,Test,5.316666666666666
6912121,Control,8.633333333333333
6912156,Control,4.933333333333334
6912462,Test,5.083333333333333
6913058,Control,2.6166666666666667
6913303,Control,8.533333333333333
6913436,Test,8.9
6913666,Control,6.25
6913812,Control,12.65
6913905,Test,5.566666666666666
6914362,Control,13.083333333333334
6915006,Test,4.183333333333334
6915090,Test,5.75
6915165,Test,12.083333333333334
6917138,Test,18.933333333333334
6917276,Control,1.8
6917373,Test,7.9
6917672,Test,5.183333333333334
6917755,Test,2.45
6917834,Test,35.8
6917895,Control,5.65
6918429,Test,1.2666666666666666
6918656,Control,5.233333333333333
6918862,Test,12.45
6918929,Control,12.216666666666667
6919066,Control,4.85
6919236,Control,11.133333333333333
6920114,Test,5.583333333333333
6920944,Control,21.25
6921532,Control,5.483333333333333
6922143,Control,2.283333333333333
6923205,Test,27.833333333333332
6923519,Control,10.8
6923539,Control,1.8
6924266,Control,1.8833333333333333
6925255,Test,1.85
6925271,Test,4.616666666666666
6925555,Test,2.6333333333333333
6926632,Control,4.466666666666667
6926751,Test,1.2166666666666666
6928012,Test,2.8666666666666667
6928355,Test,7.083333333333333
6928516,Control,3.5833333333333335
6928615,Control,11.116666666666667
6928677,Test,1.75
6929039,Test,3.783333333333333
6929632,Control,5.8
6929800,Control,4.183333333333334
6929927,Control,8.0
6929968,Test,4.183333333333334
6930182,Test,2.1166666666666667
6930269,Test,2.8
6930466,Control,2.1666666666666665
6930566,Test,2.183333333333333
6930729,Control,35.38333333333333
6931815,Test,3.7
6932275,Control,4.0
6932372,Control,10.716666666666667
6932709,Test,6.716666666666667
6932901,Test,16.25
6933139,Test,11.05
6933218,Test,3.6333333333333333
6933882,Test,8.166666666666666
6934070,Control,2.8833333333333333
6934228,Test,6.583333333333333
6934323,Test,4.633333333333334
6934454,Test,3.0166666666666666
6934507,Control,4.383333333333334
6934783,Test,4.483333333333333
6934991,Test,4.15
6935209,Test,1.8333333333333333
6935374,Control,7.016666666666667
6935393,Test,2.6
6935603,Test,3.1
6935920,Control,19.95
6936123,Control,6.7
6936319,Control,5.266666666666667
6936822,Test,6.3
6937749,Control,11.633333333333333
6937854,Test,4.1
6937917,Test,1.8666666666666667
6937976,Test,6.116666666666666
6938435,Control,2.683333333333333
6938743,Control,3.3333333333333335
6939220,Control,4.95
6939528,Test,2.4166666666666665
6940180,Control,34.516666666666666
6940190,Test,12.133333333333333
6940265,Control,4.683333333333334
6940663,Test,3.433333333333333
6940673,Test,1.5166666666666666
6940936,Test,3.05
6940939,Control,5.583333333333333
6941337,Control,35.75
6941992,Control,5.116666666666666
6942071,Test,1.9833333333333334
6943106,Test,4.416666666666667
6943648,Control,1.5333333333333334
6943784,Test,5.7
6944107,Control,2.6333333333333333
6944127,Control,6.966666666666667
6944329,Control,11.05
6944354,Test,2.75
6945602,Test,2.8833333333333333
6945986,Control,2.5833333333333335
6946004,Control,3.0166666666666666
6946226,Control,3.25
6946866,Test,6.166666666666667
6947005,Test,4.683333333333334
6947176,Test,2.066666666666667
6947298,Control,16.283333333333335
6947535,Test,13.016666666666667
6947786,Test,6.533333333333333
6947960,Test,11.45
6947986,Control,2.216666666666667
6948012,Test,2.5833333333333335
6948219,Control,6.15
6948375,Test,2.716666666666667
6948674,Control,2.2333333333333334
6949017,Control,4.316666666666666
6949145,Control,3.5166666666666666
6949386,Test,9.8
6949539,Control,10.316666666666666
6949583,Control,11.283333333333333
6949770,Control,2.1
6950389,Test,2.9
6951157,Control,28.7
6951341,Test,1.5333333333333334
6951699,Control,17.7
6951718,Test,5.95
6951896,Control,3.8666666666666667
6952201,Test,2.6333333333333333
6952910,Control,30.25
6953596,Control,3.6333333333333333
6954228,Control,3.8666666666666667
6954487,Control,3.066666666666667
6954524,Control,6.066666666666666
6954534,Test,1.3666666666666667
6954695,Test,28.066666666666666
6954785,Control,4.966666666666667
6954996,Control,6.216666666666667
6955125,Test,2.0166666666666666
6955234,Control,4.433333333333334
6955584,Control,2.3666666666666667
6955764,Control,2.6333333333333333
6956002,Test,11.4
6956977,Test,57.6
6957942,Test,2.6
6958124,Control,2.35
6958432,Test,5.033333333333333
6958438,Test,2.1666666666666665
6958491,Control,2.9833333333333334
6958819,Control,12.733333333333333
6959293,Test,8.683333333333334
6959360,Control,4.133333333333334
6959864,Test,7.266666666666667
6960009,Control,6.9
6960194,Test,1.15
6960465,Test,2.15
6960924,Control,19.016666666666666
6961727,Control,1.3666666666666667
6962372,Control,11.633333333333333
6962474,Control,5.433333333333334
6962526,Control,3.0833333333333335
6963380,Test,5.533333333333333
6963461,Test,3.7
6963529,Test,18.4
6964196,Test,3.6
6965013,Test,1.4166666666666667
6965231,Control,2.683333333333333
6965536,Test,1.4166666666666667
6966107,Test,1.5
6966274,Test,2.1
6966565,Test,2.1166666666666667
6966638,Control,2.8666666666666667
6966763,Test,2.5
6967112,Test,10.033333333333333
6967120,Control,3.316666666666667
6967224,Control,11.216666666666667
6967611,Control,8.9
6967684,Test,3.933333333333333
6968063,Test,5.783333333333333
6968255,Control,2.7
6968302,Control,4.166666666666667
6968403,Control,2.033333333333333
6968462,Control,2.6166666666666667
6968914,Test,6.266666666666667
6968934,Control,8.7
6969835,Control,4.083333333333333
6970339,Test,2.15
6970475,Test,3.566666666666667
6970695,Control,6.116666666666666
6971219,Test,2.8666666666666667
6971225,Test,3.0166666666666666
6972161,Control,1.75
6972171,Control,1.2333333333333334
6972473,Control,10.183333333333334
6972497,Test,12.583333333333334
6972505,Control,1.7166666666666666
6972711,Control,20.533333333333335
6973072,Test,3.4833333333333334
6973088,Test,3.1166666666666667
6973142,Test,4.066666666666666
6973479,Test,30.3
6973820,Control,3.3666666666666667
6974954,Control,5.7
6975214,Control,5.683333333333334
6975226,Test,2.7666666666666666
6975227,Test,1.1
6975231,Test,5.683333333333334
6975269,Control,7.866666666666666
6975672,Test,3.95
6975917,Control,2.216666666666667
6976141,Test,2.533333333333333
6976539,Test,30.966666666666665
6976946,Control,1.8333333333333333
6977190,Control,4.366666666666666
6977934,Control,9.716666666666667
6978135,Control,4.616666666666666
6978159,Test,2.55
6978184,Control,6.266666666666667
6978265,Control,6.05
6978503,Test,6.783333333333333
6980026,Control,5.966666666666667
6980106,Test,2.05
6980355,Test,6.233333333333333
6980374,Control,3.2666666666666666
6980485,Test,8.55
6980497,Test,3.3666666666666667
6980695,Control,2.783333333333333
6981369,Test,5.783333333333333
6981794,Test,4.683333333333334
6981798,Control,3.5833333333333335
6981952,Control,16.566666666666666
6982295,Test,4.55
6982528,Test,14.883333333333333
6982652,Control,2.7666666666666666
6982913,Test,1.2
6983433,Test,3.433333333333333
6983815,Control,2.1166666666666667
6983917,Control,3.6666666666666665
6984006,Test,2.316666666666667
6984232,Control,5.166666666666667
6984985,Control,7.466666666666667
6985019,Control,5.666666666666667
6985236,Control,3.1
6985677,Test,3.6333333333333333
6985890,Control,2.65
6986049,Control,5.383333333333334
6986144,Test,16.1
6986354,Test,3.716666666666667
6986418,Test,1.7333333333333334
6986475,Control,4.316666666666666
6986643,Test,1.1833333333333333
6986707,Test,4.766666666666667
6986759,Test,1.75
6987469,Test,2.183333333333333
6987490,Control,5.966666666666667
6987983,Control,1.7333333333333334
6987999,Control,11.816666666666666
6988240,Test,11.35
6988588,Test,4.95
6988658,Control,12.033333333333333
6988663,Test,4.266666666666667
6988897,Test,4.633333333333334
6989213,Control,9.866666666666667
6989319,Test,3.9166666666666665
6989505,Test,9.366666666666667
6989654,Test,4.083333333333333
6990098,Control,2.1333333333333333
6991159,Control,1.9
6991295,Control,3.533333333333333
6991971,Control,2.8666666666666667
6992142,Test,2.683333333333333
6992250,Test,2.4166666666666665
6992305,Test,1.3333333333333333
6992663,Test,4.05
6993607,Control,2.966666666666667
6994789,Test,2.2
6994813,Control,3.55
6995126,Control,13.833333333333334
6995132,Test,3.15
6997046,Test,10.75
6997208,Control,1.25
6997261,Test,2.6666666666666665
6997620,Control,2.7666666666666666
6997671,Test,2.316666666666667
6997825,Control,4.733333333333333
6998060,Test,3.6166666666666667
6998768,Test,2.3
6998825,Test,3.1
6999169,Test,4.166666666666667
6999674,Control,6.266666666666667
7000141,Test,1.8666666666666667
7000312,Test,4.2
7000356,Test,5.516666666666667
7000554,Test,3.9166666666666665
7000955,Test,12.766666666666667
7001154,Test,48.85
7001501,Test,4.85
7001756,Control,4.6
7001799,Control,2.183333333333333
7002158,Test,59.15
7002253,Test,17.633333333333333
7002389,Control,2.7
7002612,Test,3.7333333333333334
7003057,Test,2.816666666666667
7003089,Test,2.683333333333333
7003302,Test,16.75
7005269,Control,6.95
7005543,Control,3.8333333333333335
7005795,Test,2.75
7005816,Control,9.666666666666666
7006478,Control,1.6
7006564,Control,2.6
7006714,Test,3.1166666666666667
7007000,Test,5.583333333333333
7007069,Control,3.066666666666667
7007182,Control,5.4
7007284,Control,5.183333333333334
7007505,Control,1.4166666666666667
7007576,Test,3.4833333333333334
7008109,Test,3.2
7008709,Test,1.5
7009565,Control,26.116666666666667
7009777,Control,4.95
7009824,Control,1.95
7009928,Control,17.3
7009981,Control,9.7
7010070,Control,3.066666666666667
7010100,Test,15.05
7010205,Test,14.583333333333334
7010476,Control,27.166666666666668
7011435,Control,2.95
7012494,Control,1.1833333333333333
7012672,Test,2.8
7013037,Control,1.95
7013112,Test,9.266666666666667
7013272,Test,15.316666666666666
7013561,Test,4.75
7013769,Control,2.9166666666666665
7014572,Test,11.516666666666667
7015011,Control,6.466666666666667
7015158,Test,2.2
7015396,Test,5.733333333333333
7015427,Control,4.216666666666667
7015724,Control,1.9333333333333333
7016246,Test,2.1166666666666667
7016269,Test,5.3
7016459,Control,6.9
7016465,Test,9.866666666666667
7016886,Control,4.316666666666666
7017459,Control,1.9333333333333333
7017871,Test,4.1
7018421,Test,1.7333333333333334
7018468,Control,3.3333333333333335
7018499,Test,3.15
7018629,Test,2.066666666666667
7018631,Control,2.3333333333333335
7018685,Test,3.283333333333333
7018882,Control,2.433333333333333
7019113,Control,3.3833333333333333
7019194,Test,1.9166666666666667
7019445,Test,5.166666666666667
7019677,Test,3.1666666666666665
7019841,Test,3.8666666666666667
7019858,Test,7.566666666666666
7019864,Control,1.95
7019905,Test,5.183333333333334
7019926,Control,3.3833333333333333
7020156,Test,3.3
7020198,Control,4.383333333333334
7020306,Test,11.116666666666667
7020386,Control,3.533333333333333
7020609,Test,2.8833333333333333
7020628,Control,3.7666666666666666
7020697,Test,29.85
7021111,Control,6.25
7021213,Test,4.85
7022229,Control,7.433333333333334
7022473,Control,3.183333333333333
7022650,Test,5.116666666666666
7022761,Test,1.95
7023188,Test,2.1333333333333333
7023374,Control,3.3666666666666667
7023731,Test,1.7833333333333334
7023981,Control,3.85
7024243,Control,6.75
7024366,Test,4.083333333333333
7024460,Test,25.633333333333333
7024708,Control,4.083333333333333
7024985,Control,19.666666666666668
7025223,Control,4.75
7025660,Control,23.1
7026181,Control,3.6
7026629,Control,6.35
7026657,Test,2.2666666666666666
7026862,Control,5.75
7026959,Test,7.433333333333334
7027256,Test,5.566666666666666
7028086,Test,10.933333333333334
7028096,Test,3.05
7028113,Control,8.35
7028286,Test,2.1333333333333333
7028324,Test,1.5833333333333333
7028451,Test,3.966666666666667
7029071,Control,2.7333333333333334
7030145,Test,9.55
7030246,Test,3.9166666666666665
7030424,Control,9.483333333333333
7031318,Control,4.183333333333334
7031386,Control,3.25
7031553,Test,2.5166666666666666
7031997,Test,1.3666666666666667
7032521,Test,2.533333333333333
7032545,Test,1.75
7032805,Control,39.06666666666667
7033655,Test,1.7166666666666666
7033721,Control,2.8666666666666667
7033990,Test,2.183333333333333
7034044,Test,10.016666666666667
7034055,Test,89.6
7034253,Control,12.566666666666666
7034676,Test,3.7666666666666666
7035093,Test,2.0166666666666666
7035416,Test,2.7666666666666666
7035604,Control,1.5166666666666666
7035749,Control,1.4666666666666666
7036316,Test,2.216666666666667
7036428,Control,1.4166666666666667
7036563,Test,3.05
7036869,Test,4.883333333333334
7037208,Control,3.2333333333333334
7037852,Control,8.883333333333333
7038187,Control,2.1333333333333333
7038248,Control,5.05
7038496,Control,2.2666666666666666
7038636,Test,13.016666666666667
7038653,Control,1.5666666666666667
7038812,Control,6.616666666666666
7038864,Control,3.6
7039050,Test,4.65
7039635,Test,6.166666666666667
7039946,Test,3.9
7040050,Test,3.8
7040441,Control,4.166666666666667
7040807,Test,5.716666666666667
7041735,Control,3.2666666666666666
7041791,Test,1.9
7042270,Control,5.5
7042750,Control,16.15
7042886,Control,3.3666666666666667
7043361,Control,5.366666666666666
7043532,Control,4.566666666666666
7043670,Test,1.1
7043743,Test,3.8
7043778,Test,3.4833333333333334
7043979,Control,8.566666666666666
7044362,Test,3.2333333333333334
7044580,Control,30.6
7045011,Test,3.9166666666666665
7045324,Test,1.65
7045562,Control,4.183333333333334
7045648,Test,2.6
7045882,Control,24.933333333333334
7046133,Control,4.883333333333334
7046975,Test,7.5
7047016,Control,9.866666666666667
7047192,Control,3.433333333333333
7047205,Test,4.366666666666666
7047368,Test,2.5166666666666666
7047451,Test,14.316666666666666
7047486,Test,3.2333333333333334
7047631,Test,2.966666666666667
7048186,Control,7.75
7048326,Test,5.833333333333333
7048362,Test,4.116666666666666
7049416,Test,10.516666666666667
7049685,Test,9.566666666666666
7049711,Control,21.366666666666667
7050672,Control,1.7666666666666666
7050904,Test,7.633333333333334
7051130,Test,2.7666666666666666
7052899,Test,2.066666666666667
7053316,Control,4.5
7053382,Test,17.966666666666665
7053444,Control,3.3333333333333335
7053498,Control,9.816666666666666
7053981,Control,7.15
7054026,Test,2.8
7054265,Test,1.4833333333333334
7054514,Test,10.5
7055179,Test,13.916666666666666
7055327,Test,2.0166666666666666
7055464,Control,9.0
7055918,Test,12.15
7056174,Test,6.6
7056274,Control,11.033333333333333
7056615,Test,10.066666666666666
7056764,Control,7.216666666666667
7056998,Control,4.183333333333334
7057041,Control,11.8
7057699,Control,5.25
7058142,Control,4.083333333333333
7058363,Control,3.6
7058578,Test,1.7
7058602,Control,23.2
7058753,Control,4.383333333333334
7059340,Test,2.7666666666666666
7059525,Test,6.916666666666667
7059553,Test,4.666666666666667
7059930,Control,4.533333333333333
7060117,Test,4.483333333333333
7060702,Control,5.733333333333333
7060704,Test,49.05
7060925,Test,1.9833333333333334
7061245,Test,4.733333333333333
7061359,Control,12.533333333333333
7062352,Control,7.0
7063037,Control,7.466666666666667
7063240,Test,15.383333333333333
7063416,Control,8.266666666666667
7063669,Test,24.65
7064013,Control,3.7666666666666666
7064137,Control,4.75
7064342,Test,5.933333333333334
7064471,Test,4.433333333333334
7064582,Control,21.383333333333333
7064888,Control,3.65
7065003,Test,10.083333333333334
7065355,Test,3.1166666666666667
7065408,Test,7.2
7065655,Test,2.3333333333333335
7065902,Test,2.9166666666666665
7066218,Test,6.733333333333333
7066270,Control,2.0166666666666666
7066375,Test,8.95
7066428,Control,10.516666666666667
7066752,Test,4.85
7067101,Test,4.583333333333333
7067317,Control,3.466666666666667
7067348,Control,7.183333333333334
7068025,Test,1.4833333333333334
7068030,Test,9.866666666666667
7068149,Control,7.7
7068283,Control,1.85
7068428,Test,3.2
7068614,Control,10.8
7068809,Test,3.8666666666666667
7069087,Control,1.9333333333333333
7069115,Control,5.733333333333333
7069333,Test,1.9
7069417,Control,0.9333333333333333
7069603,Control,5.466666666666667
7069857,Control,5.883333333333334
7069926,Test,6.033333333333333
7070096,Test,3.1333333333333333
7070873,Test,4.133333333333334
7071370,Control,4.4
7071589,Test,5.466666666666667
7072519,Test,2.6333333333333333
7072688,Control,5.433333333333334
7072762,Test,3.216666666666667
7073335,Control,1.7666666666666666
7073358,Control,5.483333333333333
7073366,Control,7.516666666666667
7073450,Test,9.5
7073919,Test,2.0833333333333335
7074277,Control,3.0166666666666666
7074316,Control,4.616666666666666
7074464,Test,19.45
7074517,Control,31.833333333333332
7074840,Test,1.5333333333333334
7074966,Test,3.1666666666666665
7075079,Test,3.7333333333333334
7075126,Test,6.65
7075225,Test,4.05
7075871,Test,24.45
7075904,Control,4.0
7075953,Control,7.166666666666667
7076901,Control,12.483333333333333
7077097,Control,8.95
7077126,Test,19.333333333333332
7077187,Control,15.516666666666667
7077362,Control,4.833333333333333
7077477,Test,0.65
7077496,Control,1.8333333333333333
7077773,Test,23.433333333333334
7078031,Control,2.466666666666667
7078059,Test,6.533333333333333
7078739,Test,1.9833333333333334
7078797,Test,5.066666666666666
7078892,Control,2.033333333333333
7079268,Control,7.516666666666667
7079712,Test,5.616666666666666
7080124,Control,5.066666666666666
7080227,Control,8.383333333333333
7080294,Control,3.9833333333333334
7081433,Test,3.316666666666667
7081585,Test,2.8666666666666667
7081601,Test,1.95
7082050,Control,2.2
7082099,Control,3.65
7082293,Test,2.7666666666666666
7082310,Test,1.95
7082709,Control,6.583333333333333
7083484,Control,4.416666666666667
7083650,Control,3.6666666666666665
7083844,Control,2.3
7084131,Test,2.4
7085615,Test,3.433333333333333
7085748,Test,2.033333333333333
7085828,Control,3.1666666666666665
7086102,Test,5.95
7087200,Test,5.083333333333333
7087545,Control,46.35
7087599,Test,11.583333333333334
7087847,Control,4.416666666666667
7088127,Control,20.533333333333335
7088457,Test,3.6
7088619,Test,3.6333333333333333
7088755,Control,6.533333333333333
7089856,Test,12.916666666666666
7091082,Test,2.6
7091126,Test,43.11666666666667
7091374,Control,6.033333333333333
7091719,Test,7.233333333333333
7092079,Test,1.7166666666666666
7092480,Test,3.316666666666667
7093388,Test,17.283333333333335
7093538,Control,9.35
7094480,Control,7.383333333333334
7094560,Test,38.483333333333334
7094658,Control,2.5
7094793,Control,13.316666666666666
7095220,Test,1.8833333333333333
7095531,Test,8.716666666666667
7095760,Control,6.45
7095807,Test,7.666666666666667
7096046,Test,14.2
7096317,Control,6.933333333333334
7096751,Test,16.116666666666667
7097274,Test,7.416666666666667
7097814,Control,9.183333333333334
7098358,Control,2.716666666666667
7099047,Test,4.15
7099616,Test,2.0166666666666666
7100335,Control,2.4166666666666665
7100907,Test,4.766666666666667
7101274,Control,4.766666666666667
7101411,Test,3.75
7101619,Test,12.616666666666667
7101721,Test,10.866666666666667
7102016,Test,2.3
7102059,Test,3.9166666666666665
7102100,Test,2.066666666666667
7102262,Control,1.6333333333333333
7102674,Control,4.0
7103109,Control,5.266666666666667
7103902,Control,6.85
7104143,Test,3.7
7104557,Test,2.65
7104655,Test,2.95
7105425,Test,7.433333333333334
7105437,Test,1.45
7105913,Control,10.816666666666666
7106061,Test,0.9833333333333333
7106246,Test,11.466666666666667
7106275,Test,1.3333333333333333
7106363,Control,2.0833333333333335
7107125,Control,19.433333333333334
7107324,Test,3.75
7107543,Test,3.3
7108590,Test,7.3
7108597,Test,3.95
7108764,Test,2.466666666666667
7108897,Test,5.95
7108936,Control,2.1666666666666665
7109570,Test,11.666666666666666
7109824,Control,3.8333333333333335
7110312,Test,5.9
7111036,Control,3.5833333333333335
7111189,Control,5.233333333333333
7111225,Test,5.683333333333334
7111361,Test,25.55
7111677,Test,3.4166666666666665
7111680,Control,11.433333333333334
7111965,Test,4.8
7112502,Control,8.316666666666666
7112613,Control,3.2666666666666666
7113524,Control,2.933333333333333
7113920,Test,3.5
7114214,Test,1.7666666666666666
7114313,Test,5.566666666666666
7114316,Test,3.816666666666667
7114749,Test,2.6666666666666665
7114905,Control,3.4833333333333334
7114961,Test,3.8333333333333335
7115036,Control,3.1333333333333333
7115668,Control,4.266666666666667
7115683,Control,2.2
7115797,Control,2.783333333333333
7116090,Test,5.883333333333334
7116423,Test,11.816666666666666
7116901,Test,4.116666666666666
7117036,Test,1.1666666666666667
7117496,Test,11.833333333333334
7117747,Test,2.9166666666666665
7118661,Control,6.633333333333334
7118730,Control,1.9166666666666667
7118745,Test,3.25
7119600,Test,1.8
7119787,Test,4.116666666666666
7119919,Control,15.366666666666667
7120201,Test,1.85
7120360,Control,4.433333333333334
7121162,Test,5.766666666666667
7121456,Test,4.433333333333334
7121562,Control,2.6333333333333333
7121682,Test,18.283333333333335
7122130,Control,2.1166666666666667
7122374,Control,15.266666666666667
7122387,Test,3.8666666666666667
7122703,Control,4.116666666666666
7123109,Control,4.9
7123131,Control,3.4166666666666665
7123133,Test,5.45
7123285,Test,7.633333333333334
7123290,Test,6.966666666666667
7123558,Test,4.25
7123934,Test,2.216666666666667
7123977,Control,7.083333333333333
7124517,Control,6.4
7124527,Control,2.2666666666666666
7124991,Control,1.6833333333333333
7125111,Test,15.45
7125300,Control,2.0166666666666666
7125370,Test,1.8166666666666667
7125818,Control,11.716666666666667
7125956,Test,1.0833333333333333
7126315,Test,1.5333333333333334
7126341,Test,11.616666666666667
7126892,Test,1.8166666666666667
7126980,Test,1.6166666666666667
7127299,Test,1.6666666666666667
7128347,Test,5.15
7128459,Test,2.7
7128566,Test,15.683333333333334
7128679,Test,3.816666666666667
7128753,Test,14.833333333333334
7128894,Control,2.1
7130741,Test,5.533333333333333
7130959,Control,4.016666666666667
7131057,Test,1.7833333333333334
7131214,Test,34.516666666666666
7131560,Test,9.866666666666667
7131803,Test,3.2333333333333334
7132575,Test,9.25
7132934,Control,0.8
7133081,Control,4.0
7133293,Test,1.4666666666666666
7133551,Test,3.9166666666666665
7134087,Control,17.1
7134160,Control,11.65
7134509,Test,7.766666666666667
7134594,Control,8.416666666666666
7135151,Test,2.1666666666666665
7135517,Test,9.666666666666666
7135563,Control,1.6833333333333333
7135656,Test,2.6
7135930,Test,3.216666666666667
7136705,Control,3.5166666666666666
7136865,Control,6.233333333333333
7137763,Control,8.716666666666667
7138054,Test,13.183333333333334
7138608,Control,13.583333333333334
7138873,Test,3.5
7139038,Test,1.7833333333333334
7139068,Test,4.833333333333333
7139320,Test,1.95
7139597,Test,2.25
7140331,Control,1.7666666666666666
7140512,Test,1.65
7140710,Control,7.066666666666666
7140838,Test,2.3
7141395,Control,4.45
7141662,Test,1.9333333333333333
7141663,Test,2.216666666666667
7142697,Control,8.016666666666667
7142792,Control,4.65
7142928,Test,4.55
7142986,Test,1.4333333333333333
7143446,Test,2.45
7143633,Control,2.033333333333333
7144491,Test,4.6
7144492,Control,4.15
7144564,Test,24.083333333333332
7144585,Test,6.566666666666666
7145113,Test,2.033333333333333
7145159,Test,2.9
7145335,Control,20.216666666666665
7145486,Control,3.55
7145951,Test,3.566666666666667
7146195,Test,1.7333333333333334
7146447,Test,17.966666666666665
7146551,Control,5.1
7146571,Control,11.583333333333334
7146837,Test,7.65
7146910,Test,3.183333333333333
7147586,Test,2.1
7147633,Control,12.966666666666667
7147672,Control,8.133333333333333
7148421,Control,4.466666666666667
7148604,Control,3.3333333333333335
7148673,Control,2.7333333333333334
7149108,Test,2.6166666666666667
7149361,Control,4.766666666666667
7149752,Control,5.833333333333333
7149854,Control,9.5
7150210,Test,5.633333333333334
7151107,Control,5.666666666666667
7151270,Test,4.066666666666666
7151474,Control,4.416666666666667
7151522,Test,8.6
7151530,Test,9.35
7151751,Control,6.166666666666667
7151761,Test,64.53333333333333
7151779,Test,11.766666666666667
7152522,Test,1.9166666666666667
7152739,Test,3.9166666666666665
7153679,Control,5.366666666666666
7153949,Test,4.666666666666667
7154165,Test,3.6
7154384,Control,16.533333333333335
7154717,Control,8.716666666666667
7154845,Control,8.1
7155672,Test,3.05
7155688,Control,2.65
7156181,Test,8.366666666666667
7156458,Control,6.616666666666666
7157819,Test,1.9166666666666667
7158126,Test,3.6666666666666665
7158193,Control,2.7333333333333334
7158238,Test,5.233333333333333
7158440,Control,9.083333333333334
7158443,Control,1.95
7158923,Control,7.8
7159190,Test,4.55
7159239,Control,2.7666666666666666
7159582,Control,6.933333333333334
7159688,Test,15.316666666666666
7159966,Test,2.9166666666666665
7159995,Control,3.0
7159996,Control,4.933333333333334
7160104,Control,2.0
7160170,Test,1.6833333333333333
7160458,Control,5.966666666666667
7160628,Control,4.366666666666666
7160657,Control,16.616666666666667
7160870,Control,4.016666666666667
7161415,Control,4.15
7161996,Test,4.0
7162494,Control,2.8333333333333335
7163306,Test,7.133333333333334
7163526,Test,2.283333333333333
7163989,Test,2.933333333333333
7163998,Control,3.1333333333333333
7164355,Test,2.433333333333333
7164484,Control,3.2
7164949,Control,3.9166666666666665
7164954,Test,6.966666666666667
7165652,Test,5.15
7166510,Test,9.933333333333334
7166801,Test,1.5666666666666667
7167224,Control,1.6833333333333333
7167607,Test,2.7
7167812,Test,9.133333333333333
7168887,Test,2.15
7170156,Control,6.366666666666666
7170304,Control,3.4833333333333334
7170515,Control,15.8
7170549,Test,2.033333333333333
7170897,Control,5.333333333333333
7171126,Control,4.066666666666666
7171199,Control,11.116666666666667
7171365,Control,4.083333333333333
7171907,Control,6.666666666666667
7172171,Test,11.6
7172662,Test,4.633333333333334
7174211,Test,16.05
7174415,Test,3.8666666666666667
7174843,Test,14.883333333333333
7174933,Test,1.8666666666666667
7175242,Control,1.9666666666666666
7175253,Test,8.216666666666667
7175556,Test,5.216666666666667
7175764,Control,2.45
7175784,Control,1.85
7176334,Control,3.7333333333333334
7176345,Test,7.433333333333334
7176508,Control,3.683333333333333
7176632,Test,24.0
7176877,Control,3.85
7177069,Test,2.0
7177216,Test,2.0
7177492,Test,16.283333333333335
7177558,Control,6.95
7177906,Control,3.216666666666667
7178194,Control,2.1333333333333333
7178685,Test,4.783333333333333
7178882,Test,3.1666666666666665
7178945,Control,2.216666666666667
7179106,Control,2.8333333333333335
7179464,Control,7.166666666666667
7179703,Control,3.033333333333333
7179755,Control,6.933333333333334
7179800,Control,13.25
7179824,Test,2.6333333333333333
7180000,Test,4.65
7180376,Test,15.516666666666667
7181488,Control,1.7
7181531,Test,7.0
7181572,Test,30.233333333333334
7181622,Control,2.2
7182233,Control,12.65
7182636,Test,4.6
7182695,Test,2.5
7183284,Control,8.166666666666666
7183391,Test,2.05
7183392,Test,4.133333333333334
7183593,Test,10.95
7184289,Test,7.1
7184566,Test,3.433333333333333
7184846,Control,52.63333333333333
7185182,Test,3.2333333333333334
7185252,Test,11.333333333333334
7185464,Test,5.833333333333333
7185585,Control,2.216666666666667
7186557,Control,3.6166666666666667
7186706,Control,10.733333333333333
7187059,Test,2.0166666666666666
7187334,Test,9.833333333333334
7187474,Test,3.25
7187770,Test,10.766666666666667
7187827,Test,5.116666666666666
7187944,Test,1.65
7187992,Control,6.35
7188220,Control,5.45
7188669,Test,1.3833333333333333
7189412,Control,16.366666666666667
7189473,Control,5.55
7189695,Test,24.116666666666667
7190558,Control,7.7
7190805,Control,13.0
7190906,Test,1.5166666666666666
7190924,Control,16.35
7190947,Test,2.7
7191050,Test,19.983333333333334
7191059,Test,8.783333333333333
7191234,Control,2.6166666666666667
7191334,Test,1.6833333333333333
7191604,Test,15.933333333333334
7192131,Control,1.65
7192154,Test,6.8
7192445,Control,2.25
7192737,Control,2.85
7192913,Test,1.65
7193174,Control,2.683333333333333
7193330,Control,2.7
7193613,Control,1.65
7193766,Control,14.15
7193885,Control,12.65
7194058,Test,46.583333333333336
7195168,Test,6.05
7195183,Control,1.1333333333333333
7195266,Control,1.85
7195400,Test,2.1
7196077,Test,7.283333333333333
7196140,Control,2.9
7196149,Test,5.783333333333333
7196406,Test,4.083333333333333
7197227,Control,2.183333333333333
7197673,Control,1.0833333333333333
7197684,Control,41.4
7198052,Test,10.683333333333334
7198363,Test,1.3833333333333333
7198788,Control,3.9833333333333334
7198818,Test,1.9
7199064,Control,3.783333333333333
7199098,Test,6.416666666666667
7199448,Test,12.466666666666667
7200028,Control,11.433333333333334
7200160,Test,5.25
7201063,Control,5.883333333333334
7201546,Test,12.433333333333334
7201571,Test,3.3
7201739,Control,6.816666666666666
7202217,Test,3.1666666666666665
7202634,Test,5.066666666666666
7202762,Control,2.1
7203213,Test,14.183333333333334
7203298,Control,5.0
7203408,Test,7.15
7203485,Control,2.4833333333333334
7203736,Test,5.833333333333333
7203818,Control,2.2333333333333334
7203829,Control,2.6666666666666665
7203853,Control,4.166666666666667
7204197,Test,2.183333333333333
7204594,Control,1.05
7204661,Test,8.333333333333334
7204933,Control,1.8833333333333333
7205421,Control,7.883333333333334
7205566,Control,4.166666666666667
7205939,Test,2.6666666666666665
7206331,Test,5.6
7207332,Test,2.2333333333333334
7207344,Test,4.233333333333333
7207475,Control,4.533333333333333
7207740,Test,4.733333333333333
7207836,Test,12.183333333333334
7207981,Control,5.2
7208080,Test,2.9833333333333334
7208214,Test,5.916666666666667
7208557,Test,4.633333333333334
7208864,Control,7.6
7209069,Test,4.316666666666666
7209559,Test,8.4
7209588,Test,5.8
7209658,Test,2.783333333333333
7210592,Test,11.283333333333333
7210729,Test,3.7333333333333334
7211070,Test,1.15
7211369,Test,6.166666666666667
7211752,Control,4.733333333333333
7212071,Test,5.05
7212234,Test,2.683333333333333
7213148,Test,2.45
7213738,Control,2.2333333333333334
7215328,Test,3.65
7215501,Test,5.733333333333333
7215502,Control,5.533333333333333
7216282,Test,2.3
7216350,Test,2.05
7216759,Test,9.85
7216927,Control,2.433333333333333
7217082,Control,3.75
7217773,Control,3.65
7217804,Control,6.933333333333334
7218036,Test,1.7
7218255,Test,3.566666666666667
7218431,Control,1.8833333333333333
7218441,Test,14.433333333333334
7218482,Test,36.766666666666666
7218587,Control,4.933333333333334
7218675,Control,3.566666666666667
7218744,Control,4.2
7218805,Control,2.183333333333333
7218952,Test,3.75
7219287,Test,3.6166666666666667
7219770,Control,11.933333333333334
7219944,Control,2.5
7220613,Control,2.8666666666666667
7220617,Test,5.233333333333333
7220936,Control,2.75
7221546,Test,23.95
7221781,Test,3.65
7221834,Control,5.416666666666667
7221844,Test,6.516666666666667
7221862,Control,2.4
7222419,Test,12.05
7222477,Control,3.8833333333333333
7222675,Test,1.65
7222841,Control,2.85
7223068,Test,2.2666666666666666
7223227,Control,1.6
7223732,Test,5.65
7224020,Control,4.0
7224021,Test,1.25
7224638,Test,2.4166666666666665
7224908,Control,5.666666666666667
7225107,Test,3.8
7225109,Test,6.933333333333334
7225168,Control,3.7333333333333334
7225180,Test,2.066666666666667
7225623,Control,17.966666666666665
7225653,Control,4.65
7225757,Test,11.4
7226122,Test,5.9
7226172,Test,2.0833333333333335
7226397,Control,1.9166666666666667
7226525,Test,6.116666666666666
7226894,Test,3.4166666666666665
7227288,Test,3.183333333333333
7227562,Test,3.2666666666666666
7227634,Test,2.8833333333333333
7227648,Control,4.75
7228212,Control,11.416666666666666
7228877,Test,1.8
7229160,Control,7.783333333333333
7229568,Control,5.116666666666666
7229632,Control,2.8333333333333335
7229718,Test,6.8
7229859,Test,5.316666666666666
7230520,Test,2.1
7230704,Control,20.116666666666667
7231186,Control,3.933333333333333
7231818,Control,5.633333333333334
7232085,Test,1.35
7232812,Test,12.35
7232983,Test,1.5666666666666667
7233680,Control,4.266666666666667
7233695,Test,2.933333333333333
7233735,Control,6.033333333333333
7233758,Test,5.383333333333334
7233910,Test,11.833333333333334
7234094,Test,2.3333333333333335
7234552,Test,3.0166666666666666
7234710,Control,4.35
7234916,Test,3.1166666666666667
7235780,Test,6.033333333333333
7236151,Control,15.483333333333333
7236664,Test,2.033333333333333
7236884,Control,7.05
7237122,Test,5.766666666666667
7237407,Control,6.716666666666667
7238205,Control,13.95
7238550,Test,3.1
7239063,Control,3.45
7239443,Test,5.316666666666666
7240019,Test,2.6666666666666665
7240133,Test,3.1666666666666665
7240184,Test,3.3666666666666667
7240424,Test,3.9833333333333334
7240566,Test,14.633333333333333
7240649,Control,2.966666666666667
7241089,Control,4.866666666666666
7241207,Control,2.783333333333333
7241247,Test,6.45
7241458,Test,35.233333333333334
7241877,Test,2.2
7242210,Test,2.283333333333333
7243286,Control,3.7333333333333334
7243507,Control,17.816666666666666
7243800,Test,2.683333333333333
7244004,Test,3.6166666666666667
7244371,Test,2.15
7244374,Control,3.7333333333333334
7244577,Control,6.966666666666667
7244755,Test,2.5833333333333335
7245100,Control,4.133333333333334
7245262,Test,3.25
7245782,Control,3.716666666666667
7245855,Control,2.55
7245894,Control,8.766666666666667
7246428,Control,15.166666666666666
7246868,Control,2.283333333333333
7247228,Test,20.583333333333332
7247254,Control,11.733333333333333
7247461,Control,50.583333333333336
7247723,Test,8.683333333333334
7247763,Test,5.883333333333334
7247905,Control,2.816666666666667
7248062,Test,2.533333333333333
7248297,Control,5.966666666666667
7248314,Test,0.7333333333333333
7248407,Test,6.3
7248701,Test,3.5166666666666666
7248895,Test,1.2
7249833,Control,7.05
7249843,Control,2.4833333333333334
7249861,Test,2.3333333333333335
7249987,Test,5.0
7250188,Control,2.283333333333333
7250450,Control,2.9166666666666665
7250748,Test,2.6166666666666667
7252042,Test,11.583333333333334
7252114,Control,7.9
7252312,Test,3.1166666666666667
7252853,Test,10.65
7253519,Test,3.3
7253866,Control,6.233333333333333
7254258,Control,7.483333333333333
7254742,Control,6.7
7254866,Control,3.966666666666667
7255011,Control,4.883333333333334
7255317,Test,3.716666666666667
7255337,Test,6.483333333333333
7255648,Control,37.35
7257319,Test,6.816666666666666
7257640,Test,10.5
7257789,Test,2.2
7257825,Test,2.683333333333333
7257829,Control,7.133333333333334
7258079,Test,1.3833333333333333
7258312,Control,4.666666666666667
7258442,Control,6.583333333333333
7258457,Test,3.316666666666667
7258987,Test,5.283333333333333
7259678,Control,8.033333333333333
7260378,Test,2.316666666666667
7260404,Control,9.333333333333334
7260625,Control,1.8333333333333333
7260973,Test,1.8333333333333333
7261620,Test,4.466666666666667
7261624,Test,2.2666666666666666
7262069,Control,16.15
7262345,Test,2.933333333333333
7262401,Test,3.683333333333333
7262817,Control,3.6666666666666665
7263576,Test,4.216666666666667
7263594,Test,7.4
7263819,Test,1.7166666666666666
7263864,Test,2.6
7263978,Control,3.65
7263987,Test,6.15
7263999,Test,4.533333333333333
7264146,Control,50.766666666666666
7264359,Control,13.133333333333333
7264575,Test,3.45
7265650,Control,10.05
7265744,Test,7.366666666666666
7265828,Test,12.366666666666667
7265937,Test,2.4
7266624,Control,6.216666666666667
7266655,Test,2.05
7266777,Control,2.2333333333333334
7267111,Control,3.683333333333333
7267276,Control,3.45
7267543,Test,2.566666666666667
7268161,Control,3.8333333333333335
7268896,Test,2.6333333333333333
7268984,Test,6.783333333333333
7269060,Control,8.05
7269600,Control,5.183333333333334
7269894,Test,1.3833333333333333
7270244,Test,5.566666666666666
7270311,Test,7.833333333333333
7270362,Test,2.1166666666666667
7270372,Control,5.283333333333333
7271127,Control,16.916666666666668
7271160,Test,6.183333333333334
7271229,Control,1.85
7271269,Control,5.266666666666667
7271731,Control,5.033333333333333
7272223,Control,5.633333333333334
7272255,Control,3.15
7272378,Test,7.716666666666667
7273049,Test,5.133333333333334
7273179,Test,1.0
7273374,Test,1.4833333333333334
7274662,Test,5.116666666666666
7274800,Test,5.383333333333334
7274855,Test,2.95
7275047,Control,6.633333333333334
7275502,Control,2.8666666666666667
7276309,Control,7.566666666666666
7277090,Control,3.566666666666667
7277362,Control,4.95
7277474,Control,5.233333333333333
7278226,Control,5.05
7278489,Control,3.25
7278519,Test,4.85
7278607,Control,2.8666666666666667
7278892,Control,3.8833333333333333
7278903,Test,6.95
7279072,Control,3.7666666666666666
7279483,Control,1.7833333333333334
7279705,Control,3.8
7279868,Control,16.316666666666666
7280433,Control,4.2
7281041,Test,5.5
7281224,Test,2.816666666666667
7281456,Test,6.25
7281654,Test,2.033333333333333
7281713,Control,2.4166666666666665
7281714,Test,4.133333333333334
7282563,Control,4.466666666666667
7282833,Control,12.133333333333333
7283208,Test,2.466666666666667
7283635,Control,3.433333333333333
7283745,Control,12.133333333333333
7283798,Control,3.183333333333333
7284084,Control,5.6
7285230,Control,14.95
7285382,Test,3.283333333333333
7285582,Test,5.466666666666667
7285655,Control,5.716666666666667
7285822,Test,13.05
7285965,Control,2.35
7286566,Control,14.516666666666667
7286739,Control,23.466666666666665
7287000,Test,35.35
7287229,Test,8.8
7287568,Test,12.85
7287598,Control,4.216666666666667
7287656,Test,1.9666666666666666
7288041,Control,2.85
7288479,Control,7.533333333333333
7288768,Control,2.35
7289367,Control,32.8
7291122,Test,21.983333333333334
7291539,Control,13.85
7291574,Control,17.016666666666666
7291872,Control,4.5
7292471,Control,15.433333333333334
7292568,Control,38.53333333333333
7293063,Test,3.1333333333333333
7293345,Control,3.05
7293469,Test,2.183333333333333
7293514,Test,66.08333333333333
7293698,Test,2.683333333333333
7293836,Test,8.733333333333333
7293853,Test,6.25
7294595,Control,16.716666666666665
7294633,Test,6.383333333333334
7294783,Control,10.483333333333333
7294785,Control,1.7666666666666666
7294986,Control,4.35
7295005,Control,6.716666666666667
7295110,Control,5.216666666666667
7295638,Test,6.416666666666667
7295752,Control,4.266666666666667
7295850,Test,2.9166666666666665
7295860,Test,3.6
7295877,Control,5.683333333333334
7296342,Test,3.3666666666666667
7296650,Test,5.066666666666666
7296892,Test,3.0833333333333335
7296988,Test,2.2
7297106,Control,4.716666666666667
7297247,Test,13.2
7297248,Control,2.8666666666666667
7297562,Control,2.933333333333333
7297592,Test,2.4166666666666665
7297859,Control,2.4166666666666665
7297929,Control,6.1
7298730,Control,3.85
7298826,Control,2.2
7299364,Test,1.8333333333333333
7299373,Test,13.566666666666666
7299811,Control,4.45
7299908,Control,9.416666666666666
7300039,Control,7.833333333333333
7300238,Control,40.833333333333336
7300656,Test,5.883333333333334
7301267,Test,3.8666666666666667
7301686,Test,7.55
7301705,Control,5.366666666666666
7301942,Test,1.6833333333333333
7302292,Test,1.05
7302465,Test,21.716666666666665
7302513,Test,2.4833333333333334
7302525,Control,7.466666666666667
7302980,Test,2.933333333333333
7303592,Control,30.4
7303734,Test,3.65
7304289,Control,28.033333333333335
7304695,Test,2.9833333333333334
7305050,Test,1.5
7305195,Control,10.45
7305408,Test,2.816666666666667
7305461,Test,1.4666666666666666
7305466,Control,2.4166666666666665
7305468,Test,11.016666666666667
7305586,Control,2.033333333333333
7305657,Control,2.75
7305811,Control,3.183333333333333
7306047,Control,1.9333333333333333
7306064,Test,2.0833333333333335
7306750,Control,4.0
7307378,Control,20.566666666666666
7308018,Test,4.133333333333334
7308078,Control,10.866666666666667
7308307,Test,2.6
7308563,Test,1.7333333333333334
7309277,Test,2.7666666666666666
7309488,Test,2.316666666666667
7309903,Test,40.733333333333334
7309966,Test,9.383333333333333
7310192,Control,9.716666666666667
7310223,Control,7.383333333333334
7310314,Control,6.733333333333333
7310623,Test,11.6
7311422,Test,12.766666666666667
7311719,Test,1.4
7311742,Control,2.6666666666666665
7312748,Test,3.7333333333333334
7313084,Test,2.216666666666667
7313419,Control,5.416666666666667
7313456,Test,7.25
7313502,Test,3.183333333333333
7313519,Test,5.033333333333333
7314276,Control,2.8
7314567,Test,4.416666666666667
7314764,Test,8.933333333333334
7314900,Test,1.3833333333333333
7315182,Test,1.4166666666666667
7315264,Test,2.066666666666667
7315442,Test,5.633333333333334
7316928,Control,4.733333333333333
7317313,Test,43.5
7318569,Test,3.283333333333333
7318823,Control,5.766666666666667
7318827,Control,3.4166666666666665
7319108,Control,0.9666666666666667
7319328,Control,7.3
7319663,Control,6.35
7319689,Test,4.966666666666667
7320092,Control,6.516666666666667
7320660,Test,3.4
7320878,Control,10.866666666666667
7321228,Test,25.25
7321667,Test,23.116666666666667
7321698,Test,7.6
7321872,Test,5.166666666666667
7322054,Control,7.05
7322417,Test,2.816666666666667
7322521,Test,3.45
7322871,Test,3.283333333333333
7323055,Test,5.616666666666666
7323610,Control,11.316666666666666
7323706,Test,5.0
7324107,Test,2.35
7324201,Test,29.6
7324294,Test,1.0833333333333333
7324659,Test,28.683333333333334
7324963,Test,2.933333333333333
7325425,Control,6.75
7325552,Test,1.6666666666666667
7325802,Control,2.9166666666666665
7325864,Control,3.25
7326156,Control,1.1
7326538,Test,3.566666666666667
7327373,Test,7.033333333333333
7327492,Control,4.783333333333333
7327619,Test,5.2
7327689,Test,3.216666666666667
7327707,Test,5.283333333333333
7327736,Control,8.233333333333333
7328008,Test,11.066666666666666
7328589,Control,4.933333333333334
7328663,Control,5.05
7328869,Test,3.0166666666666666
7329793,Test,7.333333333333333
7329937,Test,1.1833333333333333
7329966,Test,3.5166666666666666
7329985,Control,16.066666666666666
7330117,Control,1.0833333333333333
7330355,Test,12.533333333333333
7330770,Test,14.383333333333333
7330891,Test,3.783333333333333
7330989,Test,4.216666666666667
7331194,Control,12.716666666666667
7331322,Test,2.6333333333333333
7331585,Control,20.283333333333335
7331702,Control,2.183333333333333
7331806,Test,2.35
7332628,Control,4.533333333333333
7332887,Test,6.85
7332962,Test,2.466666666666667
7333123,Control,6.666666666666667
7333505,Control,2.9166666666666665
7333606,Test,4.65
7333746,Test,3.3666666666666667
7333942,Test,3.9166666666666665
7334040,Test,5.933333333333334
7334140,Control,3.7666666666666666
7334704,Test,13.166666666666666
7334944,Test,3.7
7335101,Control,3.783333333333333
7335121,Test,12.483333333333333
7335613,Control,4.216666666666667
7336320,Control,2.216666666666667
7336361,Test,2.9
7336628,Control,8.466666666666667
7336763,Test,3.4833333333333334
7336937,Test,1.8333333333333333
7337185,Test,4.5
7337400,Control,6.6
7337415,Test,1.0
7337453,Test,2.75
7337790,Test,4.6
7338123,Test,4.033333333333333
7338206,Control,3.2666666666666666
7338537,Test,2.066666666666667
7339107,Test,2.6333333333333333
7339191,Test,10.583333333333334
7339227,Control,1.5666666666666667
7339365,Test,7.083333333333333
7339653,Test,14.783333333333333
7339781,Test,2.45
7340309,Control,4.6
7340414,Control,21.033333333333335
7340969,Test,5.683333333333334
7341353,Test,15.933333333333334
7342212,Test,3.1
7342579,Test,2.6666666666666665
7342640,Test,4.5
7342689,Test,3.7666666666666666
7343195,Control,2.8333333333333335
7343199,Control,5.566666666666666
7343230,Test,5.433333333333334
7343742,Control,19.783333333333335
7343984,Test,2.283333333333333
7344008,Control,4.483333333333333
7344475,Control,10.433333333333334
7344676,Control,4.483333333333333
7345204,Control,9.983333333333333
7345720,Control,3.4
7345861,Test,2.7333333333333334
7346292,Test,2.55
7346810,Test,2.15
7347144,Control,2.2666666666666666
7347159,Test,3.283333333333333
7347308,Test,4.133333333333334
7347761,Test,7.7
7348372,Control,12.716666666666667
7348558,Control,9.316666666666666
7348583,Control,2.783333333333333
7348795,Control,4.416666666666667
7348865,Test,4.1
7348998,Test,2.2666666666666666
7349720,Test,5.05
7349912,Test,2.55
7349918,Control,8.666666666666666
7350089,Control,10.816666666666666
7350141,Control,3.4166666666666665
7350365,Test,12.966666666666667
7350373,Test,1.9333333333333333
7350431,Control,1.3833333333333333
7350449,Control,3.45
7350473,Test,5.1
7351048,Test,4.416666666666667
7351061,Control,3.0833333333333335
7351354,Test,6.316666666666666
7351468,Control,5.2
7351950,Test,1.4333333333333333
7352376,Control,4.05
7352531,Control,4.683333333333334
7352536,Test,2.183333333333333
7353115,Test,7.25
7353336,Control,6.0
7353381,Test,4.916666666666667
7353626,Test,2.533333333333333
7353823,Control,2.066666666666667
7354124,Control,4.533333333333333
7354506,Test,7.066666666666666
7354807,Control,2.55
7355316,Control,7.916666666666667
7355737,Test,6.766666666666667
7355987,Test,3.25
7356175,Control,2.45
7356198,Control,2.3666666666666667
7356617,Test,5.066666666666666
7356733,Test,9.633333333333333
7356840,Test,1.7333333333333334
7356919,Test,10.2
7357410,Control,7.616666666666666
7357494,Control,4.05
7357596,Control,3.7
7357908,Test,3.0
7358002,Test,20.416666666666668
7358030,Control,13.5
7358034,Control,8.383333333333333
7358299,Test,6.333333333333333
7359051,Test,2.9
7359157,Control,23.083333333333332
7359197,Test,19.916666666666668
7359857,Control,2.6
7360067,Control,7.266666666666667
7360071,Test,2.066666666666667
7360800,Control,3.9833333333333334
7360903,Control,2.683333333333333
7361200,Control,3.8833333333333333
7361202,Test,4.216666666666667
7361480,Test,6.45
7361742,Test,3.4833333333333334
7361907,Test,4.1
7362107,Control,5.8
7362110,Control,15.15
7362853,Test,3.3833333333333333
7362941,Control,3.7666666666666666
7363195,Test,2.4166666666666665
7363252,Test,5.533333333333333
7363604,Control,3.216666666666667
7364870,Control,6.933333333333334
7365367,Test,8.066666666666666
7365416,Control,10.833333333333334
7365634,Control,1.6
7365758,Test,17.133333333333333
7366275,Control,2.45
7366567,Control,7.183333333333334
7366686,Control,4.4
7367037,Control,2.4
7367110,Control,3.033333333333333
7367240,Test,1.3333333333333333
7367695,Control,2.3833333333333333
7368037,Test,2.533333333333333
7368169,Test,4.6
7368719,Test,2.1166666666666667
7368906,Test,7.95
7369337,Control,8.266666666666667
7369472,Control,1.75
7370282,Test,8.933333333333334
7370539,Control,5.416666666666667
7371185,Control,2.033333333333333
7371217,Control,5.533333333333333
7371529,Test,12.0
7372308,Control,8.083333333333334
7372519,Test,26.95
7372778,Test,27.233333333333334
7372790,Test,2.75
7372914,Control,3.716666666666667
7373142,Test,4.683333333333334
7374359,Control,4.083333333333333
7374417,Test,12.65
7374814,Test,9.783333333333333
7375067,Control,6.183333333333334
7375132,Control,2.5166666666666666
7376571,Test,5.3
7376723,Test,4.416666666666667
7377214,Control,1.6166666666666667
7377514,Control,2.75
7377686,Test,1.7333333333333334
7377886,Control,4.216666666666667
7378111,Test,1.8666666666666667
7378177,Control,5.333333333333333
7378289,Test,5.45
7378334,Test,7.866666666666666
7378434,Test,2.066666666666667
7378448,Test,1.25
7378570,Test,2.6
7378600,Control,9.166666666666666
7378754,Control,6.183333333333334
7379024,Test,1.1333333333333333
7379120,Test,15.0
7379141,Control,3.8333333333333335
7379545,Test,3.966666666666667
7379632,Test,2.5166666666666666
7379864,Test,5.116666666666666
7380598,Test,7.533333333333333
7380609,Test,3.9
7380697,Test,4.45
7380735,Test,1.9666666666666666
7380792,Control,22.566666666666666
7380970,Control,11.116666666666667
7381328,Test,1.9333333333333333
7381384,Test,7.966666666666667
7381522,Control,6.266666666666667
7381859,Test,3.683333333333333
7382317,Test,5.85
7382665,Control,2.8333333333333335
7383102,Test,1.2333333333333334
7383591,Control,1.9166666666666667
7383801,Test,3.85
7383842,Test,2.75
7384432,Control,0.7
7384949,Control,4.05
7385443,Control,18.85
7385478,Control,10.733333333333333
7385677,Test,2.6
7385788,Test,3.183333333333333
7385999,Control,6.066666666666666
7386334,Control,4.95
7386490,Test,1.9333333333333333
7386580,Control,4.416666666666667
7387446,Test,8.116666666666667
7387490,Test,3.4833333333333334
7387738,Test,3.7666666666666666
7387739,Test,1.5666666666666667
7388500,Test,6.583333333333333
7388571,Control,3.6333333333333333
7388626,Test,8.366666666666667
7389323,Control,2.066666666666667
7389407,Control,4.0
7389701,Test,2.1166666666666667
7389758,Control,16.15
7389969,Control,5.6
7389972,Control,1.9166666666666667
7390161,Control,3.0833333333333335
7390560,Control,2.85
7391082,Control,7.75
7391156,Control,3.1666666666666665
7391460,Test,3.35
7391835,Control,16.7
7392118,Test,14.483333333333333
7392265,Test,2.5166666666666666
7392318,Test,3.6
7392339,Test,4.55
7392475,Test,4.1
7392757,Test,2.85
7392759,Control,3.283333333333333
7392799,Control,6.416666666666667
7393657,Test,11.616666666666667
7393980,Test,41.583333333333336
7394311,Control,4.55
7394414,Test,3.0166666666666666
7394783,Control,24.283333333333335
7395549,Control,3.95
7395578,Control,4.983333333333333
7395738,Control,2.45
7395993,Control,4.0
7396638,Control,3.2666666666666666
7396664,Test,3.1166666666666667
7397092,Control,8.4
7397134,Control,8.066666666666666
7397516,Test,18.35
7397618,Control,1.2833333333333334
7397888,Test,2.5833333333333335
7397902,Test,2.283333333333333
7398565,Control,2.783333333333333
7399603,Test,6.5
7400219,Control,2.566666666666667
7401312,Test,3.0166666666666666
7401406,Test,2.65
7401549,Test,1.95
7402411,Test,5.733333333333333
7402550,Test,18.816666666666666
7402828,Control,9.3
7403333,Test,2.1333333333333333
7403538,Control,4.5
7403748,Test,4.016666666666667
7404066,Control,20.983333333333334
7404872,Control,3.2333333333333334
7404909,Test,1.75
7404966,Test,2.15
7405321,Test,2.8
7405869,Test,9.25
7406000,Test,4.016666666666667
7406300,Control,4.366666666666666
7408543,Test,4.366666666666666
7409331,Test,6.933333333333334
7409542,Test,4.616666666666666
7409617,Control,4.766666666666667
7410126,Test,3.4833333333333334
7410749,Test,2.5
7411125,Control,5.566666666666666
7411340,Test,5.516666666666667
7411561,Control,3.55
7411740,Test,8.25
7411821,Test,8.683333333333334
7411855,Control,7.633333333333334
7412471,Control,27.716666666666665
7412950,Control,3.1166666666666667
7412988,Control,1.7666666666666666
7413723,Control,3.2333333333333334
7413799,Test,2.3
7413872,Test,5.466666666666667
7414306,Control,9.283333333333333
7414444,Test,7.55
7415005,Test,5.933333333333334
7415063,Control,10.283333333333333
7415186,Control,2.533333333333333
7415197,Test,1.5666666666666667
7415537,Control,1.4
7415948,Control,1.7166666666666666
7416675,Test,19.65
7416764,Test,5.5
7417737,Test,3.3
7417841,Control,2.0
7418059,Test,2.2
7418594,Control,2.9166666666666665
7418692,Test,2.283333333333333
7418794,Control,9.616666666666667
7419178,Control,5.766666666666667
7419363,Test,5.4
7419636,Test,1.6166666666666667
7419662,Control,19.75
7419738,Control,1.4666666666666666
7419744,Test,14.333333333333334
7419823,Test,2.716666666666667
7419944,Test,6.45
7419949,Test,2.45
7420364,Test,3.316666666666667
7420672,Test,5.05
7421288,Control,1.25
7421398,Control,4.2
7421956,Control,5.683333333333334
7422021,Test,2.683333333333333
7422979,Control,4.816666666666666
7424578,Test,1.5833333333333333
7424589,Test,2.45
7425144,Test,1.2833333333333334
7425171,Test,2.4833333333333334
7425498,Test,1.5333333333333334
7425878,Test,4.166666666666667
7425904,Control,3.5
7426124,Test,10.0
7427161,Test,6.216666666666667
7427307,Test,0.9
7427398,Test,2.45
7427550,Control,8.65
7427791,Control,2.6166666666666667
7427840,Test,4.4
7428123,Test,34.766666666666666
7428411,Test,3.783333333333333
7428656,Test,5.866666666666666
7429096,Control,3.2
7429481,Control,4.75
7429644,Control,5.716666666666667
7429692,Control,2.433333333333333
7429772,Control,1.4833333333333334
7429878,Test,8.116666666666667
7429945,Control,1.6333333333333333
7430047,Test,1.85
7430050,Test,8.033333333333333
7430457,Test,2.55
7431082,Test,19.783333333333335
7431511,Test,12.566666666666666
7431680,Test,6.433333333333334
7431756,Test,7.016666666666667
7432524,Control,3.716666666666667
7433082,Test,3.783333333333333
7433366,Control,2.283333333333333
7433467,Control,9.333333333333334
7433598,Control,2.45
7433855,Control,7.85
7433902,Test,1.1833333333333333
7434363,Test,1.7333333333333334
7434562,Test,1.55
7434743,Control,2.7666666666666666
7434986,Test,20.633333333333333
7435030,Control,15.833333333333334
7435132,Control,9.033333333333333
7435434,Control,7.033333333333333
7435708,Test,1.6166666666666667
7435991,Test,9.0
7436933,Test,4.583333333333333
7437226,Test,1.8666666666666667
7437227,Control,7.4
7438065,Control,3.6666666666666665
7438702,Test,3.0166666666666666
7439475,Control,7.6
7439738,Control,1.8333333333333333
7439765,Test,2.966666666666667
7439988,Control,9.166666666666666
7440286,Test,3.1666666666666665
7440378,Control,1.9166666666666667
7440442,Control,3.4
7441341,Test,8.966666666666667
7441620,Test,4.5
7441896,Control,4.933333333333334
7442839,Control,5.266666666666667
7443147,Control,4.75
7443220,Test,1.9333333333333333
7444846,Test,1.8166666666666667
7444896,Test,6.366666666666666
7445362,Test,2.4
7446375,Test,3.7
7446797,Test,5.05
7447069,Control,5.1
7447840,Control,3.716666666666667
7447954,Test,2.6666666666666665
7448214,Test,3.283333333333333
7448539,Test,7.716666666666667
7448926,Control,8.666666666666666
7449052,Test,9.883333333333333
7449101,Control,3.433333333333333
7449128,Control,2.2333333333333334
7449147,Control,2.816666666666667
7449202,Test,12.45
7449386,Test,1.05
7450119,Control,3.5166666666666666
7450422,Control,5.833333333333333
7451070,Test,5.533333333333333
7451462,Test,1.4666666666666666
7451853,Control,11.866666666666667
7451917,Test,8.133333333333333
7452055,Test,3.5833333333333335
7453085,Test,3.9166666666666665
7453419,Control,4.0
7454658,Test,7.416666666666667
7454759,Test,2.8833333333333333
7455554,Test,6.3
7455684,Control,5.4
7456717,Control,2.216666666666667
7458004,Control,2.75
7458552,Control,34.25
7458629,Control,4.133333333333334
7458635,Control,15.6
7458984,Test,1.9333333333333333
7459283,Test,5.716666666666667
7459485,Control,4.15
7460130,Control,15.633333333333333
7460136,Control,5.083333333333333
7460344,Test,2.4833333333333334
7460349,Control,5.05
7460419,Test,2.683333333333333
7461354,Test,1.6833333333333333
7461510,Control,7.533333333333333
7461823,Control,6.133333333333334
7462323,Control,5.716666666666667
7462324,Control,4.033333333333333
7462350,Test,1.4833333333333334
7463154,Control,3.066666666666667
7463647,Test,7.133333333333334
7463739,Test,2.9166666666666665
7463905,Test,3.45
7464120,Test,6.95
7464247,Test,3.816666666666667
7464268,Control,2.1666666666666665
7464330,Control,3.55
7464456,Test,8.35
7464571,Test,7.416666666666667
7464807,Test,2.1
7465057,Control,3.05
7465113,Test,3.283333333333333
7465149,Control,3.8333333333333335
7465318,Test,2.85
7465348,Control,2.6333333333333333
7465457,Test,2.566666666666667
7465976,Test,2.6
7466392,Control,11.033333333333333
7466698,Control,5.666666666666667
7467039,Control,6.433333333333334
7467270,Control,2.7333333333333334
7468065,Test,1.9666666666666666
7468099,Control,14.833333333333334
7468112,Control,4.916666666666667
7468293,Test,7.733333333333333
7468377,Test,7.366666666666666
7468402,Test,12.333333333333334
7468471,Control,3.0166666666666666
7468519,Test,4.833333333333333
7468818,Test,2.933333333333333
7469730,Control,1.5666666666666667
7469877,Control,7.416666666666667
7469891,Control,3.0
7470213,Test,7.266666666666667
7470480,Test,3.316666666666667
7470491,Test,4.8
7470775,Control,5.966666666666667
7471029,Control,3.2666666666666666
7471592,Control,4.4
7471769,Control,15.883333333333333
7471901,Control,2.45
7472061,Control,2.9
7472328,Test,1.4833333333333334
7473225,Control,4.983333333333333
7473284,Control,2.8333333333333335
7473321,Control,3.5833333333333335
7474175,Control,3.6333333333333333
7474459,Test,6.733333333333333
7474517,Control,6.733333333333333
7474982,Control,18.266666666666666
7475284,Test,5.383333333333334
7475365,Control,7.733333333333333
7475772,Test,11.166666666666666
7476303,Control,2.5
7476680,Control,14.1
7477039,Control,6.033333333333333
7477079,Control,21.9
7477560,Test,5.816666666666666
7477915,Control,12.733333333333333
7477946,Control,33.25
7478327,Test,5.1
7478542,Test,2.1
7478940,Control,2.85
7479054,Control,13.85
7479485,Control,4.816666666666666
7479495,Control,6.9
7479732,Control,16.366666666666667
7480585,Control,8.033333333333333
7481204,Control,6.0
7481862,Control,7.166666666666667
7481982,Control,3.9166666666666665
7482120,Test,5.583333333333333
7482600,Test,16.45
7483042,Test,5.15
7483235,Control,2.816666666666667
7483802,Control,3.316666666666667
7483839,Control,3.8
7484102,Control,4.016666666666667
7484562,Test,1.7833333333333334
7485074,Control,5.65
7485585,Control,4.133333333333334
7485600,Control,3.683333333333333
7485810,Test,1.95
7485852,Control,2.216666666666667
7485900,Control,1.5166666666666666
7486083,Test,3.65
7486231,Control,6.35
7487053,Test,2.783333333333333
7487235,Control,4.166666666666667
7487451,Control,7.066666666666666
7488351,Test,5.3
7488361,Test,3.4166666666666665
7489127,Control,2.966666666666667
7489736,Control,2.95
7490213,Control,28.216666666666665
7490608,Control,5.183333333333334
7491018,Control,6.966666666666667
7491100,Test,7.966666666666667
7491468,Control,1.8
7492322,Test,2.3666666666666667
7492583,Test,1.6333333333333333
7492799,Control,8.916666666666666
7493592,Control,10.166666666666666
7493843,Control,5.916666666666667
7494174,Test,9.116666666666667
7494176,Control,5.183333333333334
7494242,Test,2.033333333333333
7494942,Control,2.45
7495084,Control,2.1
7495289,Control,1.5166666666666666
7495299,Control,2.6
7495470,Control,3.9833333333333334
7495691,Control,2.65
7496027,Control,14.633333333333333
7496077,Test,6.866666666666666
7497113,Test,3.05
7497330,Test,3.8333333333333335
7497388,Control,3.466666666666667
7497398,Control,9.583333333333334
7498356,Control,1.6666666666666667
7498991,Control,2.2
7499638,Test,0.8666666666666667
7500270,Control,3.6166666666666667
7501406,Control,1.25
7501408,Control,2.2666666666666666
7501737,Test,3.0
7501794,Control,6.033333333333333
7501883,Test,4.266666666666667
7502159,Test,5.65
7502474,Test,1.95
7502502,Test,5.783333333333333
7503894,Control,3.066666666666667
7504273,Test,4.6
7504367,Control,3.6666666666666665
7504425,Test,8.0
7504835,Test,2.216666666666667
7505356,Test,15.233333333333333
7505509,Control,14.233333333333333
7506104,Control,3.55
7506131,Test,2.3666666666666667
7506646,Test,9.616666666666667
7507388,Control,5.116666666666666
7507433,Control,3.283333333333333
7507445,Control,6.516666666666667
7507544,Test,3.1666666666666665
7507623,Test,6.3
7508143,Test,3.25
7508711,Test,2.933333333333333
7508773,Test,3.1
7508843,Control,2.0833333333333335
7509627,Test,21.183333333333334
7509628,Control,14.116666666666667
7509925,Control,1.9666666666666666
7510127,Test,2.65
7510591,Test,4.3
7510601,Control,7.466666666666667
7510649,Control,1.3833333333333333
7510694,Test,3.8833333333333333
7510784,Test,8.4
7510930,Test,1.7666666666666666
7511012,Test,3.033333333333333
7511167,Test,9.75
7511255,Test,6.15
7511477,Control,5.783333333333333
7511654,Control,3.0166666666666666
7511703,Test,3.6166666666666667
7511753,Test,3.933333333333333
7512056,Test,3.316666666666667
7512247,Control,4.016666666666667
7512282,Control,8.066666666666666
7512585,Test,13.7
7512804,Control,5.8
7513572,Control,5.216666666666667
7513678,Test,9.15
7514622,Test,4.816666666666666
7514987,Control,2.566666666666667
7515052,Control,10.3
7515443,Test,3.3333333333333335
7516259,Control,3.283333333333333
7516764,Test,2.433333333333333
7516827,Control,7.916666666666667
7516880,Control,52.166666666666664
7517398,Test,4.083333333333333
7517429,Control,2.4833333333333334
7517800,Test,9.083333333333334
7517802,Test,9.7
7518013,Test,2.35
7518703,Control,2.3666666666666667
7518844,Control,1.8
7519157,Control,4.283333333333333
7519532,Test,1.7833333333333334
7519549,Control,6.0
7520125,Test,2.1333333333333333
7520504,Control,17.333333333333332
7520598,Test,6.166666666666667
7521207,Test,4.516666666666667
7521214,Test,2.5
7521309,Test,2.85
7521632,Test,5.95
7521788,Control,11.333333333333334
7522784,Test,0.9333333333333333
7523205,Test,2.4
7523598,Test,10.233333333333333
7524315,Test,17.1
7524570,Control,4.766666666666667
7524965,Test,3.7
7525142,Control,10.4
7525168,Control,4.783333333333333
7525715,Test,5.283333333333333
7525993,Control,6.583333333333333
7526512,Test,1.2666666666666666
7526560,Test,2.8333333333333335
7526845,Test,5.016666666666667
7527567,Test,4.433333333333334
7528170,Test,11.533333333333333
7528331,Test,8.6
7528589,Test,1.9833333333333334
7529158,Test,0.9333333333333333
7529460,Control,11.033333333333333
7529953,Control,22.116666666666667
7530041,Test,4.4
7530138,Control,4.183333333333334
7530392,Test,2.0
7530822,Test,5.833333333333333
7530875,Control,5.416666666666667
7531469,Test,1.9
7532866,Test,3.0833333333333335
7533358,Control,7.783333333333333
7533488,Test,2.3833333333333333
7533947,Control,2.4166666666666665
7533968,Test,24.066666666666666
7534618,Control,20.233333333333334
7534652,Control,3.033333333333333
7534819,Test,8.183333333333334
7535494,Test,1.5166666666666666
7535944,Test,2.4833333333333334
7536028,Control,1.7333333333333334
7536655,Control,7.4
7537056,Test,5.083333333333333
7537987,Control,3.7
7538120,Control,7.966666666666667
7538160,Control,9.1
7539129,Control,29.516666666666666
7539703,Control,6.066666666666666
7539930,Test,65.11666666666666
7540446,Test,13.833333333333334
7541117,Test,3.3666666666666667
7541202,Test,4.466666666666667
7541570,Test,2.066666666666667
7541656,Control,6.75
7541813,Test,4.65
7542530,Test,5.633333333333334
7542559,Control,4.85
7544001,Test,7.05
7544121,Control,15.866666666666667
7544362,Test,49.166666666666664
7544394,Test,7.0
7544412,Control,2.033333333333333
7544555,Test,6.7
7544723,Test,4.816666666666666
7546085,Test,16.166666666666668
7546162,Control,1.8
7546275,Test,33.1
7546798,Control,2.85
7546948,Test,4.983333333333333
7546968,Test,14.766666666666667
7547652,Test,10.95
7547967,Test,3.816666666666667
7548071,Test,1.4833333333333334
7548550,Test,9.25
7549232,Test,2.15
7549476,Control,4.266666666666667
7549818,Control,8.033333333333333
7550339,Control,5.733333333333333
7550463,Test,4.433333333333334
7550662,Control,1.1833333333333333
7550898,Control,2.7666666666666666
7551101,Test,1.3
7551383,Control,9.883333333333333
7551444,Test,11.066666666666666
7551662,Control,3.933333333333333
7551666,Control,3.05
7551676,Control,2.1666666666666665
7552391,Control,3.25
7552409,Test,1.5333333333333334
7552544,Control,11.133333333333333
7552736,Test,2.75
7553011,Control,7.55
7553621,Control,5.85
7553676,Test,9.833333333333334
7553845,Test,2.6333333333333333
7554258,Control,3.316666666666667
7554368,Test,6.75
7554625,Test,5.716666666666667
7554994,Control,3.05
7555597,Control,6.083333333333333
7555845,Control,9.7
7556066,Test,4.633333333333334
7556262,Control,4.983333333333333
7556542,Test,25.233333333333334
7557120,Control,11.583333333333334
7557189,Control,3.533333333333333
7558551,Test,6.65
7558565,Test,3.533333333333333
7558828,Control,2.2666666666666666
7558925,Test,2.1666666666666665
7559009,Test,32.06666666666667
7559057,Test,2.0
7559241,Test,3.3
7559628,Test,6.25
7559666,Test,1.6
7559687,Control,6.366666666666666
7559891,Control,5.233333333333333
7560060,Test,8.166666666666666
7560071,Test,3.933333333333333
7560420,Test,1.85
7560600,Control,8.216666666666667
7561002,Test,2.066666666666667
7561139,Control,3.9166666666666665
7561241,Test,4.383333333333334
7561939,Control,7.0
7562380,Test,5.6
7562472,Test,1.8333333333333333
7563117,Control,2.183333333333333
7563227,Test,7.8
7563459,Test,1.6166666666666667
7563473,Control,4.2
7563717,Test,5.633333333333334
7563830,Test,11.216666666666667
7563831,Test,22.433333333333334
7564180,Test,18.683333333333334
7564238,Test,1.95
7564510,Control,5.816666666666666
7564737,Test,2.566666666666667
7564941,Control,10.9
7565697,Test,1.7833333333333334
7565935,Test,3.2
7566318,Test,4.133333333333334
7566862,Test,2.8666666666666667
7567116,Test,2.7
7567135,Control,1.6333333333333333
7567165,Control,16.266666666666666
7567200,Test,6.216666666666667
7567972,Control,4.416666666666667
7568052,Test,2.3333333333333335
7568821,Test,2.4
7569257,Test,3.2666666666666666
7569324,Test,2.55
7569353,Test,7.733333333333333
7569984,Test,5.866666666666666
7570145,Control,19.416666666666668
7570418,Control,5.533333333333333
7570937,Control,4.7
7571228,Test,2.4166666666666665
7571586,Test,6.1
7571648,Control,2.0166666666666666
7571855,Control,3.5
7572090,Test,1.6833333333333333
7572525,Test,23.716666666666665
7572631,Test,8.466666666666667
7572986,Test,16.733333333333334
7573647,Control,3.8666666666666667
7573739,Test,8.233333333333333
7573990,Control,2.6333333333333333
7574065,Control,8.016666666666667
7574307,Control,1.95
7574520,Control,0.8166666666666667
7574568,Test,2.35
7574598,Control,4.066666666666666
7574606,Control,2.55
7574668,Test,12.75
7574730,Test,56.4
7575007,Control,3.7333333333333334
7575224,Test,6.933333333333334
7575683,Test,20.766666666666666
7575842,Control,3.4166666666666665
7576316,Control,5.083333333333333
7576442,Test,2.7
7576917,Test,5.283333333333333
7577221,Test,2.816666666666667
7577463,Control,2.9
7578105,Test,4.333333333333333
7579546,Control,2.5166666666666666
7579937,Control,3.1333333333333333
7579947,Control,4.983333333333333
7580525,Control,6.566666666666666
7580898,Test,1.9666666666666666
7581565,Test,2.1333333333333333
7581825,Test,1.5166666666666666
7581994,Control,2.9833333333333334
7582115,Control,3.9
7582150,Control,1.8666666666666667
7582181,Test,2.566666666666667
7582183,Test,4.7
7582334,Control,2.85
7582539,Control,3.6333333333333333
7582801,Control,3.4833333333333334
7583106,Control,2.183333333333333
7583640,Control,3.95
7583768,Control,4.166666666666667
7583850,Control,7.4
7584268,Test,4.1
7584428,Control,4.666666666666667
7584430,Test,2.5166666666666666
7585238,Control,7.166666666666667
7585765,Control,10.116666666666667
7586469,Test,1.2166666666666666
7586604,Test,1.6833333333333333
7587456,Test,1.7833333333333334
7588380,Control,4.783333333333333
7588400,Control,5.683333333333334
7588645,Test,2.3333333333333335
7588886,Test,3.3333333333333335
7588921,Test,3.1666666666666665
7589514,Test,5.583333333333333
7590004,Control,5.866666666666666
7590220,Control,7.983333333333333
7590476,Test,2.566666666666667
7590544,Control,7.233333333333333
7590603,Control,4.016666666666667
7590829,Control,11.633333333333333
7590837,Control,2.933333333333333
7591418,Control,2.716666666666667
7591493,Test,2.533333333333333
7592023,Control,1.7833333333333334
7592127,Control,3.8333333333333335
7592164,Test,5.983333333333333
7592187,Control,1.7166666666666666
7592250,Test,3.6
7592638,Test,15.433333333333334
7593096,Control,3.216666666666667
7594059,Test,1.7166666666666666
7594212,Test,3.35
7594710,Test,1.6
7594772,Test,2.65
7594828,Control,1.5166666666666666
7595038,Control,21.583333333333332
7595101,Control,5.75
7595293,Control,5.533333333333333
7595966,Control,4.233333333333333
7596048,Control,2.0833333333333335
7596241,Control,2.316666666666667
7596838,Test,2.283333333333333
7596860,Test,2.2666666666666666
7596918,Control,2.566666666666667
7597144,Test,14.45
7597197,Test,6.583333333333333
7598039,Test,2.9
7598094,Test,6.466666666666667
7598151,Test,6.466666666666667
7598836,Control,3.1166666666666667
7599408,Test,1.9333333333333333
7599775,Control,3.25
7599880,Control,2.0833333333333335
7600143,Control,2.816666666666667
7600180,Control,5.366666666666666
7600838,Test,5.383333333333334
7600879,Test,2.1666666666666665
7601230,Test,12.366666666666667
7601740,Test,7.166666666666667
7602445,Control,1.85
7602950,Test,6.6
7603589,Test,9.366666666666667
7603655,Test,1.8833333333333333
7603857,Control,4.75
7603951,Test,1.3166666666666667
7603967,Control,5.533333333333333
7604827,Control,3.0833333333333335
7605063,Test,14.65
7605451,Control,3.316666666666667
7605728,Control,13.516666666666667
7605909,Control,4.65
7606536,Control,1.7666666666666666
7606754,Control,2.8666666666666667
7606773,Test,2.4833333333333334
7606952,Test,4.716666666666667
7606958,Control,5.25
7607012,Test,13.466666666666667
7607583,Control,14.65
7608061,Test,2.8333333333333335
7608281,Test,1.8833333333333333
7608559,Control,3.5833333333333335
7608880,Test,6.7
7609003,Test,2.466666666666667
7609239,Test,6.016666666666667
7609276,Test,10.35
7609773,Control,3.1166666666666667
7610523,Test,2.15
7610723,Control,3.283333333333333
7612092,Control,7.0
7612773,Control,5.5
7612839,Test,3.4
7613190,Test,2.7
7613191,Test,4.0
7614490,Control,3.816666666666667
7615744,Control,2.783333333333333
7615942,Test,1.65
7616067,Test,2.8666666666666667
7616453,Test,2.283333333333333
7616559,Test,2.1166666666666667
7616759,Control,2.033333333333333
7617038,Test,3.8666666666666667
7617111,Control,2.5166666666666666
7617417,Control,17.1
7617669,Test,3.1333333333333333
7617721,Test,1.5166666666666666
7619234,Control,9.033333333333333
7619304,Test,11.75
7619402,Test,1.8333333333333333
7619560,Test,3.7333333333333334
7619625,Control,3.533333333333333
7619691,Control,5.7
7619764,Test,1.6666666666666667
7619785,Test,1.8166666666666667
7619838,Control,6.25
7619941,Test,1.7
7620007,Test,9.05
7620270,Test,3.4833333333333334
7620412,Control,3.216666666666667
7620675,Test,11.133333333333333
7621143,Control,1.8166666666666667
7621177,Test,7.25
7621250,Control,8.133333333333333
7621430,Test,2.85
7622290,Test,1.6166666666666667
7622618,Control,5.133333333333334
7622771,Test,5.5
7622966,Control,3.2333333333333334
7623010,Control,7.0
7623375,Test,6.333333333333333
7623407,Test,5.3
7623562,Control,2.05
7623574,Control,2.5
7623617,Test,3.6333333333333333
7623681,Control,4.333333333333333
7623794,Test,3.25
7623828,Control,1.3833333333333333
7624856,Test,6.016666666666667
7625054,Control,4.566666666666666
7625765,Control,7.766666666666667
7625835,Test,1.5833333333333333
7626126,Test,6.466666666666667
7626144,Control,6.75
7626540,Control,33.86666666666667
7626648,Control,4.666666666666667
7626686,Control,3.7666666666666666
7626945,Control,5.966666666666667
7626947,Test,3.6666666666666665
7627185,Test,6.583333333333333
7627270,Test,11.066666666666666
7627322,Control,7.966666666666667
7627744,Test,2.316666666666667
7628095,Control,4.383333333333334
7628218,Test,5.3
7628683,Control,3.533333333333333
7628721,Control,2.466666666666667
7628896,Control,3.3333333333333335
7628967,Control,10.016666666666667
7628980,Control,2.683333333333333
7629056,Control,8.783333333333333
7629666,Test,1.3333333333333333
7629919,Test,23.333333333333332
7630153,Test,7.966666666666667
7630828,Test,4.133333333333334
7631128,Test,2.95
7631171,Control,1.5666666666666667
7631497,Test,2.0
7631517,Test,2.8666666666666667
7631686,Test,1.2833333333333334
7631819,Test,5.7
7632016,Control,2.0166666666666666
7632776,Control,3.816666666666667
7632853,Control,3.5833333333333335
7632901,Test,2.8333333333333335
7633079,Control,15.916666666666666
7633531,Test,3.0166666666666666
7633969,Control,5.433333333333334
7634108,Test,4.35
7634223,Test,3.466666666666667
7634507,Test,5.683333333333334
7634525,Test,14.5
7634807,Control,1.4666666666666666
7634963,Control,2.7
7635685,Control,4.416666666666667
7635887,Test,25.416666666666668
7636277,Control,2.5166666666666666
7636491,Test,2.683333333333333
7636519,Test,2.4
7636646,Control,4.533333333333333
7636757,Test,1.6166666666666667
7637261,Test,5.316666666666666
7637517,Control,1.3833333333333333
7637881,Test,3.3666666666666667
7637957,Test,45.516666666666666
7638105,Test,5.166666666666667
7638291,Test,2.566666666666667
7638574,Test,9.6
7638576,Control,3.6666666666666665
7638825,Control,2.05
7638969,Control,18.566666666666666
7639404,Control,5.866666666666666
7639529,Test,2.433333333333333
7639568,Test,9.733333333333333
7640023,Test,0.6
7640495,Test,1.1
7640897,Control,2.9166666666666665
7640972,Test,2.35
7641046,Test,3.5166666666666666
7641945,Test,2.3333333333333335
7642295,Control,9.583333333333334
7642299,Test,2.5
7642333,Control,3.8833333333333333
7643538,Test,3.6166666666666667
7643934,Test,1.1166666666666667
7644542,Test,2.4833333333333334
7644619,Test,6.216666666666667
7644663,Control,2.183333333333333
7644707,Test,4.683333333333334
7645074,Test,2.5833333333333335
7645104,Test,3.5833333333333335
7645281,Test,14.666666666666666
7645447,Control,2.55
7645867,Test,7.733333333333333
7646071,Test,2.05
7646163,Control,5.65
7646602,Control,7.516666666666667
7646760,Test,3.6166666666666667
7646982,Control,5.45
7647131,Control,6.95
7647547,Test,2.55
7648381,Test,1.4333333333333333
7649006,Test,20.7
7649486,Test,40.31666666666667
7649879,Test,9.616666666666667
7650054,Control,4.066666666666666
7650184,Control,14.333333333333334
7650211,Control,6.3
7650783,Test,3.55
7650804,Control,3.433333333333333
7650855,Test,2.2666666666666666
7651296,Control,3.8
7651432,Test,4.783333333333333
7652076,Test,3.05
7652151,Test,3.8333333333333335
7652204,Control,6.483333333333333
7653425,Test,8.35
7653449,Control,1.9166666666666667
7653811,Test,3.433333333333333
7654114,Control,4.35
7654190,Control,11.633333333333333
7654260,Control,3.7333333333333334
7654305,Test,15.1
7654412,Control,2.1333333333333333
7654427,Test,5.616666666666666
7654435,Test,5.866666666666666
7655415,Control,7.683333333333334
7655458,Test,3.6333333333333333
7655560,Control,18.633333333333333
7655590,Test,1.4833333333333334
7655628,Control,17.9
7655690,Test,5.05
7655826,Test,3.55
7656460,Control,23.083333333333332
7656515,Test,2.783333333333333
7656799,Control,3.95
7656956,Test,2.933333333333333
7656967,Control,1.3666666666666667
7657181,Control,1.7
7657265,Test,6.516666666666667
7657287,Test,4.5
7657427,Test,1.9
7657499,Test,3.8
7657707,Control,1.6333333333333333
7657942,Test,3.783333333333333
7657953,Control,1.35
7658296,Control,1.2166666666666666
7659529,Test,9.566666666666666
7660275,Test,1.0833333333333333
7660455,Control,4.7
7661135,Control,5.616666666666666
7661493,Test,2.4833333333333334
7662927,Control,10.266666666666667
7663095,Control,0.8666666666666667
7663843,Control,6.133333333333334
7664605,Control,1.65
7664935,Control,5.683333333333334
7665323,Test,3.8833333333333333
7665903,Test,3.683333333333333
7665960,Control,3.7666666666666666
7666519,Control,15.35
7666677,Test,16.466666666666665
7668231,Test,15.566666666666666
7668738,Test,3.9
7668747,Test,3.816666666666667
7669299,Test,5.266666666666667
7669500,Test,2.933333333333333
7669585,Control,4.316666666666666
7670421,Test,6.416666666666667
7670689,Test,6.716666666666667
7670792,Control,1.95
7670796,Control,2.5833333333333335
7670847,Control,2.7333333333333334
7670919,Control,6.433333333333334
7671296,Control,2.95
7671409,Test,15.366666666666667
7672522,Test,6.25
7672551,Test,1.4833333333333334
7672790,Test,5.433333333333334
7672898,Test,4.3
7672918,Test,1.45
7672926,Control,3.466666666666667
7673166,Test,9.35
7673677,Control,3.9
7673681,Test,4.6
7673842,Test,20.15
7674299,Test,5.95
7674704,Control,11.016666666666667
7675093,Test,2.05
7675264,Control,3.75
7675311,Test,1.0833333333333333
7675326,Control,2.3
7676006,Test,25.366666666666667
7676685,Control,1.9833333333333334
7677128,Control,4.216666666666667
7677234,Test,7.066666666666666
7677343,Test,14.1
7677466,Test,13.616666666666667
7677496,Control,18.216666666666665
7677503,Test,22.866666666666667
7678077,Test,3.216666666666667
7678301,Control,24.766666666666666
7678410,Test,12.183333333333334
7678522,Test,5.083333333333333
7678937,Test,1.7166666666666666
7678969,Test,2.533333333333333
7679143,Control,3.1
7679295,Test,2.2666666666666666
7679428,Control,6.25
7679440,Test,1.95
7679817,Control,2.5
7679903,Control,5.35
7680107,Control,2.4
7680278,Control,8.6
7680445,Test,2.316666666666667
7680560,Control,6.416666666666667
7680650,Test,3.2
7680980,Test,3.533333333333333
7681302,Test,19.3
7681476,Control,4.433333333333334
7681842,Control,27.3
7682575,Test,1.9833333333333334
7682918,Test,3.9166666666666665
7683063,Test,5.533333333333333
7683151,Control,13.816666666666666
7683638,Control,7.05
7684332,Test,3.933333333333333
7685002,Test,9.416666666666666
7685083,Control,3.55
7685279,Control,13.316666666666666
7685747,Control,4.266666666666667
7685873,Test,6.633333333333334
7686465,Control,10.983333333333333
7686541,Control,1.9666666666666666
7686586,Control,9.55
7687196,Control,14.85
7687961,Control,2.3666666666666667
7688646,Control,3.2
7688784,Control,3.35
7689327,Control,4.85
7689364,Test,10.516666666666667
7690370,Test,2.216666666666667
7690393,Test,1.8833333333333333
7690452,Test,2.6166666666666667
7690673,Test,1.6833333333333333
7690775,Control,4.4
7691349,Test,4.033333333333333
7691372,Test,1.05
7691516,Control,8.8
7692003,Test,1.5166666666666666
7692059,Test,1.8333333333333333
7692382,Test,7.5
7693057,Test,14.616666666666667
7693085,Test,1.7166666666666666
7693596,Test,3.05
7693669,Control,3.783333333333333
7694274,Control,4.283333333333333
7694434,Control,4.65
7694631,Test,2.6666666666666665
7695537,Control,4.366666666666666
7695539,Test,7.616666666666666
7695672,Control,1.6
7695868,Test,3.7
7696026,Test,6.5
7696084,Test,3.2666666666666666
7696106,Control,3.4166666666666665
7696177,Control,1.6833333333333333
7696674,Control,3.7
7696999,Control,1.4333333333333333
7697450,Test,5.483333333333333
7697566,Test,2.6166666666666667
7697899,Control,5.833333333333333
7698174,Control,12.1
7698179,Control,4.15
7698347,Control,20.216666666666665
7699250,Test,13.233333333333333
7699381,Control,7.766666666666667
7699531,Control,2.3
7700073,Test,2.816666666666667
7700346,Control,9.716666666666667
7700858,Control,4.133333333333334
7701085,Control,8.166666666666666
7701584,Test,2.7
7701830,Control,3.85
7702085,Test,3.1
7702264,Control,6.466666666666667
7702566,Test,4.566666666666666
7702688,Control,3.65
7702732,Test,3.15
7702765,Test,2.283333333333333
7702962,Control,2.6666666666666665
7702990,Control,11.366666666666667
7703063,Control,4.133333333333334
7703886,Test,1.7
7703956,Test,4.283333333333333
7704425,Test,3.6166666666666667
7704754,Control,15.266666666666667
7705023,Control,3.183333333333333
7705056,Control,6.233333333333333
7705474,Control,7.533333333333333
7705694,Test,8.483333333333333
7705839,Test,12.516666666666667
7705920,Control,1.5333333333333334
7705990,Test,2.7
7706068,Test,3.4833333333333334
7706200,Control,1.4333333333333333
7706345,Test,41.15
7706526,Test,3.0166666666666666
7706822,Control,3.75
7706925,Test,4.583333333333333
7707023,Test,5.633333333333334
7707032,Control,11.316666666666666
7707247,Control,2.85
7707422,Test,10.45
7707583,Control,4.75
7707762,Test,2.9
7707832,Control,2.55
7707869,Control,7.033333333333333
7708063,Test,8.616666666666667
7708064,Test,3.75
7708199,Test,8.883333333333333
7708706,Test,3.5166666666666666
7708840,Control,15.966666666666667
7708929,Test,7.116666666666666
7709064,Control,2.2
7709301,Test,8.4
7709518,Test,4.316666666666666
7709844,Test,7.116666666666666
7710207,Test,2.9
7710564,Control,1.5666666666666667
7711539,Control,4.983333333333333
7711789,Control,4.166666666666667
7711917,Test,2.0
7711967,Control,3.1666666666666665
7712000,Test,6.033333333333333
7713343,Test,8.916666666666666
7713728,Test,2.1333333333333333
7714175,Test,4.25
7714571,Test,1.7166666666666666
7714718,Test,8.9
7714801,Test,1.5
7715715,Control,4.2
7715876,Test,20.3
7716135,Control,3.4
7716583,Test,13.766666666666667
7716820,Test,22.7
7717237,Control,3.1
7717324,Test,3.5166666666666666
7718148,Test,10.75
7718245,Test,1.9833333333333334
7718315,Control,3.95
7718345,Test,2.05
7718729,Test,20.616666666666667
7719952,Control,6.583333333333333
7720091,Test,2.25
7720386,Control,2.966666666666667
7720553,Test,3.2666666666666666
7721482,Test,2.75
7721819,Control,2.4
7721837,Control,14.566666666666666
7722105,Test,6.0
7722308,Control,3.2333333333333334
7722584,Control,1.6833333333333333
7722964,Test,3.033333333333333
7723001,Test,1.6166666666666667
7723505,Control,9.516666666666667
7723642,Control,18.033333333333335
7723706,Test,6.433333333333334
7723845,Test,1.7333333333333334
7723861,Control,1.6333333333333333
7724271,Test,3.75
7724739,Control,4.5
7724904,Control,11.3
7725213,Control,1.5333333333333334
7726175,Control,2.2666666666666666
7726374,Control,5.033333333333333
7726525,Test,2.5166666666666666
7726539,Control,1.45
7726930,Control,13.6
7727044,Test,10.366666666666667
7727178,Control,9.6
7727853,Control,1.8666666666666667
7728491,Control,4.233333333333333
7728720,Control,18.533333333333335
7728815,Control,2.716666666666667
7729241,Control,8.683333333333334
7729416,Control,3.6333333333333333
7730144,Control,3.3666666666666667
7730418,Control,1.2
7730741,Control,3.8333333333333335
7731196,Control,20.9
7731412,Control,21.983333333333334
7731901,Control,6.766666666666667
7732268,Test,2.466666666666667
7732298,Test,11.066666666666666
7732508,Test,3.65
7732567,Test,1.9
7732731,Test,13.3
7733089,Test,8.133333333333333
7733227,Test,5.383333333333334
7733267,Control,12.233333333333333
7733547,Control,4.666666666666667
7733673,Control,6.5
7733877,Control,3.55
7733914,Test,4.466666666666667
7734971,Control,2.1666666666666665
7735005,Control,1.95
7735187,Control,11.516666666666667
7735522,Test,9.9
7735750,Control,19.433333333333334
7735861,Test,5.133333333333334
7735906,Test,2.8833333333333333
7736224,Test,3.683333333333333
7736243,Control,8.366666666666667
7736245,Test,13.433333333333334
7736525,Control,7.1
7737184,Test,6.266666666666667
7737525,Test,2.5166666666666666
7738024,Control,3.5833333333333335
7738477,Control,4.333333333333333
7738605,Control,7.4
7738708,Test,2.4
7738852,Control,2.433333333333333
7739059,Test,7.45
7740183,Test,1.5
7740260,Test,2.9833333333333334
7740522,Test,2.25
7740732,Test,2.4166666666666665
7741281,Control,3.8333333333333335
7742331,Test,16.433333333333334
7743144,Control,5.916666666666667
7743157,Test,2.4166666666666665
7743470,Control,5.466666666666667
7743558,Test,6.583333333333333
7744382,Control,1.9833333333333334
7744581,Test,6.95
7744808,Control,5.283333333333333
7744878,Test,1.1
7745353,Test,9.2
7745674,Control,12.083333333333334
7745725,Test,2.683333333333333
7746054,Control,2.433333333333333
7746671,Test,2.5
7746715,Test,2.7
7746821,Test,1.7
7746966,Control,2.8666666666666667
7747447,Control,5.216666666666667
7747654,Test,3.3833333333333333
7748308,Test,2.8333333333333335
7748462,Control,4.916666666666667
7748548,Test,11.55
7749080,Test,2.183333333333333
7750337,Control,6.066666666666666
7750538,Test,5.966666666666667
7750591,Test,6.866666666666666
7750878,Test,1.4166666666666667
7751717,Test,56.71666666666667
7751905,Test,4.683333333333334
7752289,Control,6.116666666666666
7752727,Test,2.0166666666666666
7752766,Control,2.8833333333333333
7753126,Test,3.55
7753751,Test,6.6
7753893,Test,9.5
7755406,Control,6.816666666666666
7755762,Test,3.433333333333333
7756202,Control,9.966666666666667
7756489,Control,25.583333333333332
7757155,Test,2.2666666666666666
7758352,Test,3.1333333333333333
7758476,Control,8.666666666666666
7758608,Test,4.983333333333333
7758621,Test,1.3
7758940,Test,2.45
7758973,Test,2.95
7759130,Test,14.783333333333333
7759469,Test,22.816666666666666
7759596,Test,5.466666666666667
7759679,Test,6.233333333333333
7759774,Control,3.85
7759903,Control,4.783333333333333
7760745,Control,14.516666666666667
7760916,Test,3.1666666666666665
7761203,Test,4.566666666666666
7761531,Test,1.7833333333333334
7761694,Test,2.55
7762216,Control,4.366666666666666
7762269,Test,2.95
7762392,Test,2.85
7762554,Control,6.183333333333334
7762867,Control,1.2833333333333334
7763031,Control,26.466666666666665
7763094,Control,15.883333333333333
7763229,Test,5.566666666666666
7763256,Test,6.7
7763295,Test,5.45
7763318,Test,5.5
7763445,Test,3.2666666666666666
7763498,Test,2.6666666666666665
7763597,Control,3.85
7764561,Control,3.533333333333333
7764616,Control,14.316666666666666
7764814,Control,3.2333333333333334
7764976,Control,4.916666666666667
7765134,Control,5.516666666666667
7765885,Control,2.183333333333333
7766714,Control,2.683333333333333
7767184,Test,12.9
7767378,Test,2.1333333333333333
7767796,Control,4.916666666666667
7767849,Test,3.6666666666666665
7768134,Test,3.183333333333333
7768455,Test,8.816666666666666
7768954,Test,4.616666666666666
7769078,Control,4.616666666666666
7769110,Test,1.4833333333333334
7769344,Test,6.466666666666667
7769650,Control,14.683333333333334
7769967,Test,3.566666666666667
7770368,Test,3.75
7770587,Test,1.3833333333333333
7770671,Control,1.1166666666666667
7771366,Test,6.216666666666667
7771439,Control,2.2333333333333334
7771527,Test,9.433333333333334
7771551,Control,1.4166666666666667
7772017,Control,5.5
7772158,Test,2.033333333333333
7772386,Test,1.7333333333333334
7772755,Test,23.216666666666665
7772844,Test,1.9166666666666667
7774764,Control,9.783333333333333
7775121,Test,4.916666666666667
7775123,Control,11.766666666666667
7775205,Control,4.1
7775635,Control,4.5
7776170,Test,2.783333333333333
7776747,Control,23.283333333333335
7777115,Test,1.0833333333333333
7778612,Control,1.3166666666666667
7778763,Control,2.5166666666666666
7779111,Control,6.25
7779114,Test,1.1833333333333333
7779213,Test,1.9333333333333333
7779487,Test,1.9333333333333333
7779501,Control,24.316666666666666
7779503,Test,3.033333333333333
7779515,Test,7.35
7779650,Test,1.75
7779842,Control,10.15
7780474,Control,9.6
7780499,Control,21.333333333333332
7781142,Control,9.15
7781235,Control,1.3
7781517,Control,2.283333333333333
7781603,Test,4.166666666666667
7782146,Test,7.583333333333333
7782791,Test,1.4833333333333334
7783232,Control,3.6166666666666667
7783688,Control,15.133333333333333
7784030,Test,8.266666666666667
7784210,Test,2.5833333333333335
7784849,Test,1.4666666666666666
7784966,Test,4.366666666666666
7785047,Test,28.266666666666666
7786651,Control,1.9166666666666667
7786674,Test,33.55
7786703,Control,2.1333333333333333
7787121,Control,1.8333333333333333
7787381,Control,2.6166666666666667
7787397,Control,3.5833333333333335
7787484,Test,5.783333333333333
7787684,Control,8.516666666666667
7787757,Test,3.316666666666667
7787809,Control,1.9333333333333333
7788341,Control,5.083333333333333
7788559,Test,7.9
7788831,Control,2.966666666666667
7788941,Test,4.85
7789006,Test,6.733333333333333
7789015,Test,2.783333333333333
7789493,Test,2.35
7789673,Control,12.183333333333334
7789902,Control,4.3
7790154,Test,1.85
7790935,Test,1.5
7791874,Control,4.466666666666667
7792141,Control,8.683333333333334
7793123,Test,10.266666666666667
7793216,Test,1.6
7793895,Test,11.5
7794004,Test,7.133333333333334
7794643,Test,10.616666666666667
7794766,Test,2.05
7794911,Test,2.9833333333333334
7795403,Control,3.35
7795550,Test,1.4333333333333333
7795722,Control,17.25
7796066,Test,4.25
7796096,Control,2.8333333333333335
7796471,Test,7.916666666666667
7796725,Test,7.183333333333334
7797325,Control,5.316666666666666
7798392,Test,2.1
7798595,Test,13.45
7800199,Test,2.5
7800474,Control,5.0
7800681,Test,7.216666666666667
7800749,Control,12.333333333333334
7801435,Control,2.3833333333333333
7801613,Control,7.116666666666666
7802443,Test,4.216666666666667
7802574,Test,13.783333333333333
7803066,Test,19.8
7803217,Test,6.283333333333333
7803254,Control,1.2666666666666666
7803412,Control,2.55
7803457,Control,1.9666666666666666
7803610,Test,2.8833333333333333
7803837,Test,10.466666666666667
7804102,Test,2.966666666666667
7804581,Control,3.283333333333333
7804662,Control,9.866666666666667
7804859,Test,1.7666666666666666
7804929,Control,2.2
7806799,Test,3.3333333333333335
7807175,Control,22.216666666666665
7807666,Test,1.7
7808326,Test,1.6
7808408,Test,1.3333333333333333
7808430,Test,3.5833333333333335
7809099,Test,2.35
7809143,Test,6.716666666666667
7809216,Control,2.9833333333333334
7809917,Test,2.2666666666666666
7810082,Test,1.4
7810089,Test,3.7333333333333334
7810991,Test,3.283333333333333
7811459,Test,4.683333333333334
7811847,Test,3.0166666666666666
7812180,Test,5.4
7812267,Test,2.0833333333333335
7812434,Control,6.266666666666667
7812509,Control,3.55
7812814,Control,8.7
7812830,Test,7.8
7812877,Test,22.9
7812894,Control,2.533333333333333
7812988,Test,2.433333333333333
7813334,Control,2.5
7813560,Control,2.8833333333333333
7813642,Test,3.566666666666667
7813768,Control,2.783333333333333
7813940,Test,2.9833333333333334
7814414,Control,5.45
7814849,Test,9.3
7815714,Test,14.15
7815864,Control,5.8
7815983,Test,2.283333333333333
7816047,Control,9.516666666666667
7816756,Test,13.866666666666667
7816798,Control,1.2
7816862,Control,4.983333333333333
7816887,Control,5.95
7817761,Test,47.6
7818968,Test,2.933333333333333
7819326,Test,6.5
7819778,Test,2.0
7819845,Control,2.6666666666666665
7820148,Test,3.6
7820304,Control,2.55
7820430,Control,6.083333333333333
7820539,Test,5.4
7820781,Test,1.7833333333333334
7820846,Test,1.5
7821175,Test,2.9
7821194,Test,15.083333333333334
7821208,Test,9.6
7821417,Test,2.066666666666667
7821632,Control,2.8833333333333333
7821759,Test,3.05
7822345,Test,10.0
7822809,Control,6.683333333333334
7823381,Test,11.183333333333334
7824092,Control,6.2
7824726,Test,3.466666666666667
7825081,Test,3.3333333333333335
7825196,Test,3.4
7825280,Test,3.0833333333333335
7825783,Control,17.516666666666666
7826607,Control,4.716666666666667
7826779,Test,4.833333333333333
7826781,Test,10.333333333333334
7828347,Test,5.733333333333333
7828508,Control,1.8
7828609,Test,7.016666666666667
7828956,Test,31.983333333333334
7829117,Control,3.8833333333333333
7829136,Control,2.6333333333333333
7829434,Control,4.916666666666667
7829568,Test,4.9
7829676,Test,2.2
7829766,Control,8.016666666666667
7829969,Test,2.8666666666666667
7830123,Control,2.3666666666666667
7830611,Test,3.05
7830661,Test,16.166666666666668
7830689,Control,2.566666666666667
7830788,Control,25.9
7830819,Control,1.2666666666666666
7830918,Test,2.65
7830939,Test,8.466666666666667
7831204,Test,16.916666666666668
7831512,Control,11.15
7831579,Test,3.716666666666667
7831661,Control,2.283333333333333
7831710,Control,2.15
7832458,Test,4.25
7832460,Control,8.816666666666666
7833014,Control,2.683333333333333
7833327,Control,3.566666666666667
7833565,Test,2.0
7833990,Test,1.9
7833991,Test,5.65
7834155,Test,3.0
7834887,Test,1.9333333333333333
7835044,Test,16.85
7835047,Control,2.45
7835776,Control,3.183333333333333
7836881,Control,9.216666666666667
7836898,Test,6.783333333333333
7838259,Control,8.45
7838471,Control,33.06666666666667
7839097,Control,1.8166666666666667
7839413,Test,6.266666666666667
7839898,Control,2.2
7840357,Control,2.7666666666666666
7840892,Test,1.6333333333333333
7841104,Control,9.9
7841112,Control,5.933333333333334
7841191,Test,2.6333333333333333
7841600,Test,2.7
7842221,Control,2.466666666666667
7842244,Test,3.4
7842312,Test,2.4166666666666665
7842994,Test,1.3666666666666667
7843221,Test,17.383333333333333
7843559,Test,5.0
7843655,Control,1.75
7843741,Test,3.3666666666666667
7843744,Control,7.0
7843988,Test,3.216666666666667
7844537,Test,8.516666666666667
7845532,Control,5.6
7845716,Control,4.3
7846274,Test,7.816666666666666
7846713,Control,4.233333333333333
7846757,Control,14.15
7846813,Test,4.35
7847129,Test,3.5166666666666666
7847453,Test,11.016666666666667
7847756,Test,4.45
7847850,Control,9.916666666666666
7847920,Control,2.45
7848377,Control,7.3
7848596,Control,3.8333333333333335
7848806,Test,4.166666666666667
7848908,Test,12.033333333333333
7848994,Control,2.033333333333333
7849787,Test,6.616666666666666
7850061,Control,6.866666666666666
7850280,Control,6.516666666666667
7850608,Control,1.4166666666666667
7851008,Control,4.516666666666667
7851117,Control,12.65
7851212,Control,5.433333333333334
7851465,Test,3.95
7851852,Test,4.866666666666666
7851919,Control,1.8166666666666667
7852080,Control,2.816666666666667
7852915,Control,5.7
7853438,Control,10.15
7853443,Test,2.5833333333333335
7853881,Control,1.65
7853891,Control,5.516666666666667
7854180,Control,4.316666666666666
7855378,Test,4.866666666666666
7855438,Test,2.7
7855457,Control,2.6333333333333333
7855539,Test,1.8166666666666667
7856088,Test,6.616666666666666
7856716,Test,18.083333333333332
7856876,Control,4.3
7856894,Test,3.3833333333333333
7857352,Test,1.55
7857646,Test,2.15
7857846,Test,7.75
7858061,Test,2.2
7858139,Control,4.4
7858258,Control,3.4166666666666665
7858433,Test,2.1166666666666667
7859178,Control,2.783333333333333
7859555,Test,2.8833333333333333
7859805,Control,4.05
7859820,Control,1.75
7859822,Test,1.5833333333333333
7859886,Test,1.6
7860120,Test,1.5833333333333333
7861081,Control,2.0833333333333335
7862246,Test,4.7
7862568,Test,1.8166666666666667
7862700,Test,2.2
7862915,Test,5.066666666666666
7863133,Test,26.05
7864436,Control,4.216666666666667
7864632,Test,9.766666666666667
7864698,Control,6.633333333333334
7865060,Test,3.55
7866354,Control,2.35
7866541,Test,2.216666666666667
7866553,Test,1.7
7866590,Control,1.9833333333333334
7867273,Control,8.4
7867338,Control,4.183333333333334
7867427,Test,2.966666666666667
7867767,Control,1.8333333333333333
7867848,Test,2.15
7867919,Test,6.466666666666667
7869060,Test,3.65
7869458,Control,1.2166666666666666
7869613,Control,10.9
7870128,Test,3.6
7870793,Test,5.066666666666666
7871152,Control,3.65
7871443,Test,41.11666666666667
7871483,Control,26.333333333333332
7871585,Control,7.3
7871701,Test,1.25
7872046,Test,2.716666666666667
7872209,Control,2.533333333333333
7872771,Control,3.65
7872843,Test,4.75
7872876,Test,4.4
7872924,Test,5.7
7872965,Test,2.6
7873226,Control,8.4
7873338,Control,6.416666666666667
7873434,Control,3.816666666666667
7873544,Control,3.816666666666667
7874244,Test,3.8666666666666667
7874890,Test,3.4833333333333334
7875141,Control,5.05
7875492,Test,3.066666666666667
7875563,Test,0.95
7875730,Control,3.216666666666667
7877379,Control,1.6333333333333333
7877508,Test,3.5833333333333335
7878313,Control,6.066666666666666
7878552,Control,23.05
7878589,Control,6.333333333333333
7878692,Control,15.116666666666667
7879083,Test,4.383333333333334
7879141,Control,2.25
7879149,Test,1.7
7880563,Test,1.35
7880860,Control,3.0833333333333335
7880921,Test,9.666666666666666
7881001,Control,3.3333333333333335
7881075,Control,4.333333333333333
7882402,Test,3.45
7882570,Test,1.6666666666666667
7882689,Control,3.3333333333333335
7882750,Test,10.016666666666667
7882778,Test,9.4
7883105,Test,3.4166666666666665
7883306,Test,1.8166666666666667
7883474,Control,11.9
7883510,Test,9.216666666666667
7883976,Control,4.983333333333333
7884023,Test,4.866666666666666
7884153,Control,2.3
7884207,Test,1.5166666666666666
7884221,Control,12.016666666666667
7884236,Test,20.2
7884458,Test,3.3
7885192,Control,9.583333333333334
7885624,Control,2.9166666666666665
7885704,Test,3.0
7885840,Test,7.183333333333334
7885919,Control,1.5166666666666666
7885933,Test,4.216666666666667
7886203,Control,10.6
7887156,Control,7.616666666666666
7887617,Test,15.1
7887642,Test,2.8
7887922,Control,2.95
7888406,Control,3.65
7888479,Test,2.783333333333333
7888604,Test,5.816666666666666
7889081,Test,1.9
7889092,Control,2.816666666666667
7889133,Control,2.1333333333333333
7889329,Control,7.1
7889820,Control,2.7
7889828,Control,8.05
7889947,Control,13.2
7890170,Test,2.8833333333333333
7890217,Test,3.55
7890281,Test,2.716666666666667
7890472,Test,3.95
7890640,Test,2.8833333333333333
7891128,Test,3.716666666666667
7891560,Test,2.033333333333333
7891584,Control,16.783333333333335
7891841,Test,5.016666666666667
7891885,Test,2.05
7892308,Test,4.433333333333334
7892646,Test,1.6333333333333333
7893040,Control,4.15
7893320,Control,7.416666666666667
7893490,Test,1.15
7893738,Test,4.933333333333334
7893818,Test,1.7166666666666666
7893913,Test,2.8333333333333335
7894096,Control,2.45
7894102,Test,2.316666666666667
7894188,Control,17.916666666666668
7894885,Test,3.433333333333333
7894946,Control,5.35
7895367,Test,1.5833333333333333
7895911,Control,7.616666666666666
7895961,Control,4.183333333333334
7895984,Test,1.1
7896038,Control,2.55
7896159,Control,3.8
7896505,Control,2.0166666666666666
7897463,Control,5.05
7897586,Control,17.7
7897592,Control,17.633333333333333
7897865,Test,1.4833333333333334
7898130,Control,8.333333333333334
7898712,Test,3.75
7898751,Control,4.933333333333334
7899268,Control,16.616666666666667
7899551,Test,2.7666666666666666
7900566,Control,5.533333333333333
7900761,Test,12.383333333333333
7900829,Test,4.783333333333333
7900842,Test,8.466666666666667
7900848,Test,2.433333333333333
7902253,Control,10.033333333333333
7902372,Test,6.3
7902599,Test,1.0333333333333334
7902756,Test,4.216666666666667
7902892,Test,1.7833333333333334
7902979,Test,5.266666666666667
7903818,Control,3.0
7904644,Control,4.95
7904770,Test,1.35
7905510,Control,4.6
7905723,Test,59.266666666666666
7905811,Control,1.9666666666666666
7905949,Control,1.0833333333333333
7906167,Control,21.7
7906602,Test,2.533333333333333
7907204,Control,17.766666666666666
7909219,Test,28.733333333333334
7909257,Test,10.583333333333334
7909733,Control,7.866666666666666
7909830,Test,9.216666666666667
7910014,Control,8.133333333333333
7910136,Test,4.516666666666667
7910385,Control,3.8666666666666667
7910478,Test,7.983333333333333
7910879,Test,2.45
7910948,Control,4.016666666666667
7911085,Control,1.7333333333333334
7911204,Test,2.7333333333333334
7911549,Test,5.733333333333333
7911948,Test,11.05
7912047,Control,7.3
7913074,Control,3.0
7913116,Test,17.083333333333332
7913155,Test,3.0166666666666666
7913751,Test,10.733333333333333
7914595,Test,8.166666666666666
7914621,Test,1.5833333333333333
7914927,Test,10.95
7915367,Test,17.8
7915842,Test,2.2333333333333334
7916237,Test,3.4833333333333334
7917082,Control,1.4
7917431,Test,5.083333333333333
7917434,Test,9.083333333333334
7917674,Control,2.0166666666666666
7918244,Control,3.466666666666667
7918443,Control,17.25
7918485,Test,7.516666666666667
7919818,Test,2.183333333333333
7920028,Test,2.25
7920056,Test,3.15
7920313,Control,4.766666666666667
7920394,Test,3.783333333333333
7920414,Test,32.63333333333333
7920656,Test,1.8666666666666667
7920730,Test,1.6166666666666667
7920868,Control,49.56666666666667
7921011,Test,1.65
7922438,Control,4.916666666666667
7922586,Test,4.883333333333334
7922721,Control,8.483333333333333
7923307,Test,6.283333333333333
7923758,Control,7.333333333333333
7924454,Control,10.566666666666666
7924466,Test,6.0
7924967,Control,3.3666666666666667
7925502,Test,1.7166666666666666
7925863,Test,4.0
7925912,Test,2.95
7926195,Control,4.133333333333334
7926211,Test,2.7666666666666666
7927402,Test,5.883333333333334
7927686,Control,5.366666666666666
7928118,Test,4.0
7928204,Control,9.95
7928244,Test,1.95
7928340,Control,13.233333333333333
7928596,Control,22.6
7928736,Test,5.05
7928980,Test,4.233333333333333
7929795,Control,14.316666666666666
7930155,Test,4.7
7930269,Control,1.6666666666666667
7930286,Test,3.6666666666666665
7930370,Test,1.8
7930438,Test,8.0
7931001,Test,1.45
7931409,Control,3.65
7931684,Control,3.8666666666666667
7931941,Test,1.9333333333333333
7932417,Control,2.0833333333333335
7932781,Test,18.083333333333332
7933071,Test,3.433333333333333
7933649,Control,7.55
7933700,Control,4.333333333333333
7934226,Test,5.15
7935251,Test,7.416666666666667
7935625,Test,2.8
7935784,Control,7.0
7935876,Control,4.466666666666667
7935979,Control,12.9
7936212,Test,8.8
7936415,Control,3.783333333333333
7937086,Test,3.183333333333333
7937123,Test,2.183333333333333
7938349,Control,9.266666666666667
7938527,Control,4.566666666666666
7938646,Test,9.533333333333333
7939420,Test,2.7666666666666666
7939754,Control,3.5833333333333335
7939878,Test,2.1
7940001,Test,2.4166666666666665
7940431,Control,6.4
7940723,Test,4.766666666666667
7940827,Control,6.55
7941463,Test,6.45
7941483,Test,1.9
7941907,Test,2.683333333333333
7942016,Test,5.183333333333334
7942178,Test,2.8833333333333333
7942512,Control,2.6333333333333333
7942902,Test,5.2
7943230,Control,7.783333333333333
7943618,Test,1.8666666666666667
7943981,Test,11.383333333333333
7944056,Test,5.183333333333334
7944139,Test,1.4666666666666666
7944180,Test,4.55
7944759,Control,3.4166666666666665
7944979,Test,6.566666666666666
7945584,Test,2.3666666666666667
7945639,Control,2.683333333333333
7945965,Test,15.783333333333333
7946204,Test,3.566666666666667
7946939,Control,3.6666666666666665
7947445,Control,9.2
7948074,Control,6.9
7949091,Control,14.333333333333334
7949709,Test,13.983333333333333
7949729,Control,3.45
7949757,Control,4.533333333333333
7949883,Control,1.95
7950766,Test,2.6333333333333333
7950795,Control,7.5
7950882,Test,1.7833333333333334
7951092,Test,9.45
7951212,Control,2.316666666666667
7951576,Control,3.3333333333333335
7952920,Control,7.616666666666666
7953182,Test,14.583333333333334
7953362,Control,2.4833333333333334
7953367,Test,3.533333333333333
7953598,Test,7.0
7953995,Test,3.3666666666666667
7954237,Control,7.516666666666667
7954312,Test,1.6166666666666667
7954546,Test,9.85
7954714,Control,9.75
7954907,Control,2.033333333333333
7955487,Test,4.0
7955667,Control,5.366666666666666
7956085,Test,8.65
7956113,Control,4.083333333333333
7956471,Control,10.65
7956919,Test,8.716666666666667
7957253,Test,15.483333333333333
7957282,Control,9.233333333333333
7957576,Test,7.7
7957596,Test,3.7333333333333334
7957690,Control,26.85
7958034,Control,7.3
7958380,Test,1.4833333333333334
7958815,Test,15.533333333333333
7959359,Test,5.0
7959414,Control,5.983333333333333
7959689,Control,3.5833333333333335
7960094,Control,10.033333333333333
7960156,Control,3.7666666666666666
7961024,Test,3.5833333333333335
7961086,Test,12.833333333333334
7961481,Test,3.8333333333333335
7961597,Test,3.0833333333333335
7961770,Control,1.7
7961816,Control,5.4
7962018,Test,3.9166666666666665
7962046,Test,3.5
7962192,Control,4.216666666666667
7962393,Control,3.3333333333333335
7963417,Control,3.933333333333333
7963456,Control,2.35
7963969,Test,5.616666666666666
7963993,Test,2.3666666666666667
7964421,Test,7.366666666666666
7965530,Test,5.85
7965693,Test,4.9
7966136,Control,2.8666666666666667
7966736,Test,3.683333333333333
7967256,Test,3.0
7967581,Test,2.5166666666666666
7967678,Test,3.25
7967787,Test,2.4
7967889,Test,17.15
7967944,Test,1.8
7968592,Test,1.3
7968614,Control,5.5
7968911,Control,13.35
7968918,Test,2.283333333333333
7968992,Control,2.15
7970330,Test,2.75
7970370,Control,14.2
7970922,Control,20.816666666666666
7971052,Test,2.066666666666667
7971129,Control,3.1666666666666665
7971336,Test,7.65
7971470,Control,9.066666666666666
7972724,Control,7.0
7972813,Control,5.033333333333333
7972854,Test,6.25
7972963,Test,15.283333333333333
7974036,Test,2.283333333333333
7974180,Control,3.4
7974590,Control,5.75
7974599,Test,3.4
7975145,Test,12.15
7975844,Test,14.95
7975904,Test,2.0833333333333335
7976030,Control,3.466666666666667
7976241,Test,17.116666666666667
7976346,Test,1.9666666666666666
7976518,Test,3.3333333333333335
7977061,Test,2.8833333333333333
7977329,Control,4.1
7977345,Control,24.266666666666666
7977396,Test,58.666666666666664
7977593,Control,18.733333333333334
7978056,Control,2.4833333333333334
7978425,Test,4.35
7978454,Control,2.7666666666666666
7980054,Control,3.5833333333333335
7980278,Test,2.75
7980336,Control,5.45
7980798,Control,1.85
7980976,Control,4.033333333333333
7981508,Test,1.8833333333333333
7981938,Control,5.333333333333333
7982253,Control,2.9
7982504,Test,3.0
7982693,Test,1.8166666666666667
7983890,Test,2.466666666666667
7984003,Test,26.466666666666665
7984069,Test,15.483333333333333
7984218,Control,3.8333333333333335
7984549,Test,2.9
7984893,Test,7.483333333333333
7985391,Control,14.783333333333333
7985820,Control,4.083333333333333
7985851,Test,4.683333333333334
7985857,Control,36.95
7986122,Control,10.883333333333333
7986289,Test,11.566666666666666
7986402,Test,7.483333333333333
7986451,Control,11.216666666666667
7986738,Control,9.983333333333333
7988338,Test,18.45
7988348,Control,5.833333333333333
7988559,Test,1.3666666666666667
7988666,Test,7.316666666666666
7988764,Control,7.316666666666666
7989945,Test,6.25
7990507,Control,7.4
7990535,Control,1.3666666666666667
7991318,Control,11.233333333333333
7991545,Control,4.533333333333333
7991619,Test,5.6
7991760,Control,5.383333333333334
7992906,Control,2.25
7993028,Control,1.8333333333333333
7993172,Test,11.083333333333334
7994112,Test,6.15
7994268,Control,6.083333333333333
7994409,Test,1.65
7994452,Test,1.8166666666666667
7994740,Test,4.983333333333333
7994903,Test,12.133333333333333
7994967,Test,6.816666666666666
7995189,Test,1.4166666666666667
7995259,Test,2.3666666666666667
7995331,Test,8.033333333333333
7995807,Control,3.3666666666666667
7996595,Control,5.0
7996704,Control,2.2
7996731,Test,7.383333333333334
7996810,Control,4.05
7997224,Control,4.066666666666666
7997482,Control,10.75
7997747,Control,9.033333333333333
7997826,Control,6.383333333333334
7997924,Control,5.983333333333333
7998714,Test,5.2
7999087,Control,2.7333333333333334
7999706,Test,7.9
7999974,Control,4.85
8000406,Control,23.8
8000425,Test,2.3666666666666667
8000731,Test,45.81666666666667
8001046,Test,16.916666666666668
8001712,Test,4.7
8002011,Test,8.533333333333333
8002094,Control,2.3333333333333335
8002977,Control,5.566666666666666
8003265,Control,3.9833333333333334
8003314,Test,4.433333333333334
8003355,Test,7.633333333333334
8003567,Control,3.05
8003648,Control,0.9166666666666666
8003898,Control,2.1333333333333333
8003993,Control,1.7833333333333334
8004609,Test,4.883333333333334
8004671,Control,5.466666666666667
8005239,Test,8.8
8005464,Test,1.45
8006067,Test,1.5166666666666666
8006148,Test,2.0
8006175,Control,8.466666666666667
8006386,Control,4.233333333333333
8006554,Control,5.916666666666667
8006775,Test,1.65
8007480,Control,13.233333333333333
8007782,Test,11.766666666666667
8008043,Test,3.2
8008206,Test,1.4166666666666667
8008221,Test,16.283333333333335
8008969,Test,23.033333333333335
8009077,Control,4.116666666666666
8009377,Test,9.566666666666666
8009380,Test,1.6
8009454,Test,1.8
8009803,Test,4.05
8009941,Test,8.433333333333334
8010747,Test,47.55
8011247,Control,8.9
8011795,Control,3.4
8011858,Test,5.983333333333333
8012186,Control,6.283333333333333
8012223,Control,35.333333333333336
8012388,Test,5.766666666666667
8012887,Control,2.0
8013108,Test,2.2666666666666666
8013243,Control,4.116666666666666
8013659,Test,4.9
8014451,Control,4.083333333333333
8014474,Control,3.066666666666667
8014657,Test,2.5833333333333335
8014670,Control,7.45
8015112,Control,2.4833333333333334
8015300,Test,1.2166666666666666
8015856,Test,3.75
8015932,Control,2.8833333333333333
8015992,Test,1.9666666666666666
8016176,Test,2.9
8016194,Control,1.1666666666666667
8016271,Control,7.116666666666666
8016554,Control,5.3
8017188,Test,5.0
8017409,Test,8.8
8018087,Test,5.35
8018381,Control,4.866666666666666
8018499,Test,3.0
8018733,Control,1.95
8019045,Test,2.2666666666666666
8020096,Test,2.5833333333333335
8020967,Control,3.25
8021287,Test,4.083333333333333
8021819,Control,10.883333333333333
8021901,Test,6.05
8021927,Control,3.1333333333333333
8022370,Test,3.05
8022458,Control,1.6
8022611,Test,7.133333333333334
8022911,Test,13.533333333333333
8023726,Test,1.7833333333333334
8023902,Control,1.9666666666666666
8024012,Control,9.75
8024335,Test,4.3
8024390,Test,1.4833333333333334
8024933,Test,4.866666666666666
8025050,Control,2.8333333333333335
8025584,Test,1.2833333333333334
8025718,Control,4.116666666666666
8025839,Test,4.3
8025864,Test,3.5166666666666666
8026841,Test,12.766666666666667
8027167,Control,3.6166666666666667
8027449,Control,4.466666666666667
8027961,Test,2.6666666666666665
8028488,Test,1.5
8028750,Test,6.15
8029013,Test,3.033333333333333
8029613,Test,2.55
8029833,Control,13.8
8029864,Control,1.6666666666666667
8030638,Control,13.416666666666666
8030926,Control,1.0
8031142,Test,3.05
8031718,Control,2.5833333333333335
8031855,Control,6.85
8031992,Control,3.183333333333333
8032103,Test,7.85
8032447,Control,4.783333333333333
8032606,Test,5.1
8032762,Control,3.7666666666666666
8033229,Test,2.5833333333333335
8033419,Control,4.933333333333334
8033535,Control,2.45
8033551,Test,1.9666666666666666
8033640,Control,5.166666666666667
8034144,Test,4.05
8034861,Test,9.716666666666667
8035223,Test,3.433333333333333
8035978,Control,10.233333333333333
8036059,Control,4.616666666666666
8036434,Control,4.766666666666667
8036648,Control,1.3666666666666667
8037374,Control,1.8666666666666667
8037656,Control,2.533333333333333
8037730,Test,1.55
8037764,Control,7.533333333333333
8038015,Test,1.6666666666666667
8038190,Test,5.933333333333334
8038306,Control,3.066666666666667
8038699,Test,2.25
8039815,Test,2.9166666666666665
8040052,Control,17.05
8040493,Test,2.9
8040619,Test,5.9
8041338,Test,8.133333333333333
8041517,Test,2.8666666666666667
8041943,Control,1.5666666666666667
8041948,Test,4.0
8042143,Control,1.5333333333333334
8042509,Control,20.316666666666666
8042531,Control,3.3333333333333335
8042778,Control,17.416666666666668
8043075,Control,5.766666666666667
8043160,Control,9.183333333333334
8043295,Control,3.7333333333333334
8043664,Control,4.733333333333333
8044088,Test,7.233333333333333
8044344,Test,1.45
8045011,Control,5.783333333333333
8045069,Control,6.483333333333333
8045890,Control,4.366666666666666
8045953,Test,1.6666666666666667
8046380,Control,2.433333333333333
8047385,Test,8.65
8047484,Control,1.7
8047851,Test,3.4
8047921,Test,18.133333333333333
8048009,Test,2.6333333333333333
8048371,Test,2.8666666666666667
8048955,Control,10.183333333333334
8049083,Control,1.9
8049477,Test,3.316666666666667
8049816,Test,9.616666666666667
8049996,Test,2.7666666666666666
8050462,Control,14.216666666666667
8050505,Control,25.65
8051172,Test,24.616666666666667
8051360,Test,3.2
8051597,Control,1.4833333333333334
8051768,Control,3.45
8052061,Test,2.7333333333333334
8052234,Control,2.6166666666666667
8052248,Test,2.6333333333333333
8052264,Control,2.033333333333333
8053344,Test,13.516666666666667
8053362,Test,5.233333333333333
8053506,Test,4.1
8053780,Control,5.05
8053973,Test,4.066666666666666
8054564,Test,3.683333333333333
8054660,Control,6.266666666666667
8054675,Control,5.483333333333333
8055182,Test,1.75
8055629,Control,4.783333333333333
8055860,Control,10.133333333333333
8056064,Control,1.9
8056131,Control,1.6333333333333333
8056344,Control,10.033333333333333
8056465,Control,2.2666666666666666
8056492,Control,5.883333333333334
8056722,Control,3.316666666666667
8056996,Control,9.6
8057419,Test,4.033333333333333
8058029,Control,2.816666666666667
8058044,Control,21.216666666666665
8058142,Control,35.15
8058240,Test,1.5833333333333333
8058675,Control,1.1333333333333333
8059064,Control,7.166666666666667
8059101,Test,4.283333333333333
8059559,Control,5.033333333333333
8059613,Control,2.5
8060147,Test,7.366666666666666
8060180,Test,4.2
8060493,Test,6.75
8060496,Test,3.2333333333333334
8060635,Test,3.316666666666667
8061414,Control,18.833333333333332
8061813,Test,4.933333333333334
8062084,Test,1.8166666666666667
8062119,Control,4.583333333333333
8062240,Test,2.316666666666667
8062247,Control,2.35
8062653,Test,1.95
8062855,Control,4.95
8063400,Control,10.166666666666666
8063914,Control,3.1166666666666667
8064081,Control,2.566666666666667
8064319,Control,1.9666666666666666
8064580,Test,5.533333333333333
8064588,Control,19.633333333333333
8064827,Control,1.8166666666666667
8064855,Test,4.016666666666667
8064988,Test,4.633333333333334
8065001,Control,2.05
8065181,Control,3.566666666666667
8066807,Test,3.1
8066975,Test,9.633333333333333
8067026,Control,14.683333333333334
8067039,Control,4.266666666666667
8067184,Control,2.6166666666666667
8067449,Test,4.883333333333334
8069761,Control,3.716666666666667
8069975,Test,9.933333333333334
8070687,Control,4.85
8071097,Control,3.8666666666666667
8071131,Control,6.083333333333333
8072028,Test,7.116666666666666
8072283,Test,15.116666666666667
8072513,Control,2.5
8072602,Control,3.9
8072671,Test,1.5166666666666666
8072681,Test,1.65
8072956,Control,1.6666666666666667
8073324,Test,2.216666666666667
8073475,Test,1.6
8073817,Control,2.9833333333333334
8074391,Control,1.7166666666666666
8075025,Control,4.716666666666667
8075476,Test,2.9166666666666665
8075641,Control,8.95
8075683,Test,2.65
8075799,Control,5.95
8076000,Test,2.3
8076294,Control,3.05
8076682,Test,4.866666666666666
8077479,Control,3.7666666666666666
8077552,Test,10.35
8077600,Test,2.966666666666667
8077984,Control,5.583333333333333
8078495,Test,12.4
8078763,Test,9.566666666666666
8078832,Test,15.583333333333334
8078860,Test,9.516666666666667
8079329,Test,22.516666666666666
8079399,Test,3.2666666666666666
8080256,Test,1.6
8080881,Control,1.75
8080988,Test,4.816666666666666
8081026,Control,3.6666666666666665
8081171,Control,8.366666666666667
8081536,Test,1.35
8081742,Control,8.1
8082450,Control,16.9
8082631,Test,3.433333333333333
8082942,Test,6.083333333333333
8083493,Control,16.15
8083597,Test,6.033333333333333
8083759,Control,1.5833333333333333
8083850,Control,2.6333333333333333
8084087,Control,5.033333333333333
8084297,Control,3.8
8084318,Test,1.7333333333333334
8084373,Control,2.3
8084516,Test,2.2666666666666666
8084953,Test,6.066666666666666
8085803,Control,5.283333333333333
8086037,Control,2.3
8086229,Control,2.466666666666667
8087297,Control,5.933333333333334
8087799,Control,4.183333333333334
8088301,Control,3.816666666666667
8088920,Test,4.316666666666666
8089000,Test,5.4
8089106,Test,10.283333333333333
8089480,Test,4.433333333333334
8089534,Test,6.233333333333333
8090826,Test,7.166666666666667
8091872,Control,5.233333333333333
8091922,Control,2.3833333333333333
8092909,Control,12.066666666666666
8093151,Control,1.8
8093717,Test,6.55
8093753,Test,2.95
8094131,Test,7.0
8094238,Test,10.866666666666667
8094263,Test,7.5
8094276,Control,7.9
8094315,Test,3.783333333333333
8094996,Test,5.266666666666667
8095059,Control,2.6333333333333333
8095324,Test,6.583333333333333
8095374,Test,2.433333333333333
8095397,Test,1.7333333333333334
8095423,Control,5.716666666666667
8095595,Control,1.3333333333333333
8095818,Control,18.616666666666667
8096789,Test,22.95
8097000,Control,16.616666666666667
8097910,Test,7.066666666666666
8098139,Control,52.06666666666667
8098171,Test,5.066666666666666
8098846,Control,11.0
8099672,Test,12.133333333333333
8099995,Control,5.383333333333334
8100455,Test,3.1666666666666665
8100796,Control,1.95
8100842,Test,50.983333333333334
8101023,Control,15.416666666666666
8101345,Test,2.566666666666667
8101389,Test,3.466666666666667
8101420,Control,6.466666666666667
8101488,Control,8.083333333333334
8102225,Control,1.0
8102309,Control,4.216666666666667
8102436,Test,13.833333333333334
8102588,Control,4.75
8103192,Test,11.733333333333333
8103252,Test,14.0
8103298,Test,2.1
8103911,Test,2.566666666666667
8104112,Control,1.3833333333333333
8104276,Control,1.3166666666666667
8104990,Control,34.28333333333333
8105254,Control,7.333333333333333
8105315,Test,2.683333333333333
8106154,Test,9.016666666666667
8106405,Control,11.716666666666667
8106425,Test,4.316666666666666
8106540,Control,1.6666666666666667
8106708,Control,2.5
8107218,Control,4.75
8107974,Test,3.783333333333333
8108273,Control,6.633333333333334
8108589,Control,13.816666666666666
8108600,Test,6.4
8108734,Test,7.183333333333334
8109588,Control,5.966666666666667
8109733,Test,1.0166666666666666
8110064,Control,9.7
8110362,Test,1.5166666666666666
8110365,Test,31.1
8110370,Test,3.966666666666667
8110389,Control,5.45
8110402,Control,6.233333333333333
8110944,Test,3.8666666666666667
8111108,Control,3.2666666666666666
8111660,Control,15.066666666666666
8111767,Control,9.683333333333334
8111781,Test,4.383333333333334
8112082,Test,3.5833333333333335
8112934,Test,7.833333333333333
8112947,Test,2.3666666666666667
8113030,Control,23.666666666666668
8114658,Test,18.55
8114712,Test,3.466666666666667
8115034,Control,8.8
8115055,Control,4.766666666666667
8115066,Test,1.7166666666666666
8116430,Control,13.95
8116686,Test,1.8
8117339,Control,3.1666666666666665
8117599,Control,3.1
8117743,Control,9.816666666666666
8118015,Control,9.683333333333334
8118036,Test,2.4166666666666665
8118305,Control,2.8
8118337,Control,4.416666666666667
8118695,Test,3.0833333333333335
8119258,Control,5.833333333333333
8119530,Test,5.016666666666667
8119688,Control,2.4
8120821,Control,7.933333333333334
8120861,Control,5.433333333333334
8121036,Test,2.183333333333333
8121566,Test,3.4833333333333334
8121690,Test,2.1333333333333333
8122164,Control,2.8333333333333335
8122368,Test,1.4666666666666666
8122369,Test,5.983333333333333
8122546,Test,6.566666666666666
8122694,Test,2.5833333333333335
8122785,Test,2.6166666666666667
8122881,Control,3.966666666666667
8124604,Test,1.8833333333333333
8124688,Test,19.216666666666665
8125499,Test,4.7
8125539,Test,1.2333333333333334
8125631,Test,3.7
8125661,Test,2.2
8125772,Test,2.0166666666666666
8126307,Test,5.366666666666666
8126320,Test,3.183333333333333
8126871,Control,1.5666666666666667
8126956,Control,2.7333333333333334
8127073,Control,23.933333333333334
8127172,Test,13.516666666666667
8127199,Test,13.316666666666666
8127212,Control,5.683333333333334
8127825,Control,2.6166666666666667
8127978,Test,4.883333333333334
8128275,Test,16.566666666666666
8128770,Control,3.783333333333333
8128914,Test,16.066666666666666
8128924,Control,7.216666666666667
8129250,Control,2.05
8129324,Test,2.45
8129727,Control,6.333333333333333
8129844,Control,1.95
8130163,Test,4.416666666666667
8130515,Test,5.483333333333333
8131034,Control,10.783333333333333
8131438,Test,6.45
8132181,Test,3.6
8133512,Test,2.3333333333333335
8133761,Control,5.55
8133973,Test,1.35
8134612,Control,16.816666666666666
8134938,Control,3.4
8135120,Control,1.7833333333333334
8135457,Control,9.933333333333334
8135661,Test,1.4666666666666666
8135997,Test,6.216666666666667
8136408,Test,2.533333333333333
8137117,Test,2.933333333333333
8137187,Test,4.416666666666667
8137215,Test,2.183333333333333
8137724,Control,5.366666666666666
8138465,Test,3.783333333333333
8138517,Control,9.566666666666666
8138782,Control,8.7
8139839,Control,2.85
8139858,Test,3.816666666666667
8139936,Test,4.25
8140069,Test,3.1
8140196,Test,2.25
8140663,Control,2.3833333333333333
8141724,Test,3.566666666666667
8142042,Control,1.8166666666666667
8142299,Test,49.18333333333333
8142398,Test,4.733333333333333
8142514,Control,5.833333333333333
8142528,Test,4.4
8142716,Test,6.933333333333334
8143287,Control,4.5
8143738,Test,6.35
8143922,Test,34.56666666666667
8143975,Control,2.3833333333333333
8144018,Test,1.6333333333333333
8144074,Test,4.75
8144587,Test,2.85
8144783,Test,2.2666666666666666
8145262,Test,1.9166666666666667
8145789,Control,5.25
8146476,Control,0.9333333333333333
8147254,Test,3.433333333333333
8147545,Control,12.366666666666667
8148127,Test,4.116666666666666
8148212,Control,4.666666666666667
8148299,Control,12.833333333333334
8148423,Control,3.8333333333333335
8148869,Control,5.066666666666666
8149214,Control,1.9833333333333334
8149689,Control,2.566666666666667
8149715,Test,9.8
8149955,Control,3.3666666666666667
8150031,Test,8.466666666666667
8150683,Test,1.7833333333333334
8151536,Test,5.533333333333333
8151605,Control,14.1
8151693,Control,1.65
8152115,Control,3.8666666666666667
8152690,Control,5.366666666666666
8152789,Test,3.35
8153325,Control,11.516666666666667
8153419,Test,2.316666666666667
8154299,Control,6.533333333333333
8154471,Test,9.616666666666667
8155111,Control,3.65
8155528,Test,11.083333333333334
8155757,Control,2.05
8156691,Control,2.2
8156741,Control,2.683333333333333
8156778,Test,1.4166666666666667
8156943,Control,2.683333333333333
8157088,Test,1.2
8158004,Control,0.95
8158159,Test,2.0833333333333335
8158588,Test,6.316666666666666
8158599,Test,23.983333333333334
8159840,Control,7.8
8160510,Control,12.633333333333333
8161011,Control,5.383333333333334
8161095,Control,4.833333333333333
8161244,Control,7.15
8161448,Control,14.316666666666666
8162066,Test,4.416666666666667
8162191,Control,3.216666666666667
8163068,Control,7.7
8163384,Control,2.9
8163507,Test,3.466666666666667
8163527,Test,1.65
8163594,Control,14.016666666666667
8163796,Test,4.316666666666666
8163927,Test,30.55
8164042,Control,11.333333333333334
8164319,Test,8.516666666666667
8164330,Control,9.766666666666667
8164547,Test,3.2666666666666666
8164635,Test,6.2
8164670,Control,10.6
8164889,Control,7.666666666666667
8165113,Control,7.266666666666667
8165291,Control,3.65
8165314,Test,1.2166666666666666
8165565,Test,2.3
8165778,Control,5.883333333333334
8165838,Test,1.8
8165914,Test,4.8
8166246,Test,2.85
8166306,Test,3.9166666666666665
8166361,Control,3.15
8166540,Control,9.183333333333334
8167124,Control,5.666666666666667
8167393,Control,4.283333333333333
8167785,Control,2.6
8167786,Control,3.683333333333333
8167939,Control,8.933333333333334
8168445,Control,6.983333333333333
8168710,Control,3.2
8169008,Control,3.4
8169732,Test,1.8333333333333333
8170103,Test,11.85
8170143,Control,4.75
8170314,Test,2.533333333333333
8170322,Control,1.35
8170337,Control,5.016666666666667
8170460,Test,7.416666666666667
8171000,Control,2.5166666666666666
8172442,Control,2.783333333333333
8173142,Control,7.2
8173337,Control,2.816666666666667
8173417,Control,2.533333333333333
8173437,Control,17.266666666666666
8173583,Test,1.6
8174002,Test,1.8666666666666667
8174009,Test,2.2666666666666666
8174132,Test,6.566666666666666
8174731,Test,4.0
8175396,Control,3.1166666666666667
8175407,Test,37.55
8175591,Control,3.716666666666667
8175830,Control,6.5
8175874,Test,2.75
8176430,Test,4.616666666666666
8176637,Test,1.6333333333333333
8177035,Control,18.983333333333334
8178255,Test,2.6166666666666667
8178404,Test,29.3
8178612,Test,1.2666666666666666
8178704,Test,21.733333333333334
8178744,Test,4.25
8179401,Test,3.7666666666666666
8180028,Test,15.566666666666666
8180165,Test,2.933333333333333
8180297,Control,2.45
8180590,Test,6.833333333333333
8180806,Control,2.216666666666667
8181298,Test,4.066666666666666
8181732,Control,2.75
8182003,Test,20.15
8182204,Control,7.0
8182490,Test,2.4
8182707,Test,2.9
8183191,Test,4.833333333333333
8183780,Test,15.183333333333334
8184181,Test,24.633333333333333
8184247,Control,11.416666666666666
8184463,Control,3.8666666666666667
8185425,Control,5.9
8185919,Test,8.2
8186129,Test,2.6333333333333333
8186151,Test,5.116666666666666
8186750,Control,11.283333333333333
8187091,Test,4.933333333333334
8187299,Test,4.266666666666667
8187863,Test,7.633333333333334
8187908,Control,1.8166666666666667
8188503,Control,1.75
8188592,Control,7.15
8188609,Control,2.6
8188670,Control,4.516666666666667
8188833,Control,2.3
8188992,Control,3.216666666666667
8189269,Test,1.05
8189712,Test,9.25
8189770,Test,3.216666666666667
8189939,Control,3.2666666666666666
8190057,Control,16.983333333333334
8190159,Test,4.366666666666666
8190179,Control,3.4833333333333334
8190214,Control,1.2
8190789,Control,1.5
8191011,Test,10.15
8191025,Control,4.0
8191168,Test,6.216666666666667
8191330,Control,8.2
8191345,Control,6.216666666666667
8191449,Control,3.7333333333333334
8191466,Test,13.35
8191544,Test,4.1
8191705,Test,3.4
8191811,Control,3.283333333333333
8191942,Test,5.066666666666666
8193034,Test,2.5
8193081,Control,4.4
8193148,Test,7.983333333333333
8193841,Test,1.9833333333333334
8193865,Test,1.1833333333333333
8194686,Control,4.0
8195227,Test,7.25
8195239,Test,5.933333333333334
8195272,Control,2.783333333333333
8196104,Test,3.0833333333333335
8196373,Control,2.4833333333333334
8196637,Test,10.916666666666666
8197150,Test,2.1
8197235,Control,1.8166666666666667
8198121,Test,2.0833333333333335
8198551,Control,20.866666666666667
8198645,Test,9.7
8199471,Test,9.4
8199666,Control,1.6333333333333333
8199837,Control,3.316666666666667
8200065,Control,2.55
8200329,Test,2.6
8200585,Test,3.183333333333333
8201398,Control,4.033333333333333
8201583,Control,3.1333333333333333
8201692,Control,16.616666666666667
8202513,Control,3.9
8203134,Control,7.1
8203506,Test,4.8
8203999,Test,10.216666666666667
8204360,Test,7.866666666666666
8204504,Test,1.9
8204634,Control,3.6166666666666667
8204656,Test,2.9
8204676,Control,3.066666666666667
8204700,Control,2.3833333333333333
8204753,Test,4.766666666666667
8204998,Control,5.683333333333334
8205041,Control,14.816666666666666
8205075,Test,6.216666666666667
8205401,Test,7.483333333333333
8205765,Test,1.6
8205867,Test,14.216666666666667
8206323,Test,2.8833333333333333
8206448,Test,1.1166666666666667
8206767,Test,1.6666666666666667
8207278,Test,2.933333333333333
8207383,Test,7.85
8207419,Test,1.6166666666666667
8207575,Control,1.7833333333333334
8207796,Test,1.5166666666666666
8207810,Control,1.8833333333333333
8207876,Test,14.0
8208371,Test,5.8
8208998,Control,5.266666666666667
8209092,Test,14.983333333333333
8209656,Control,4.5
8209682,Control,7.916666666666667
8209858,Test,1.65
8210027,Control,4.966666666666667
8210202,Control,14.15
8210226,Test,7.45
8210680,Control,5.1
8211143,Control,4.816666666666666
8211160,Control,4.4
8211256,Test,1.6666666666666667
8211265,Test,3.5833333333333335
8212469,Test,4.9
8212601,Control,2.316666666666667
8212752,Test,3.566666666666667
8212840,Test,12.166666666666666
8212875,Control,20.233333333333334
8213284,Control,5.533333333333333
8213408,Test,17.416666666666668
8213456,Test,9.733333333333333
8213521,Control,2.7666666666666666
8213550,Test,1.3833333333333333
8213697,Test,2.75
8213835,Test,6.833333333333333
8214271,Control,4.316666666666666
8214290,Test,1.9333333333333333
8214867,Control,3.8
8215341,Test,3.1333333333333333
8215625,Test,5.233333333333333
8217859,Test,39.983333333333334
8218129,Control,6.433333333333334
8218468,Test,1.6833333333333333
8219222,Test,10.533333333333333
8219471,Test,10.383333333333333
8219634,Test,5.733333333333333
8219637,Control,1.8833333333333333
8219853,Control,2.1333333333333333
8220559,Test,1.85
8220863,Control,5.433333333333334
8220997,Control,7.816666666666666
8221149,Test,9.616666666666667
8221193,Test,4.883333333333334
8221453,Control,3.35
8221479,Control,3.0833333333333335
8221744,Control,6.65
8221767,Control,1.25
8221811,Test,4.133333333333334
8221841,Test,2.3333333333333335
8221962,Test,2.2666666666666666
8222418,Control,8.35
8223055,Test,1.95
8223495,Test,8.966666666666667
8223810,Test,1.4
8223918,Test,16.816666666666666
8224037,Test,10.35
8224116,Test,4.116666666666666
8224799,Control,9.216666666666667
8225466,Test,2.1166666666666667
8225502,Control,1.5833333333333333
8225520,Test,2.6333333333333333
8225827,Test,4.133333333333334
8225975,Control,4.216666666666667
8226139,Control,4.066666666666666
8226519,Test,3.5166666666666666
8226609,Control,9.933333333333334
8226716,Test,2.933333333333333
8226844,Test,1.5833333333333333
8227073,Control,2.5166666666666666
8227952,Test,1.4166666666666667
8228389,Control,8.333333333333334
8228852,Control,3.216666666666667
8229123,Test,3.1
8229804,Test,9.416666666666666
8229929,Control,2.3666666666666667
8230364,Test,4.25
8230414,Test,19.35
8230433,Control,3.5166666666666666
8230834,Control,4.3
8231258,Control,6.816666666666666
8231344,Test,2.35
8231827,Control,14.1
8231864,Test,5.3
8231898,Control,3.1666666666666665
8231925,Test,5.683333333333334
8232143,Control,1.95
8232713,Test,1.8
8232740,Test,1.2666666666666666
8233227,Test,5.516666666666667
8234524,Control,5.533333333333333
8234708,Control,8.416666666666666
8234923,Control,9.666666666666666
8234949,Control,13.85
8235049,Test,3.35
8235124,Test,2.783333333333333
8235558,Control,9.4
8235640,Control,7.583333333333333
8235834,Test,5.983333333333333
8236198,Control,2.816666666666667
8236848,Control,1.0833333333333333
8237052,Control,4.516666666666667
8237386,Control,39.85
8237457,Control,26.55
8238021,Test,3.933333333333333
8238260,Test,6.883333333333334
8238658,Control,17.916666666666668
8238902,Control,8.383333333333333
8239217,Test,4.116666666666666
8239508,Control,1.4333333333333333
8239889,Control,3.433333333333333
8239936,Test,6.583333333333333
8240028,Control,7.116666666666666
8240214,Control,2.183333333333333
8240359,Control,3.4833333333333334
8240516,Test,6.183333333333334
8240915,Control,3.1
8241178,Test,2.0833333333333335
8241606,Test,5.85
8241833,Test,3.35
8241885,Control,2.8833333333333333
8241961,Test,1.3666666666666667
8241992,Test,1.95
8242142,Test,2.2333333333333334
8242222,Control,5.6
8242392,Test,4.916666666666667
8242900,Test,4.933333333333334
8243304,Test,8.783333333333333
8243653,Control,3.6333333333333333
8243850,Test,2.45
8244196,Control,2.4166666666666665
8244502,Test,10.266666666666667
8244532,Test,2.65
8244716,Test,6.1
8244744,Test,2.35
8245214,Control,2.8333333333333335
8245227,Control,4.483333333333333
8245264,Test,33.28333333333333
8245307,Control,4.85
8245704,Control,2.433333333333333
8245786,Test,5.833333333333333
8246277,Test,3.3
8247035,Control,4.483333333333333
8247132,Control,1.5333333333333334
8247576,Test,3.466666666666667
8247591,Test,13.75
8248476,Control,5.25
8248690,Test,1.8166666666666667
8248792,Test,2.7666666666666666
8249435,Control,11.9
8249603,Test,9.1
8249646,Control,7.85
8249927,Control,8.333333333333334
8250493,Control,14.7
8250635,Test,4.383333333333334
8250645,Control,4.916666666666667
8251431,Test,2.75
8251530,Test,6.716666666666667
8251595,Control,8.3
8251687,Test,2.783333333333333
8252168,Test,2.816666666666667
8252250,Control,3.45
8252266,Control,6.55
8253426,Test,4.566666666666666
8253552,Test,19.133333333333333
8253604,Control,5.216666666666667
8253607,Test,11.816666666666666
8253877,Test,4.566666666666666
8254057,Test,2.816666666666667
8254071,Control,3.683333333333333
8254254,Test,1.4166666666666667
8254513,Control,6.4
8254556,Test,12.666666666666666
8254601,Control,4.1
8254744,Test,2.716666666666667
8255117,Control,4.966666666666667
8255200,Control,8.983333333333333
8255460,Control,6.666666666666667
8255545,Control,2.7
8255655,Test,4.3
8255751,Control,4.916666666666667
8256490,Control,2.4833333333333334
8256871,Test,1.75
8257047,Test,2.85
8257141,Test,1.6833333333333333
8257765,Control,3.15
8257908,Test,14.55
8257990,Test,1.85
8258127,Test,2.4
8259142,Control,2.9833333333333334
8259219,Control,29.15
8259583,Test,2.716666666666667
8259685,Test,0.9666666666666667
8259713,Test,1.7333333333333334
8260202,Test,3.5833333333333335
8260569,Control,10.6
8261716,Control,2.35
8262020,Test,1.7666666666666666
8262787,Test,4.616666666666666
8262801,Control,6.3
8262866,Control,1.6166666666666667
8262941,Control,2.0833333333333335
8262994,Test,5.866666666666666
8263312,Test,3.316666666666667
8263728,Control,3.566666666666667
8263833,Control,4.9
8264067,Test,3.9833333333333334
8264444,Test,19.866666666666667
8264467,Test,5.916666666666667
8264540,Test,1.4166666666666667
8264879,Test,8.7
8264976,Test,6.733333333333333
8265047,Test,1.5166666666666666
8265200,Test,2.25
8265362,Test,1.8
8265793,Test,2.7
8266473,Control,1.9166666666666667
8266748,Test,4.216666666666667
8267405,Control,7.683333333333334
8267515,Control,1.6833333333333333
8267883,Test,2.55
8267974,Control,8.066666666666666
8268271,Control,8.916666666666666
8268739,Test,1.9166666666666667
8269375,Test,1.3333333333333333
8269518,Test,4.333333333333333
8270123,Control,6.816666666666666
8270136,Control,3.7
8270441,Control,3.466666666666667
8270778,Test,4.25
8270818,Control,1.45
8271006,Test,7.966666666666667
8271447,Test,7.35
8271685,Control,9.566666666666666
8271821,Test,4.9
8272618,Test,5.25
8272668,Test,3.85
8272922,Control,4.75
8273339,Control,6.266666666666667
8273350,Control,6.983333333333333
8273493,Test,2.05
8273714,Test,3.65
8274026,Test,6.2
8274603,Test,6.216666666666667
8274863,Control,1.6833333333333333
8274871,Control,5.383333333333334
8275004,Test,2.3666666666666667
8275762,Test,4.216666666666667
8275933,Test,5.283333333333333
8276422,Control,7.75
8276599,Test,1.7833333333333334
8276895,Test,3.0833333333333335
8276980,Control,4.25
8277761,Test,52.03333333333333
8278144,Test,22.033333333333335
8278203,Test,3.566666666666667
8278312,Control,3.75
8278468,Test,4.95
8278713,Control,2.8666666666666667
8279228,Test,10.15
8279363,Control,2.3333333333333335
8279619,Test,2.5
8279701,Test,10.1
8280127,Test,2.6166666666666667
8280202,Test,6.233333333333333
8280249,Test,4.066666666666666
8280306,Test,3.1666666666666665
8280317,Control,4.783333333333333
8280766,Control,6.8
8281643,Test,4.466666666666667
8282617,Test,2.75
8282834,Control,13.483333333333333
8282979,Test,2.9833333333333334
8283857,Test,45.36666666666667
8284374,Test,9.5
8284480,Test,9.016666666666667
8284851,Test,2.966666666666667
8285068,Test,4.016666666666667
8285423,Control,1.8666666666666667
8285903,Test,3.0166666666666666
8286131,Control,4.15
8286876,Control,5.15
8287199,Test,13.2
8287712,Test,5.666666666666667
8288240,Control,15.383333333333333
8289071,Control,1.9333333333333333
8289125,Control,2.0833333333333335
8289357,Test,2.933333333333333
8289836,Test,21.9
8290113,Test,1.95
8290239,Control,9.3
8291015,Test,2.5
8291632,Control,5.216666666666667
8292336,Test,9.416666666666666
8292850,Test,8.8
8293466,Control,10.183333333333334
8293875,Test,40.016666666666666
8293919,Test,11.283333333333333
8294014,Test,2.783333333333333
8294098,Test,4.516666666666667
8294417,Test,2.3
8294791,Test,2.9833333333333334
8295065,Control,1.6166666666666667
8295352,Test,2.8
8295379,Test,15.783333333333333
8295715,Test,11.933333333333334
8295735,Control,15.083333333333334
8296273,Control,3.6666666666666665
8296643,Test,1.0333333333333334
8296872,Test,14.883333333333333
8296896,Test,3.9
8297474,Test,1.5833333333333333
8297741,Control,6.55
8297843,Test,1.75
8297953,Test,7.566666666666666
8298512,Test,7.8
8298599,Control,5.383333333333334
8299155,Control,3.7
8299423,Control,1.8
8299933,Test,4.05
8300275,Test,5.816666666666666
8300335,Test,1.1833333333333333
8301761,Control,4.483333333333333
8302067,Control,4.4
8302113,Test,8.666666666666666
8302339,Control,23.783333333333335
8302402,Control,6.15
8302997,Test,2.3
8304008,Control,5.65
8304087,Control,6.633333333333334
8304655,Test,5.533333333333333
8304828,Control,3.8333333333333335
8305136,Test,16.2
8305562,Test,1.0833333333333333
8305949,Test,7.183333333333334
8306917,Control,5.166666666666667
8307059,Control,17.533333333333335
8307205,Control,3.4
8308363,Test,3.2666666666666666
8309083,Test,2.716666666666667
8309125,Control,10.783333333333333
8309245,Test,6.3
8310031,Test,1.7333333333333334
8310041,Test,8.15
8310807,Control,5.0
8310955,Control,4.466666666666667
8311223,Control,7.133333333333334
8311234,Control,17.65
8312319,Test,30.75
8312460,Test,5.4
8313229,Test,5.483333333333333
8313701,Control,10.6
8314183,Test,11.066666666666666
8314192,Test,5.35
8314259,Test,5.116666666666666
8314547,Control,23.1
8314579,Test,2.783333333333333
8314845,Test,2.7333333333333334
8314885,Test,10.566666666666666
8314951,Test,31.766666666666666
8315301,Test,5.766666666666667
8315340,Control,1.3166666666666667
8315555,Control,1.2666666666666666
8315689,Control,2.6333333333333333
8315808,Control,5.466666666666667
8316281,Control,9.733333333333333
8316572,Test,3.783333333333333
8316689,Test,2.433333333333333
8317305,Test,2.183333333333333
8317382,Control,4.183333333333334
8318148,Test,3.533333333333333
8318184,Test,4.116666666666666
8318768,Control,2.85
8319134,Control,1.95
8319726,Test,1.8
8319955,Control,6.5
8320017,Test,1.9833333333333334
8320528,Test,3.3333333333333335
8321082,Test,2.4833333333333334
8321201,Test,2.0833333333333335
8321972,Control,16.083333333333332
8322275,Test,48.916666666666664
8322804,Control,8.566666666666666
8322873,Test,6.966666666666667
8322930,Control,12.016666666666667
8323538,Control,4.533333333333333
8323924,Control,3.433333333333333
8324376,Test,7.25
8324410,Test,3.8833333333333333
8325169,Test,3.216666666666667
8325255,Test,3.55
8325418,Control,3.95
8325554,Test,6.016666666666667
8326177,Control,6.083333333333333
8326453,Test,4.85
8327432,Control,9.4
8327879,Control,24.683333333333334
8327906,Test,1.4833333333333334
8328073,Test,16.566666666666666
8328352,Test,5.133333333333334
8328439,Control,6.116666666666666
8329138,Test,8.916666666666666
8329209,Test,2.6166666666666667
8329806,Control,9.616666666666667
8330343,Test,3.066666666666667
8330372,Test,16.033333333333335
8331532,Test,7.95
8331742,Control,4.7
8331981,Control,1.3
8331994,Control,5.4
8332194,Test,3.683333333333333
8332895,Test,4.2
8333602,Test,1.5333333333333334
8333682,Control,3.05
8334353,Control,2.433333333333333
8334958,Control,5.816666666666666
8335505,Test,1.65
8336001,Test,2.6166666666666667
8336492,Control,1.75
8336549,Control,15.9
8337723,Test,3.433333333333333
8337819,Test,7.1
8337830,Control,9.2
8338121,Test,1.8
8338197,Test,2.033333333333333
8338341,Control,1.1166666666666667
8339083,Control,3.3833333333333333
8339282,Control,6.133333333333334
8339452,Test,3.85
8340333,Control,2.75
8340422,Test,4.266666666666667
8340499,Control,26.866666666666667
8340850,Test,44.65
8341006,Control,6.0
8341093,Control,14.15
8341199,Control,25.816666666666666
8341255,Control,3.466666666666667
8342480,Test,7.25
8342890,Test,17.533333333333335
8343009,Control,1.7666666666666666
8343132,Control,3.783333333333333
8343240,Test,4.716666666666667
8343489,Test,1.9166666666666667
8343597,Test,18.3
8344032,Control,2.216666666666667
8344199,Control,4.333333333333333
8344435,Control,7.366666666666666
8344580,Control,5.85
8344620,Test,6.083333333333333
8345007,Test,1.9833333333333334
8345546,Test,2.0166666666666666
8347065,Control,4.416666666666667
8347135,Test,2.8666666666666667
8347580,Test,7.133333333333334
8347961,Control,2.3333333333333335
8348010,Test,3.2333333333333334
8348041,Control,1.6833333333333333
8348583,Test,2.283333333333333
8348798,Test,33.8
8349427,Test,3.316666666666667
8349921,Control,9.65
8350152,Control,4.966666666666667
8350244,Control,2.9833333333333334
8350306,Control,2.9
8350451,Control,1.8166666666666667
8350607,Control,15.233333333333333
8350976,Control,8.766666666666667
8351784,Test,7.966666666666667
8353226,Test,1.9833333333333334
8353250,Control,8.466666666666667
8353600,Test,3.95
8353994,Control,3.5
8354188,Test,2.8333333333333335
8355291,Control,5.4
8355475,Test,4.116666666666666
8355598,Control,9.85
8356074,Control,7.5
8357092,Control,2.8666666666666667
8357336,Test,2.2
8357465,Control,9.45
8357730,Control,2.283333333333333
8358491,Control,6.333333333333333
8358616,Control,2.9166666666666665
8359010,Control,8.033333333333333
8359558,Test,12.966666666666667
8359895,Test,1.6333333333333333
8360030,Control,9.716666666666667
8360249,Control,4.633333333333334
8360296,Control,6.816666666666666
8360430,Control,11.066666666666666
8360513,Test,2.35
8361962,Control,5.066666666666666
8362148,Test,16.483333333333334
8362231,Test,5.216666666666667
8362346,Test,1.75
8362884,Control,3.2
8363051,Test,5.116666666666666
8363116,Control,3.0166666666666666
8363319,Control,3.8
8363789,Test,1.85
8363956,Test,1.5
8364167,Test,13.933333333333334
8364181,Control,1.2666666666666666
8364792,Test,1.6833333333333333
8365378,Control,3.55
8365468,Control,3.566666666666667
8365651,Test,3.6666666666666665
8365656,Control,6.1
8365988,Test,2.283333333333333
8365990,Control,1.0
8366249,Test,3.05
8366652,Test,3.183333333333333
8366776,Control,3.9
8366788,Test,3.05
8366866,Test,0.95
8366885,Control,10.183333333333334
8367710,Control,2.8833333333333333
8368220,Test,3.15
8368263,Test,28.9
8368455,Test,3.5833333333333335
8368488,Control,2.816666666666667
8368543,Test,10.35
8368776,Test,8.783333333333333
8368822,Control,1.9833333333333334
8369695,Test,26.066666666666666
8369773,Test,4.083333333333333
8369837,Test,4.1
8369849,Test,3.8666666666666667
8369912,Test,7.35
8370185,Control,5.016666666666667
8370323,Test,28.0
8370386,Control,18.566666666666666
8370440,Test,3.75
8370988,Test,8.8
8371166,Test,3.3833333333333333
8373117,Test,5.15
8374042,Test,2.3333333333333335
8374114,Control,3.066666666666667
8375225,Control,5.8
8375341,Control,5.4
8375478,Test,20.4
8375573,Test,1.2666666666666666
8376983,Control,0.6666666666666666
8377586,Test,3.033333333333333
8378196,Test,2.183333333333333
8378262,Control,1.9833333333333334
8378562,Test,10.533333333333333
8378593,Control,15.416666666666666
8378623,Test,2.433333333333333
8378787,Test,15.5
8380079,Test,1.6833333333333333
8380519,Control,1.5166666666666666
8380574,Test,1.4666666666666666
8381023,Control,32.35
8381398,Control,2.9166666666666665
8381763,Control,1.6666666666666667
8381797,Test,2.4
8382031,Test,5.15
8382128,Control,1.6833333333333333
8382404,Control,7.5
8382501,Control,4.05
8382884,Control,3.4
8383420,Control,5.016666666666667
8383454,Test,1.75
8383466,Test,17.75
8383721,Control,24.65
8384036,Test,3.183333333333333
8384161,Control,5.333333333333333
8384474,Test,2.566666666666667
8384923,Control,3.283333333333333
8385033,Control,4.05
8385717,Control,4.65
8385830,Control,2.8666666666666667
8385886,Control,10.35
8386364,Test,2.6166666666666667
8386410,Control,7.666666666666667
8386504,Test,2.3666666666666667
8386668,Control,4.616666666666666
8387066,Test,3.2
8387524,Test,3.466666666666667
8387609,Control,4.883333333333334
8387642,Control,18.066666666666666
8388135,Test,0.8166666666666667
8388282,Test,3.9
8388674,Test,9.65
8389387,Control,2.55
8389512,Test,3.216666666666667
8389879,Control,2.45
8389965,Control,3.9833333333333334
8390041,Control,5.016666666666667
8390636,Test,9.2
8391009,Test,2.216666666666667
8393708,Control,4.033333333333333
8393766,Test,5.583333333333333
8394478,Test,2.25
8395741,Test,3.9833333333333334
8396404,Test,1.5333333333333334
8396620,Test,2.283333333333333
8396883,Control,17.716666666666665
8397063,Control,2.55
8397148,Test,2.0
8397371,Test,1.45
8397383,Test,6.15
8397479,Test,4.316666666666666
8398116,Control,5.85
8398285,Test,3.1666666666666665
8398431,Control,4.916666666666667
8398698,Control,2.783333333333333
8400251,Control,9.5
8400632,Test,5.166666666666667
8400843,Test,16.616666666666667
8401660,Test,3.783333333333333
8401928,Control,1.5833333333333333
8402356,Control,7.4
8402368,Control,16.833333333333332
8402635,Test,8.55
8402663,Control,6.216666666666667
8402778,Control,5.2
8402909,Control,9.8
8403024,Test,4.85
8403267,Control,7.183333333333334
8403390,Test,1.1833333333333333
8403485,Test,1.0833333333333333
8403489,Test,8.783333333333333
8403671,Control,5.316666666666666
8403697,Test,7.533333333333333
8404071,Control,2.65
8404411,Test,6.25
8404592,Test,20.616666666666667
8404665,Test,1.1
8404715,Test,9.583333333333334
8404765,Control,2.9833333333333334
8404858,Test,10.2
8405619,Test,3.4833333333333334
8405623,Test,5.166666666666667
8405736,Test,2.283333333333333
8406200,Control,8.233333333333333
8406244,Test,4.033333333333333
8406430,Test,7.55
8406607,Test,11.85
8406619,Test,3.8333333333333335
8406971,Control,7.883333333333334
8406972,Control,8.633333333333333
8407187,Control,4.833333333333333
8407471,Control,2.683333333333333
8407501,Test,7.8
8408200,Control,2.1166666666666667
8408236,Test,9.183333333333334
8408800,Control,2.3
8409377,Control,8.233333333333333
8409515,Control,3.7
8409579,Control,3.683333333333333
8409638,Test,2.55
8409724,Test,3.533333333333333
8409890,Test,3.966666666666667
8410550,Test,5.083333333333333
8411404,Test,2.716666666666667
8412195,Test,4.15
8412454,Control,4.583333333333333
8412778,Test,6.766666666666667
8412974,Test,2.066666666666667
8413298,Control,10.866666666666667
8413362,Test,21.133333333333333
8413646,Control,3.5166666666666666
8413855,Control,2.3333333333333335
8413895,Control,6.85
8413954,Control,7.283333333333333
8415235,Test,2.283333333333333
8415327,Control,2.8666666666666667
8415542,Test,1.7666666666666666
8415544,Test,12.616666666666667
8415669,Control,6.3
8415753,Test,2.4
8415761,Test,7.133333333333334
8416586,Test,1.0333333333333334
8417006,Control,6.516666666666667
8417937,Control,3.0833333333333335
8418435,Control,2.716666666666667
8418536,Control,1.6833333333333333
8418665,Test,2.433333333333333
8418726,Test,2.683333333333333
8419515,Control,15.633333333333333
8419833,Test,1.9333333333333333
8420137,Test,10.016666666666667
8420369,Test,3.2
8420402,Test,3.716666666666667
8420487,Control,3.6333333333333333
8420535,Control,3.25
8421108,Control,9.9
8421297,Test,1.4166666666666667
8421695,Test,3.75
8422214,Control,4.033333333333333
8422352,Test,14.016666666666667
8422642,Control,3.3
8422670,Control,3.8333333333333335
8422671,Control,4.116666666666666
8423312,Test,13.016666666666667
8423502,Test,10.133333333333333
8423921,Test,13.183333333333334
8424498,Control,3.8833333333333333
8424613,Control,9.083333333333334
8424645,Control,11.583333333333334
8424752,Control,8.466666666666667
8425235,Test,2.316666666666667
8425867,Test,2.6333333333333333
8426615,Test,4.55
8427122,Test,1.3
8427350,Test,4.166666666666667
8427870,Test,30.666666666666668
8428699,Control,2.15
8429054,Control,3.5166666666666666
8429153,Test,2.2
8429511,Test,1.6333333333333333
8430093,Control,1.6
8430107,Control,10.3
8430218,Test,13.4
8430354,Control,3.55
8430470,Test,2.183333333333333
8430700,Control,2.3833333333333333
8431427,Test,2.1333333333333333
8431740,Test,2.4833333333333334
8431794,Control,2.75
8432079,Test,2.4166666666666665
8432220,Control,1.3666666666666667
8432508,Control,4.45
8432629,Control,6.216666666666667
8432798,Test,1.6333333333333333
8432888,Control,5.483333333333333
8433097,Test,3.5833333333333335
8433852,Control,1.9833333333333334
8434099,Test,8.916666666666666
8434941,Control,3.6166666666666667
8436848,Control,4.883333333333334
8437302,Test,6.566666666666666
8437665,Test,17.2
8438038,Control,9.333333333333334
8438132,Test,3.55
8438270,Control,22.033333333333335
8438441,Control,5.5
8438448,Control,3.15
8439704,Control,4.316666666666666
8439727,Test,3.9833333333333334
8439870,Test,23.633333333333333
8439914,Test,10.05
8440000,Test,1.5
8440164,Test,14.116666666666667
8440209,Control,3.6333333333333333
8440496,Test,2.4166666666666665
8441190,Control,1.45
8441472,Test,3.15
8441692,Control,4.733333333333333
8441694,Test,1.6666666666666667
8441811,Test,11.1
8441983,Test,10.833333333333334
8442020,Control,9.65
8442526,Control,1.8333333333333333
8442995,Test,65.4
8443142,Test,9.05
8444602,Control,3.1666666666666665
8444793,Test,1.8
8445313,Test,15.35
8445363,Test,3.7666666666666666
8446580,Control,35.25
8446688,Test,6.616666666666666
8446937,Control,10.833333333333334
8447568,Test,3.066666666666667
8447700,Control,13.5
8448636,Control,14.183333333333334
8448994,Control,3.216666666666667
8449016,Control,2.6166666666666667
8449026,Test,3.0166666666666666
8449611,Control,5.066666666666666
8450110,Control,5.55
8450251,Control,1.5666666666666667
8450389,Test,7.016666666666667
8451131,Test,44.833333333333336
8452111,Test,5.25
8452673,Test,12.566666666666666
8452711,Control,6.0
8453877,Test,2.7666666666666666
8454223,Control,4.983333333333333
8454368,Control,29.683333333333334
8454445,Control,3.533333333333333
8454706,Test,2.1666666666666665
8454778,Test,14.5
8455042,Control,18.05
8455174,Test,5.933333333333334
8455692,Control,4.583333333333333
8455732,Control,2.2
8455839,Test,3.7666666666666666
8455971,Control,2.716666666666667
8456202,Control,6.65
8456308,Test,2.9
8456534,Control,3.3666666666666667
8456627,Control,3.466666666666667
8457324,Test,4.45
8457457,Test,4.333333333333333
8457877,Test,4.016666666666667
8457919,Control,12.35
8457927,Test,1.65
8458014,Control,6.65
8458079,Control,6.833333333333333
8458271,Control,4.85
8458957,Control,7.483333333333333
8459080,Test,3.783333333333333
8459196,Test,1.5333333333333334
8459444,Test,8.616666666666667
8459791,Test,1.8833333333333333
8459848,Test,2.1666666666666665
8460039,Test,1.4333333333333333
8460140,Test,2.7666666666666666
8460327,Control,2.25
8460512,Test,21.016666666666666
8460742,Control,4.766666666666667
8461066,Test,12.266666666666667
8461220,Test,3.3833333333333333
8461324,Control,7.866666666666666
8461668,Control,9.033333333333333
8461847,Test,2.6666666666666665
8461995,Control,7.016666666666667
8462755,Control,1.8
8462796,Test,2.8333333333333335
8463084,Control,3.9
8463143,Control,3.95
8463206,Control,3.05
8463837,Control,4.233333333333333
8465223,Control,17.233333333333334
8466350,Test,2.2333333333333334
8466565,Test,5.75
8467427,Test,2.216666666666667
8467959,Test,6.0
8468009,Test,8.416666666666666
8468092,Control,29.25
8468212,Test,4.716666666666667
8468373,Control,1.8666666666666667
8468949,Test,1.8
8469085,Control,6.5
8469485,Test,2.3833333333333333
8469745,Test,3.15
8470229,Control,32.516666666666666
8470247,Test,1.6166666666666667
8470441,Control,6.05
8470681,Control,3.783333333333333
8470926,Test,7.833333333333333
8471108,Control,3.15
8471133,Test,2.2
8471139,Control,5.516666666666667
8471628,Test,5.933333333333334
8471697,Control,8.983333333333333
8471730,Control,4.483333333333333
8472209,Test,3.9
8472231,Control,5.65
8472274,Test,3.1
8472375,Test,3.7333333333333334
8472387,Test,22.216666666666665
8473085,Control,4.95
8473097,Control,4.583333333333333
8473396,Control,3.6166666666666667
8473526,Test,2.4
8473772,Test,2.9833333333333334
8475055,Test,15.2
8475183,Test,2.75
8476559,Control,3.216666666666667
8476755,Control,2.716666666666667
8476794,Test,10.35
8476828,Test,10.9
8477121,Test,2.0
8477190,Test,1.7333333333333334
8477487,Control,44.75
8478735,Control,8.35
8479157,Control,3.1666666666666665
8480126,Test,7.066666666666666
8480271,Control,3.6
8480506,Control,18.216666666666665
8480558,Test,2.8666666666666667
8482024,Test,1.95
8482048,Control,5.15
8482201,Test,4.666666666666667
8482283,Test,11.866666666666667
8482390,Control,4.116666666666666
8482662,Control,4.45
8483497,Control,2.783333333333333
8483908,Control,3.35
8484054,Test,2.35
8485558,Test,5.016666666666667
8485614,Test,2.4
8485850,Test,6.116666666666666
8488078,Control,4.533333333333333
8488116,Control,6.983333333333333
8488343,Test,10.916666666666666
8488517,Test,2.3333333333333335
8489537,Test,2.75
8490158,Test,10.983333333333333
8490431,Test,3.55
8490525,Control,3.9833333333333334
8490810,Test,3.9166666666666665
8490834,Test,2.3833333333333333
8491056,Test,1.25
8491121,Test,1.35
8491361,Test,4.85
8491806,Test,5.15
8492366,Control,3.7666666666666666
8492504,Control,9.05
8492564,Test,3.4
8493081,Test,6.55
8493240,Control,5.45
8493469,Test,2.8666666666666667
8493650,Control,2.05
8494729,Control,3.566666666666667
8495015,Test,7.433333333333334
8495964,Test,2.816666666666667
8496064,Control,10.9
8496269,Test,4.566666666666666
8496594,Control,12.466666666666667
8496930,Test,8.65
8497008,Test,4.25
8497136,Test,1.65
8497234,Control,2.6666666666666665
8497468,Test,3.3
8497640,Test,11.9
8497666,Control,3.466666666666667
8498312,Control,4.166666666666667
8498480,Control,4.983333333333333
8498591,Control,3.183333333333333
8499074,Control,2.15
8499181,Test,1.9166666666666667
8499705,Test,4.6
8500004,Control,10.266666666666667
8500269,Control,4.683333333333334
8500291,Control,3.1666666666666665
8500602,Test,5.066666666666666
8500861,Test,4.9
8501291,Test,4.916666666666667
8501430,Control,3.5166666666666666
8501770,Control,11.933333333333334
8502793,Test,2.65
8502813,Control,13.533333333333333
8502914,Test,33.28333333333333
8502987,Test,1.9166666666666667
8503257,Test,3.816666666666667
8503930,Test,2.566666666666667
8504008,Test,28.716666666666665
8504197,Test,3.316666666666667
8504863,Control,14.316666666666666
8504929,Test,2.9166666666666665
8505031,Test,1.2166666666666666
8505078,Test,4.566666666666666
8505098,Control,7.266666666666667
8505472,Control,9.016666666666667
8505547,Test,3.15
8505774,Test,3.966666666666667
8506460,Test,4.983333333333333
8506583,Test,1.65
8506661,Control,2.933333333333333
8506693,Control,5.35
8507003,Control,4.766666666666667
8507124,Control,26.65
8509031,Test,12.666666666666666
8509137,Test,7.133333333333334
8509526,Control,4.283333333333333
8509527,Control,3.5833333333333335
8509607,Control,19.4
8509827,Control,9.95
8510262,Control,6.1
8510278,Test,35.13333333333333
8510293,Control,5.983333333333333
8510356,Test,1.3333333333333333
8510954,Test,2.683333333333333
8511794,Test,6.333333333333333
8511811,Control,14.583333333333334
8511849,Control,2.5833333333333335
8512066,Test,18.466666666666665
8512093,Test,1.75
8512553,Control,8.916666666666666
8512863,Control,9.283333333333333
8513162,Test,4.1
8513721,Control,4.733333333333333
8514125,Test,1.8333333333333333
8514305,Control,6.866666666666666
8514966,Test,5.933333333333334
8515627,Control,3.05
8515641,Test,2.7666666666666666
8515670,Control,2.0166666666666666
8516341,Test,6.783333333333333
8516565,Test,3.4833333333333334
8516632,Control,4.7
8516896,Control,5.55
8516900,Test,4.7
8517414,Control,2.65
8517967,Test,2.2666666666666666
8518367,Test,2.35
8518643,Control,3.566666666666667
8518982,Test,3.95
8519232,Test,2.05
8519302,Test,3.1333333333333333
8519626,Control,3.5166666666666666
8519807,Test,13.933333333333334
8520434,Control,2.6666666666666665
8520650,Control,7.483333333333333
8521030,Test,6.316666666666666
8521346,Test,3.216666666666667
8521482,Control,2.9166666666666665
8521849,Test,2.8
8522060,Control,9.033333333333333
8522955,Control,7.95
8524358,Control,4.233333333333333
8524579,Test,3.183333333333333
8524876,Control,4.616666666666666
8525111,Test,52.75
8525671,Control,3.1666666666666665
8525729,Test,3.0833333333333335
8526067,Control,5.7
8526245,Control,6.0
8526268,Test,2.066666666666667
8526525,Control,7.75
8526665,Control,2.1333333333333333
8526713,Test,5.216666666666667
8526905,Test,3.1166666666666667
8527227,Test,4.533333333333333
8527390,Test,10.916666666666666
8527826,Control,6.316666666666666
8528489,Test,4.866666666666666
8528827,Test,1.9
8529036,Test,9.133333333333333
8529372,Test,3.466666666666667
8529641,Test,2.7666666666666666
8529646,Test,1.8333333333333333
8529806,Test,1.9166666666666667
8529875,Test,3.3333333333333335
8530290,Control,6.483333333333333
8530430,Test,3.3833333333333333
8530482,Test,14.983333333333333
8530605,Test,10.35
8530901,Control,4.583333333333333
8531480,Control,4.65
8531881,Test,5.633333333333334
8531945,Test,2.2333333333333334
8532013,Control,6.216666666666667
8532134,Test,16.95
8532371,Test,4.383333333333334
8532409,Control,4.3
8532420,Control,2.45
8533320,Control,4.983333333333333
8533635,Test,8.916666666666666
8533687,Control,9.55
8533714,Control,2.183333333333333
8533823,Control,4.266666666666667
8534176,Test,5.333333333333333
8534233,Test,1.9333333333333333
8534599,Test,21.583333333333332
8534656,Test,5.816666666666666
8534657,Control,2.2666666666666666
8534878,Control,7.766666666666667
8535521,Test,16.783333333333335
8536064,Test,10.1
8536134,Control,5.533333333333333
8536229,Control,2.9833333333333334
8536644,Control,5.433333333333334
8536810,Test,9.133333333333333
8536834,Control,1.75
8537217,Control,3.0833333333333335
8537308,Control,6.85
8537321,Control,2.6333333333333333
8537506,Test,2.0
8537775,Control,1.7166666666666666
8538565,Control,4.383333333333334
8538695,Control,4.883333333333334
8538783,Test,1.7
8538953,Control,3.8833333333333333
8538961,Control,2.216666666666667
8538971,Test,1.9666666666666666
8538985,Test,1.6666666666666667
8539205,Control,7.266666666666667
8539397,Control,6.133333333333334
8540069,Control,4.15
8540292,Test,4.65
8540308,Control,4.9
8540533,Test,39.86666666666667
8540710,Test,2.3333333333333335
8540997,Control,3.05
8541103,Control,1.7833333333333334
8541153,Control,3.1
8541412,Test,4.566666666666666
8542158,Test,0.8333333333333334
8542371,Control,3.283333333333333
8542739,Control,22.166666666666668
8543419,Test,1.95
8543484,Test,1.8666666666666667
8543746,Control,14.616666666666667
8544035,Control,5.533333333333333
8544346,Control,7.416666666666667
8544434,Test,2.783333333333333
8544465,Test,4.75
8544599,Control,4.2
8545535,Control,2.4166666666666665
8545681,Test,6.5
8546353,Control,15.5
8546711,Control,4.266666666666667
8546815,Test,4.35
8547148,Test,3.65
8547335,Test,5.533333333333333
8547589,Control,7.366666666666666
8547914,Control,3.15
8548076,Control,21.233333333333334
8548124,Test,1.8166666666666667
8548134,Test,1.6833333333333333
8548327,Control,2.316666666666667
8548477,Test,6.266666666666667
8548506,Test,8.033333333333333
8548825,Test,4.816666666666666
8548975,Test,4.75
8549073,Test,2.216666666666667
8549146,Control,2.35
8549200,Control,3.5166666666666666
8549209,Control,5.266666666666667
8549364,Control,7.55
8549691,Test,1.8333333333333333
8549831,Control,2.783333333333333
8550550,Test,1.8
8550819,Test,10.633333333333333
8550901,Control,4.75
8550982,Control,4.6
8551108,Test,2.3
8551366,Test,1.6333333333333333
8551376,Test,9.516666666666667
8551425,Test,3.4
8551738,Control,14.333333333333334
8552123,Test,2.7
8552493,Test,7.733333333333333
8552526,Control,4.55
8553099,Control,15.65
8553127,Control,9.8
8553219,Test,6.6
8553447,Test,1.95
8553502,Test,2.566666666666667
8553638,Test,21.633333333333333
8553989,Test,1.9666666666666666
8554571,Test,8.216666666666667
8554834,Control,7.833333333333333
8554894,Test,2.05
8555009,Test,7.583333333333333
8555440,Test,2.8333333333333335
8555514,Test,4.4
8555554,Test,3.9166666666666665
8555576,Control,1.9
8555631,Control,23.2
8556009,Control,2.1
8556380,Test,6.55
8556520,Test,2.3833333333333333
8556712,Control,4.45
8556801,Control,5.85
8556804,Control,4.216666666666667
8557245,Control,5.466666666666667
8558911,Control,3.85
8559593,Test,15.516666666666667
8560404,Test,6.583333333333333
8560861,Test,5.883333333333334
8561583,Control,7.516666666666667
8561891,Control,20.266666666666666
8562036,Control,2.35
8562053,Test,5.65
8562324,Test,3.3666666666666667
8562779,Control,1.55
8563144,Test,6.733333333333333
8563448,Test,6.65
8563608,Control,10.666666666666666
8563929,Control,3.4166666666666665
8563982,Control,5.666666666666667
8564174,Control,3.55
8564445,Control,5.75
8564593,Test,4.3
8565062,Control,3.816666666666667
8565185,Control,1.45
8565287,Control,1.7
8565387,Test,8.8
8565944,Test,8.416666666666666
8565968,Control,4.55
8566060,Control,6.633333333333334
8567603,Control,2.6
8568326,Test,4.05
8568805,Test,2.9
8569160,Control,16.95
8569208,Test,2.2666666666666666
8569541,Test,7.8
8569688,Test,15.783333333333333
8570045,Control,11.083333333333334
8570885,Test,1.65
8571857,Test,5.333333333333333
8572550,Test,6.35
8573316,Test,1.3666666666666667
8573578,Control,3.6166666666666667
8573969,Control,1.95
8575091,Test,16.933333333333334
8575424,Test,4.7
8575616,Control,23.3
8575724,Control,5.95
8576259,Control,6.533333333333333
8576266,Control,1.9666666666666666
8576384,Test,13.216666666666667
8576756,Test,17.4
8577484,Test,24.233333333333334
8577690,Control,6.95
8578147,Test,6.166666666666667
8578196,Test,5.933333333333334
8578242,Test,11.15
8578422,Control,2.4166666666666665
8579832,Test,3.6
8579878,Control,13.966666666666667
8580049,Test,3.3333333333333335
8580426,Test,29.966666666666665
8581135,Test,2.533333333333333
8581196,Control,4.666666666666667
8584566,Control,21.483333333333334
8585073,Test,4.3
8585280,Test,1.8833333333333333
8585529,Control,4.7
8585568,Test,10.083333333333334
8586053,Test,12.7
8586164,Control,4.933333333333334
8586252,Control,4.066666666666666
8586358,Test,7.016666666666667
8586536,Test,5.25
8587014,Control,2.933333333333333
8587059,Test,1.4166666666666667
8587126,Test,2.7
8587319,Control,1.8666666666666667
8587389,Test,1.2333333333333334
8587434,Test,8.133333333333333
8587891,Test,2.4833333333333334
8588068,Control,12.566666666666666
8588400,Test,2.0
8588731,Test,1.0666666666666667
8588958,Test,2.7333333333333334
8589357,Test,2.35
8589900,Control,1.6666666666666667
8590903,Test,6.483333333333333
8591547,Control,2.15
8591740,Control,12.5
8591997,Control,4.35
8592146,Control,15.816666666666666
8592151,Test,3.3333333333333335
8592381,Test,2.1666666666666665
8592441,Test,2.8333333333333335
8593025,Control,5.933333333333334
8593130,Test,1.95
8593299,Control,1.85
8593582,Test,3.283333333333333
8593784,Control,4.533333333333333
8593795,Control,5.5
8593839,Control,27.383333333333333
8594925,Test,2.4
8596009,Control,3.183333333333333
8596298,Test,2.05
8596299,Control,3.5166666666666666
8596397,Test,3.183333333333333
8597361,Control,9.316666666666666
8597482,Test,10.966666666666667
8597536,Control,6.483333333333333
8597626,Test,2.6333333333333333
8598149,Control,1.9
8598364,Test,3.316666666666667
8598531,Test,7.816666666666666
8599689,Control,3.3666666666666667
8600149,Control,1.8833333333333333
8600631,Test,12.166666666666666
8600953,Test,1.9333333333333333
8601064,Test,1.8833333333333333
8601093,Test,6.733333333333333
8601616,Test,4.433333333333334
8602025,Control,4.333333333333333
8602065,Test,22.416666666666668
8602447,Control,3.8833333333333333
8602786,Test,2.316666666666667
8603287,Test,15.383333333333333
8603917,Test,5.216666666666667
8604039,Control,2.716666666666667
8604300,Control,4.05
8604495,Test,12.566666666666666
8605448,Control,6.166666666666667
8605475,Control,1.4666666666666666
8607066,Control,3.566666666666667
8607082,Control,2.7333333333333334
8607096,Control,2.7
8607441,Test,6.483333333333333
8607446,Test,9.65
8608071,Test,1.8
8608150,Test,6.65
8608653,Control,2.8333333333333335
8609111,Control,7.283333333333333
8609229,Test,2.5833333333333335
8609253,Test,5.15
8609264,Test,3.6333333333333333
8609870,Control,3.2
8610616,Control,27.5
8610750,Control,2.2666666666666666
8611098,Control,3.4833333333333334
8611255,Control,3.75
8611797,Control,4.233333333333333
8612096,Test,5.95
8612264,Test,3.033333333333333
8613070,Test,3.45
8613152,Test,2.0166666666666666
8613329,Test,6.8
8613747,Test,6.0
8614502,Test,1.7166666666666666
8614862,Control,6.916666666666667
8614928,Test,3.533333333333333
8614947,Control,8.3
8615479,Test,4.883333333333334
8615702,Control,1.8333333333333333
8615962,Test,2.783333333333333
8616361,Test,1.15
8616579,Test,2.783333333333333
8616749,Control,16.566666666666666
8617048,Test,1.95
8617107,Test,3.816666666666667
8617321,Control,4.633333333333334
8617326,Test,4.383333333333334
8617715,Control,10.166666666666666
8618682,Control,3.433333333333333
8619224,Test,1.3166666666666667
8619261,Control,2.1333333333333333
8619538,Test,5.083333333333333
8619619,Control,3.816666666666667
8619982,Control,2.25
8620393,Test,6.916666666666667
8620971,Test,16.483333333333334
8621093,Test,8.35
8621319,Test,8.333333333333334
8621460,Test,1.7833333333333334
8621740,Control,7.366666666666666
8622625,Test,3.7666666666666666
8622690,Control,1.8333333333333333
8622717,Test,11.666666666666666
8623696,Control,9.95
8623810,Control,3.9166666666666665
8624830,Test,13.883333333333333
8624953,Control,2.35
8624972,Test,4.366666666666666
8625102,Test,2.816666666666667
8625422,Control,2.0
8625508,Control,3.9166666666666665
8625604,Test,2.316666666666667
8626111,Test,3.783333333333333
8626423,Control,6.7
8626474,Test,11.083333333333334
8626524,Test,2.5833333333333335
8626837,Control,3.966666666666667
8627075,Control,2.7
8627270,Test,2.933333333333333
8627334,Test,15.516666666666667
8627363,Test,2.0833333333333335
8627399,Control,19.8
8627433,Test,3.183333333333333
8627479,Test,15.2
8627548,Control,9.183333333333334
8627640,Control,2.3666666666666667
8627643,Test,2.533333333333333
8627900,Test,36.45
8628119,Control,12.283333333333333
8628250,Control,3.533333333333333
8628870,Control,3.0833333333333335
8629156,Control,2.75
8629169,Control,2.683333333333333
8629202,Control,7.35
8629781,Control,1.65
8630852,Control,3.15
8630873,Control,6.033333333333333
8631527,Control,18.483333333333334
8631696,Test,1.5833333333333333
8631749,Test,1.6333333333333333
8631773,Control,15.133333333333333
8631879,Test,2.816666666666667
8631976,Test,3.0166666666666666
8632297,Test,5.716666666666667
8632580,Test,2.35
8632606,Test,13.433333333333334
8632638,Test,1.7833333333333334
8632835,Test,1.5333333333333334
8632914,Control,23.933333333333334
8632972,Test,2.1666666666666665
8633436,Test,0.6333333333333333
8633888,Test,6.266666666666667
8634106,Test,5.483333333333333
8634174,Control,5.083333333333333
8634380,Control,9.583333333333334
8634409,Test,2.933333333333333
8635180,Test,3.9833333333333334
8635284,Test,5.166666666666667
8635406,Control,8.983333333333333
8635937,Test,4.566666666666666
8636238,Test,2.6666666666666665
8636244,Control,4.0
8636491,Control,2.816666666666667
8636621,Test,3.7
8636919,Control,4.783333333333333
8637095,Test,3.183333333333333
8637424,Test,1.5166666666666666
8637757,Test,7.533333333333333
8638273,Control,9.383333333333333
8639638,Test,4.633333333333334
8639803,Control,13.083333333333334
8640165,Test,5.05
8640609,Test,4.466666666666667
8641216,Test,3.0166666666666666
8641575,Test,5.133333333333334
8642673,Control,2.7333333333333334
8642798,Control,1.0666666666666667
8642933,Test,6.533333333333333
8643130,Test,9.066666666666666
8643567,Test,1.25
8643625,Control,5.733333333333333
8643727,Control,2.4
8644236,Test,15.733333333333333
8644245,Test,10.266666666666667
8644435,Test,7.116666666666666
8644721,Test,1.5166666666666666
8644876,Control,4.3
8645179,Control,1.3166666666666667
8645415,Control,2.45
8645802,Test,4.45
8646089,Control,6.083333333333333
8646213,Test,4.583333333333333
8646218,Test,7.033333333333333
8646247,Test,25.283333333333335
8646648,Test,34.6
8646822,Test,1.1166666666666667
8646938,Control,12.433333333333334
8647202,Test,3.7
8647361,Test,4.15
8647399,Test,3.3
8647448,Test,2.1666666666666665
8647458,Test,11.833333333333334
8647766,Test,3.8333333333333335
8648052,Control,1.4166666666666667
8648261,Control,1.9333333333333333
8648392,Control,3.5833333333333335
8649165,Control,3.816666666666667
8649227,Control,3.6
8649939,Test,5.2
8650033,Test,8.783333333333333
8650080,Control,2.65
8650786,Test,1.2666666666666666
8651045,Control,1.3166666666666667
8651158,Control,2.3333333333333335
8651984,Test,2.0833333333333335
8652280,Test,1.8833333333333333
8652495,Test,3.1666666666666665
8652675,Control,4.516666666666667
8652897,Test,5.633333333333334
8653037,Test,1.2666666666666666
8653551,Control,2.3333333333333335
8653648,Control,6.616666666666666
8653749,Test,2.9166666666666665
8654712,Test,1.4333333333333333
8654887,Control,10.933333333333334
8654936,Test,2.1
8655162,Test,6.1
8655499,Control,3.3
8655864,Control,5.3
8655930,Test,3.3333333333333335
8656223,Test,13.75
8656227,Test,1.9
8656278,Test,10.416666666666666
8656670,Control,2.3833333333333333
8656834,Test,1.8833333333333333
8657625,Control,1.8
8657713,Test,3.35
8658861,Control,5.233333333333333
8659902,Control,2.8
8660015,Test,9.75
8660336,Test,22.35
8662051,Test,5.016666666666667
8662232,Control,21.383333333333333
8662870,Test,1.8333333333333333
8662871,Control,22.016666666666666
8663315,Control,1.7166666666666666
8663390,Control,4.166666666666667
8663422,Control,1.6666666666666667
8663827,Test,6.05
8663940,Test,7.8
8664129,Test,1.8333333333333333
8664232,Test,29.283333333333335
8664811,Test,2.4
8665369,Control,3.683333333333333
8666113,Control,6.283333333333333
8666285,Control,4.716666666666667
8666529,Test,5.0
8666597,Test,3.2666666666666666
8666599,Control,1.75
8666669,Control,11.266666666666667
8667436,Test,3.933333333333333
8668342,Test,3.2666666666666666
8668513,Test,3.8333333333333335
8668672,Control,1.9
8669100,Test,4.483333333333333
8669103,Test,4.75
8669314,Control,5.916666666666667
8669318,Test,3.2666666666666666
8669449,Test,10.233333333333333
8670047,Control,8.8
8670426,Test,3.85
8670466,Test,2.5166666666666666
8670757,Control,15.233333333333333
8671015,Control,8.633333333333333
8671136,Test,1.6333333333333333
8671533,Control,1.95
8671563,Test,3.816666666666667
8671655,Control,2.466666666666667
8671775,Control,9.283333333333333
8671792,Control,3.35
8672723,Control,4.683333333333334
8673328,Control,3.6333333333333333
8673673,Test,9.966666666666667
8673902,Control,2.8
8674117,Control,6.633333333333334
8674375,Control,11.533333333333333
8675285,Test,3.6
8675322,Control,8.733333333333333
8676893,Test,3.566666666666667
8677207,Control,10.666666666666666
8677760,Test,2.5
8678313,Test,9.633333333333333
8678456,Control,7.016666666666667
8678658,Control,9.333333333333334
8679095,Test,4.166666666666667
8679760,Test,1.8833333333333333
8679790,Test,5.133333333333334
8680122,Control,3.05
8680792,Test,4.766666666666667
8680867,Test,3.033333333333333
8680964,Control,10.333333333333334
8681155,Control,6.333333333333333
8681327,Test,2.4
8681682,Control,3.65
8682039,Test,4.416666666666667
8682571,Test,1.45
8682715,Control,4.083333333333333
8683530,Test,5.9
8683823,Test,6.95
8684518,Test,9.55
8684625,Test,2.783333333333333
8684711,Control,2.566666666666667
8684871,Control,3.1666666666666665
8684880,Control,20.916666666666668
8685018,Control,5.15
8685358,Test,1.8166666666666667
8685414,Control,7.833333333333333
8685434,Test,8.883333333333333
8685525,Control,5.516666666666667
8685786,Test,4.7
8686115,Control,8.8
8686248,Test,4.366666666666666
8686873,Control,5.05
8687545,Test,16.216666666666665
8687599,Test,5.1
8687813,Test,4.5
8687920,Test,4.066666666666666
8687998,Control,7.9
8688164,Test,3.7333333333333334
8688289,Test,3.3833333333333333
8688451,Test,8.333333333333334
8688791,Test,5.65
8688968,Control,5.8
8689010,Control,4.433333333333334
8689089,Control,9.883333333333333
8689214,Test,1.0
8689349,Test,5.466666666666667
8689548,Control,5.6
8689959,Control,6.766666666666667
8689987,Test,5.766666666666667
8690213,Test,2.933333333333333
8690645,Test,7.566666666666666
8690868,Control,3.6333333333333333
8691226,Test,6.8
8691545,Control,2.0833333333333335
8691779,Test,5.116666666666666
8692087,Test,11.983333333333333
8692286,Control,4.766666666666667
8692513,Test,4.516666666666667
8692521,Test,5.266666666666667
8692663,Test,3.1
8693038,Test,3.7333333333333334
8693356,Test,1.2166666666666666
8693488,Test,1.0833333333333333
8694045,Test,8.733333333333333
8694085,Test,6.466666666666667
8694251,Control,2.183333333333333
8694252,Control,4.233333333333333
8694277,Test,33.516666666666666
8694329,Control,8.333333333333334
8694356,Test,1.5666666666666667
8694482,Control,2.783333333333333
8694523,Control,4.733333333333333
8694873,Test,3.1166666666666667
8695557,Test,3.566666666666667
8695867,Test,2.25
8695994,Control,4.216666666666667
8696157,Control,1.7166666666666666
8696471,Control,8.583333333333334
8697150,Control,4.9
8697228,Test,38.38333333333333
8697352,Test,2.783333333333333
8697847,Test,2.283333333333333
8697862,Test,85.28333333333333
8699056,Test,4.416666666666667
8699252,Control,2.183333333333333
8699444,Control,4.933333333333334
8699930,Control,4.133333333333334
8700059,Test,4.466666666666667
8700093,Test,3.183333333333333
8700110,Test,3.0
8700865,Control,12.283333333333333
8701152,Test,3.5166666666666666
8702776,Control,4.266666666666667
8703833,Control,1.05
8704027,Control,3.533333333333333
8704483,Control,6.733333333333333
8704516,Control,3.1
8704638,Test,3.933333333333333
8705058,Test,5.316666666666666
8705202,Control,1.5
8705320,Control,3.9
8705882,Test,2.966666666666667
8706042,Test,0.6333333333333333
8706314,Test,2.3
8706932,Test,4.183333333333334
8706967,Test,5.333333333333333
8707005,Test,2.6666666666666665
8707061,Control,2.716666666666667
8707256,Control,11.25
8707681,Control,11.566666666666666
8707725,Control,7.416666666666667
8708356,Control,6.466666666666667
8708857,Test,3.433333333333333
8709183,Test,2.55
8709700,Test,9.95
8710483,Test,2.7
8710693,Test,28.833333333333332
8711021,Control,3.25
8711093,Control,15.9
8711224,Test,3.65
8711441,Test,4.8
8711523,Control,5.1
8711631,Test,19.033333333333335
8712400,Test,1.5833333333333333
8712807,Test,1.3166666666666667
8713049,Control,3.8833333333333333
8713541,Test,1.4666666666666666
8713803,Control,9.716666666666667
8713813,Test,7.416666666666667
8714032,Control,2.6
8714995,Test,2.8333333333333335
8715267,Control,6.0
8715743,Control,3.3
8716126,Test,2.1166666666666667
8716152,Test,9.133333333333333
8716367,Test,6.133333333333334
8716491,Control,3.1666666666666665
8716565,Test,2.95
8717364,Control,10.95
8717609,Test,5.283333333333333
8718181,Test,13.433333333333334
8718482,Control,4.3
8719757,Control,5.416666666666667
8719839,Test,5.6
8720066,Test,12.933333333333334
8720328,Control,15.933333333333334
8720490,Control,17.833333333333332
8720975,Control,19.916666666666668
8721817,Control,2.5
8722168,Control,2.033333333333333
8722251,Test,2.7666666666666666
8722346,Control,7.4
8722384,Control,15.516666666666667
8723312,Control,16.816666666666666
8723963,Test,2.4
8724124,Control,6.2
8725305,Control,5.133333333333334
8725703,Test,3.466666666666667
8726606,Control,3.533333333333333
8726633,Control,4.833333333333333
8726816,Test,2.1666666666666665
8727076,Control,2.4166666666666665
8727501,Test,17.866666666666667
8728147,Control,1.6
8728238,Control,5.6
8728287,Control,3.683333333333333
8728689,Test,5.483333333333333
8728781,Test,2.216666666666667
8728819,Test,7.55
8729183,Test,9.2
8729528,Control,10.566666666666666
8729882,Control,3.6
8730685,Control,3.3833333333333333
8731340,Control,4.65
8731364,Control,3.05
8731665,Control,4.4
8732056,Control,4.733333333333333
8732389,Control,7.8
8732619,Test,2.716666666666667
8732751,Test,3.05
8732960,Test,10.116666666666667
8733111,Control,1.6333333333333333
8733441,Control,6.616666666666666
8733457,Control,4.566666666666666
8733506,Test,2.4
8734008,Test,3.9
8734072,Test,6.483333333333333
8734234,Test,2.0833333333333335
8734295,Control,5.983333333333333
8734321,Control,2.433333333333333
8734389,Test,14.283333333333333
8734588,Test,3.533333333333333
8734655,Test,2.533333333333333
8734702,Test,13.95
8734908,Test,10.516666666666667
8735184,Control,2.0166666666666666
8737107,Control,1.8
8737272,Control,2.7
8737364,Test,10.7
8738051,Control,11.516666666666667
8738125,Test,2.25
8738260,Control,3.2
8738505,Control,3.0833333333333335
8738973,Control,16.783333333333335
8739088,Test,2.65
8739104,Test,1.65
8739285,Test,11.533333333333333
8739668,Test,5.466666666666667
8739676,Test,10.833333333333334
8740925,Control,4.7
8741088,Test,7.916666666666667
8741847,Test,21.933333333333334
8742053,Control,4.65
8742449,Control,2.0
8742611,Control,9.316666666666666
8742930,Control,8.833333333333334
8743361,Control,7.883333333333334
8743848,Control,1.8166666666666667
8744291,Control,2.316666666666667
8745042,Control,1.9666666666666666
8745059,Control,1.3666666666666667
8745688,Test,4.333333333333333
8745869,Control,14.333333333333334
8746688,Test,1.9666666666666666
8746715,Test,2.033333333333333
8747032,Control,1.5166666666666666
8747380,Control,2.6666666666666665
8747629,Test,9.966666666666667
8747899,Test,8.3
8748647,Control,14.083333333333334
8749493,Control,14.1
8749659,Control,2.683333333333333
8750010,Test,4.533333333333333
8750140,Test,1.0166666666666666
8750191,Control,2.3833333333333333
8750220,Test,1.6
8751629,Test,5.416666666666667
8751708,Control,18.316666666666666
8752019,Test,4.05
8752263,Control,9.966666666666667
8752410,Test,3.283333333333333
8752490,Test,2.8
8752770,Test,18.316666666666666
8752868,Control,55.06666666666667
8752898,Test,3.683333333333333
8753015,Test,4.166666666666667
8753196,Control,3.6166666666666667
8753218,Control,3.0166666666666666
8753478,Test,2.05
8753582,Test,9.166666666666666
8753786,Control,1.9
8754291,Control,1.4666666666666666
8754295,Test,2.1666666666666665
8754433,Control,14.25
8754470,Test,27.416666666666668
8755082,Test,5.233333333333333
8755478,Control,3.433333333333333
8755557,Test,1.6166666666666667
8755578,Control,4.233333333333333
8755669,Test,19.65
8757192,Test,2.316666666666667
8757410,Test,3.283333333333333
8757456,Test,3.433333333333333
8757960,Test,6.533333333333333
8758063,Test,21.983333333333334
8758108,Test,4.533333333333333
8758402,Control,8.066666666666666
8758404,Test,34.95
8758703,Control,2.6166666666666667
8759490,Test,3.65
8760103,Test,7.5
8760347,Test,4.166666666666667
8760580,Test,1.8666666666666667
8761045,Test,1.4333333333333333
8762174,Control,7.55
8762335,Control,6.5
8762602,Test,2.966666666666667
8763395,Control,1.2166666666666666
8763540,Test,3.05
8763719,Control,1.9666666666666666
8763977,Control,18.983333333333334
8764276,Control,7.733333333333333
8765304,Control,4.283333333333333
8765479,Control,1.95
8765687,Test,3.183333333333333
8765921,Test,2.35
8765966,Control,4.033333333333333
8767041,Control,4.7
8767818,Test,16.966666666666665
8768044,Test,7.816666666666666
8768179,Control,5.066666666666666
8768733,Test,4.566666666666666
8769366,Test,6.383333333333334
8769667,Test,6.3
8769823,Test,7.733333333333333
8769982,Control,4.316666666666666
8770492,Test,10.916666666666666
8771156,Control,11.533333333333333
8771952,Test,9.033333333333333
8772400,Test,14.966666666666667
8772673,Test,11.183333333333334
8772860,Test,4.1
8774014,Control,1.3333333333333333
8774888,Test,6.2
8775961,Control,3.15
8775978,Test,8.733333333333333
8776274,Control,1.0333333333333334
8776563,Test,1.1666666666666667
8776693,Test,6.083333333333333
8777123,Test,13.733333333333333
8777706,Test,1.6
8778575,Test,4.45
8779253,Control,3.783333333333333
8780422,Test,7.6
8780433,Test,4.783333333333333
8780660,Test,9.083333333333334
8781124,Control,4.666666666666667
8781195,Control,1.8
8781747,Test,4.75
8782299,Control,6.433333333333334
8782543,Test,43.7
8782604,Control,5.7
8782655,Control,3.5833333333333335
8782708,Test,20.9
8783165,Test,3.4833333333333334
8783587,Control,2.8833333333333333
8784376,Test,3.6
8784430,Test,4.933333333333334
8785171,Test,1.3
8785376,Control,2.5
8785403,Test,5.833333333333333
8786042,Control,5.583333333333333
8786061,Test,1.9166666666666667
8786474,Test,3.3833333333333333
8786755,Test,1.7166666666666666
8787074,Test,2.7
8787218,Control,7.483333333333333
8787436,Test,3.8833333333333333
8787443,Control,10.433333333333334
8787521,Test,3.4
8787649,Control,12.233333333333333
8788056,Test,3.8
8788431,Control,11.683333333333334
8788903,Test,3.1166666666666667
8789341,Control,1.45
8789451,Control,26.166666666666668
8789491,Test,5.266666666666667
8789953,Control,2.433333333333333
8790955,Control,5.266666666666667
8791345,Control,4.6
8791413,Control,5.783333333333333
8791667,Test,45.85
8792548,Test,14.816666666666666
8794039,Control,2.4833333333333334
8794099,Control,3.4166666666666665
8794256,Control,29.916666666666668
8794261,Control,4.533333333333333
8794692,Test,8.6
8795052,Test,2.533333333333333
8795739,Test,3.1
8796660,Test,2.4166666666666665
8796890,Test,3.316666666666667
8797670,Test,2.6166666666666667
8797924,Test,46.88333333333333
8798725,Control,2.216666666666667
8799190,Test,5.25
8799359,Control,13.883333333333333
8800235,Control,4.4
8800426,Control,2.95
8801026,Test,3.2666666666666666
8801188,Test,1.5666666666666667
8801899,Test,2.0
8801959,Test,2.566666666666667
8802029,Test,5.3
8802194,Control,1.25
8802310,Control,4.516666666666667
8803188,Test,17.533333333333335
8803272,Test,3.566666666666667
8803535,Test,39.4
8803603,Control,2.15
8803813,Test,2.6333333333333333
8804120,Control,8.033333333333333
8804122,Control,3.45
8804260,Control,1.0166666666666666
8804345,Control,10.116666666666667
8804547,Control,23.316666666666666
8804582,Control,2.25
8804675,Test,1.5833333333333333
8806177,Control,6.516666666666667
8806351,Test,10.983333333333333
8806527,Test,3.9
8806990,Control,4.183333333333334
8807462,Test,5.616666666666666
8807704,Control,7.183333333333334
8807923,Control,7.066666666666666
8808033,Test,2.25
8808248,Test,1.6833333333333333
8808323,Test,4.066666666666666
8808475,Test,3.25
8808704,Control,7.783333333333333
8808861,Test,5.7
8809319,Test,2.2666666666666666
8809420,Control,8.216666666666667
8809502,Test,32.35
8810251,Test,4.3
8810858,Control,6.783333333333333
8810939,Test,7.683333333333334
8811666,Control,3.816666666666667
8812335,Test,10.383333333333333
8812623,Test,2.683333333333333
8812865,Control,1.9
8812887,Test,2.4833333333333334
8813088,Control,4.0
8813447,Test,1.9
8814095,Control,6.183333333333334
8814789,Test,12.116666666666667
8815157,Control,5.533333333333333
8815206,Control,4.533333333333333
8815594,Test,4.616666666666666
8815636,Test,7.8
8815733,Test,6.966666666666667
8816721,Test,8.966666666666667
8817053,Test,7.766666666666667
8817073,Control,21.916666666666668
8817106,Control,2.033333333333333
8817208,Test,18.616666666666667
8817814,Test,5.033333333333333
8817820,Control,6.116666666666666
8818002,Test,4.916666666666667
8818329,Test,1.4166666666666667
8819468,Control,1.9666666666666666
8820481,Test,11.216666666666667
8820611,Control,14.433333333333334
8821076,Control,5.966666666666667
8821351,Control,1.9
8821411,Test,7.216666666666667
8821670,Test,3.1166666666666667
8822346,Test,1.7666666666666666
8822727,Test,2.2666666666666666
8823500,Test,2.8666666666666667
8824053,Control,6.65
8824353,Control,3.283333333333333
8824361,Control,6.783333333333333
8824470,Test,2.4166666666666665
8824795,Test,5.016666666666667
8825349,Test,3.65
8825647,Control,2.933333333333333
8825788,Control,2.15
8825819,Test,1.1833333333333333
8826014,Test,5.166666666666667
8826016,Test,2.5166666666666666
8826419,Control,17.433333333333334
8826443,Control,1.5
8826775,Control,5.183333333333334
8827174,Test,3.4833333333333334
8827248,Control,3.6
8827276,Control,6.65
8827639,Control,2.45
8827652,Test,15.066666666666666
8827881,Test,5.633333333333334
8828142,Test,0.7666666666666667
8828227,Control,2.15
8829272,Control,5.9
8829408,Control,14.633333333333333
8829608,Control,4.833333333333333
8829649,Control,3.95
8831077,Control,3.2
8831208,Control,8.8
8831778,Test,23.516666666666666
8832215,Test,5.7
8832230,Control,11.75
8832552,Test,2.5166666666666666
8832841,Control,8.933333333333334
8833869,Control,2.6166666666666667
8834411,Control,1.8333333333333333
8834808,Test,3.216666666666667
8834933,Control,12.666666666666666
8835231,Test,1.4
8835280,Control,7.966666666666667
8835379,Test,5.866666666666666
8835580,Test,3.4166666666666665
8835625,Test,3.783333333333333
8835856,Test,3.6
8835876,Test,2.95
8836260,Test,1.7333333333333334
8836494,Test,10.95
8836938,Control,25.816666666666666
8837019,Test,6.35
8837295,Test,15.65
8837677,Control,4.15
8837888,Control,3.2333333333333334
8838068,Control,9.6
8838405,Test,5.816666666666666
8838610,Control,13.416666666666666
8840070,Test,1.0833333333333333
8841097,Control,1.7833333333333334
8841129,Test,2.816666666666667
8841258,Control,3.8
8841326,Control,5.783333333333333
8841408,Test,1.8833333333333333
8841544,Test,4.333333333333333
8842108,Control,4.266666666666667
8842221,Test,5.133333333333334
8842388,Control,11.833333333333334
8842749,Test,3.5
8842944,Test,4.833333333333333
8843033,Control,6.366666666666666
8843660,Test,9.25
8843800,Control,4.9
8844053,Control,3.6
8844116,Test,4.6
8844151,Test,9.183333333333334
8844308,Test,4.833333333333333
8845269,Test,2.95
8845667,Control,3.45
8847290,Control,3.5833333333333335
8847388,Test,4.783333333333333
8847444,Control,2.5166666666666666
8847678,Control,1.8
8847941,Control,3.45
8848698,Test,4.183333333333334
8849290,Control,3.716666666666667
8849456,Control,5.366666666666666
8849490,Test,3.5
8849704,Control,4.266666666666667
8849791,Test,1.8833333333333333
8850138,Test,1.7333333333333334
8850142,Control,2.6666666666666665
8850307,Control,5.25
8850566,Control,2.2333333333333334
8850943,Test,18.75
8851132,Control,4.7
8851503,Test,2.1333333333333333
8852099,Control,2.9833333333333334
8852160,Test,1.6166666666666667
8852808,Test,7.183333333333334
8853128,Control,5.85
8853599,Test,3.45
8853635,Control,8.183333333333334
8853899,Test,25.8
8854006,Test,6.933333333333334
8854405,Control,5.616666666666666
8854681,Control,2.0833333333333335
8854775,Test,3.1666666666666665
8854822,Test,6.766666666666667
8855062,Test,1.7333333333333334
8856396,Test,5.05
8857044,Control,11.533333333333333
8857256,Test,10.116666666666667
8858672,Control,4.833333333333333
8859063,Test,8.35
8859794,Test,2.1333333333333333
8859964,Test,5.216666666666667
8860072,Control,3.35
8860154,Control,1.7333333333333334
8860697,Test,2.816666666666667
8860731,Test,6.866666666666666
8861406,Test,4.316666666666666
8861461,Control,4.516666666666667
8861901,Control,4.95
8862122,Test,12.5
8862912,Control,14.383333333333333
8863351,Test,2.2666666666666666
8863840,Control,3.716666666666667
8863877,Control,6.0
8863885,Control,2.5
8864029,Test,2.4
8864170,Control,5.166666666666667
8864249,Control,5.166666666666667
8864420,Control,7.433333333333334
8864500,Control,1.4
8864617,Control,2.6166666666666667
8864706,Test,5.166666666666667
8864712,Test,1.6
8865026,Control,3.45
8865276,Control,4.183333333333334
8866082,Test,3.7333333333333334
8866119,Test,3.8333333333333335
8866432,Test,37.61666666666667
8866570,Control,7.15
8866819,Test,3.6666666666666665
8867575,Control,4.833333333333333
8867579,Control,0.8833333333333333
8867707,Test,4.3
8868557,Control,2.8333333333333335
8868868,Test,4.033333333333333
8869453,Test,1.9666666666666666
8869828,Control,3.4833333333333334
8870018,Test,1.5666666666666667
8870404,Control,1.7833333333333334
8870501,Test,2.816666666666667
8870709,Control,24.15
8870779,Control,3.7666666666666666
8872012,Test,2.0166666666666666
8872273,Test,6.433333333333334
8872308,Test,6.0
8872815,Control,4.6
8873119,Test,8.416666666666666
8873419,Control,7.483333333333333
8873524,Control,2.433333333333333
8873924,Test,17.75
8874028,Test,4.333333333333333
8874632,Control,4.383333333333334
8875746,Control,5.416666666666667
8876038,Test,4.633333333333334
8876196,Control,5.4
8876367,Test,5.233333333333333
8876607,Control,34.53333333333333
8877399,Control,7.733333333333333
8877536,Test,3.4
8877609,Control,2.6333333333333333
8877805,Test,7.033333333333333
8877861,Control,2.4166666666666665
8877862,Control,3.1
8878848,Control,23.666666666666668
8878856,Control,1.6333333333333333
8879525,Test,2.55
8880247,Test,5.583333333333333
8880301,Test,2.316666666666667
8880777,Test,4.416666666666667
8880791,Control,1.7333333333333334
8880897,Test,5.35
8881398,Control,10.7
8881406,Control,36.18333333333333
8881896,Control,3.25
8881979,Control,3.0833333333333335
8881992,Test,1.8833333333333333
8882046,Test,7.0
8882285,Control,3.75
8882404,Control,4.233333333333333
8883167,Test,5.216666666666667
8883335,Test,6.15
8883596,Test,3.1333333333333333
8883783,Control,10.616666666666667
8883994,Control,3.35
8884286,Test,6.966666666666667
8884678,Control,16.866666666666667
8885339,Control,6.05
8885509,Control,3.0
8885555,Control,9.466666666666667
8885642,Test,9.0
8886146,Test,21.1
8886422,Test,11.25
8887437,Test,2.95
8887485,Test,2.2666666666666666
8888007,Test,2.9833333333333334
8888379,Control,2.6666666666666665
8888588,Test,10.783333333333333
8888660,Test,2.65
8889640,Test,1.4333333333333333
8889682,Control,5.366666666666666
8889690,Test,2.2333333333333334
8890723,Control,1.6833333333333333
8891137,Test,3.0
8891263,Test,1.25
8891903,Test,5.383333333333334
8892271,Test,4.666666666666667
8892555,Test,4.733333333333333
8892860,Test,20.066666666666666
8893526,Control,3.1166666666666667
8893835,Control,1.85
8893867,Control,8.333333333333334
8893928,Test,4.683333333333334
8894138,Test,6.7
8894235,Control,35.65
8894975,Control,1.75
8895060,Test,3.816666666666667
8895190,Control,3.3833333333333333
8895529,Test,9.65
8895716,Test,4.116666666666666
8896811,Test,15.033333333333333
8897389,Test,3.8
8897392,Test,2.35
8897640,Test,2.95
8897853,Test,2.183333333333333
8898175,Control,2.2333333333333334
8898657,Test,1.9166666666666667
8899445,Control,8.2
8899758,Control,8.8
8900157,Test,3.95
8900388,Test,1.6833333333333333
8900562,Control,4.3
8901859,Control,4.75
8902017,Test,12.583333333333334
8902145,Test,2.0
8902305,Test,3.45
8902430,Test,4.683333333333334
8902724,Test,4.05
8903501,Control,2.433333333333333
8903554,Test,2.1
8903909,Test,2.933333333333333
8904677,Test,3.6
8905135,Test,3.35
8905187,Test,4.366666666666666
8905816,Control,11.55
8905961,Control,7.95
8905969,Test,29.383333333333333
8905979,Control,3.85
8906316,Test,4.85
8906713,Test,5.166666666666667
8906924,Test,4.083333333333333
8907499,Control,1.15
8908352,Control,2.6
8908476,Control,2.35
8908514,Control,9.7
8908629,Test,1.7833333333333334
8908875,Test,5.633333333333334
8909445,Test,8.383333333333333
8909784,Test,5.133333333333334
8909853,Test,2.05
8911064,Control,1.9
8911088,Control,1.6666666666666667
8911405,Test,3.15
8911510,Control,2.5
8911874,Test,2.9833333333333334
8911878,Test,2.316666666666667
8911940,Test,4.2
8912091,Control,5.483333333333333
8913318,Control,2.5166666666666666
8913354,Test,1.65
8913453,Test,2.45
8913628,Test,2.1
8913814,Control,7.35
8914780,Test,2.7
8915203,Test,7.333333333333333
8916311,Test,5.0
8916496,Control,2.95
8916621,Control,5.083333333333333
8916656,Test,3.9833333333333334
8917050,Test,3.3833333333333333
8917070,Control,5.1
8917638,Control,12.183333333333334
8917970,Control,1.25
8918002,Test,1.2333333333333334
8918252,Test,1.1666666666666667
8918355,Test,5.966666666666667
8918685,Control,8.35
8918860,Control,12.3
8918882,Control,3.4
8919156,Control,3.1666666666666665
8919237,Control,6.933333333333334
8919279,Control,21.9
8919311,Control,14.366666666666667
8919323,Control,2.566666666666667
8919820,Control,3.933333333333333
8919883,Control,7.333333333333333
8920170,Test,25.733333333333334
8920691,Control,5.016666666666667
8921130,Test,42.166666666666664
8921189,Control,2.283333333333333
8921195,Control,4.633333333333334
8921695,Test,10.666666666666666
8921716,Test,4.45
8921961,Control,18.133333333333333
8922549,Control,5.333333333333333
8922772,Control,10.016666666666667
8922786,Control,14.25
8922851,Control,0.9333333333333333
8923312,Control,10.166666666666666
8923342,Test,7.833333333333333
8923392,Control,10.066666666666666
8923646,Test,5.1
8924055,Test,7.466666666666667
8924493,Control,1.6
8924772,Control,2.183333333333333
8924782,Control,6.0
8925152,Control,2.4166666666666665
8926354,Test,1.6166666666666667
8926523,Test,4.583333333333333
8926765,Control,7.266666666666667
8927048,Control,8.05
8927242,Test,2.45
8927733,Control,7.783333333333333
8927810,Test,2.283333333333333
8928774,Test,3.2666666666666666
8929016,Control,4.683333333333334
8929415,Control,5.633333333333334
8929553,Test,3.15
8930597,Control,2.2333333333333334
8930684,Control,7.383333333333334
8931027,Control,7.35
8931195,Test,2.8666666666666667
8931606,Control,3.033333333333333
8932242,Control,1.5833333333333333
8933045,Test,7.8
8934419,Test,11.833333333333334
8934524,Control,3.0833333333333335
8934566,Control,4.25
8935253,Control,12.6
8935534,Test,2.316666666666667
8935922,Test,7.566666666666666
8936467,Control,5.95
8936999,Test,2.65
8937409,Test,2.3
8937499,Control,16.066666666666666
8937765,Control,5.8
8938441,Control,17.8
8938687,Test,4.25
8938706,Control,4.883333333333334
8938746,Control,4.216666666666667
8938892,Test,4.45
8939052,Control,4.65
8939248,Test,7.75
8939905,Control,5.4
8939988,Control,1.5
8940713,Control,6.316666666666666
8941091,Test,1.65
8941221,Control,9.316666666666666
8941226,Test,1.35
8941360,Control,3.7333333333333334
8941363,Test,1.5833333333333333
8941663,Control,11.733333333333333
8942575,Control,2.4166666666666665
8942888,Control,6.816666666666666
8942980,Control,2.966666666666667
8943719,Control,1.8166666666666667
8943789,Control,11.233333333333333
8943821,Test,4.966666666666667
8943831,Test,1.6833333333333333
8943833,Test,4.333333333333333
8943865,Test,5.883333333333334
8944185,Control,3.2333333333333334
8945047,Test,21.133333333333333
8945332,Test,9.483333333333333
8945610,Test,7.183333333333334
8945620,Test,2.933333333333333
8946434,Control,2.4833333333333334
8946556,Test,9.983333333333333
8946857,Test,4.916666666666667
8946966,Test,3.4166666666666665
8947191,Control,9.816666666666666
8947199,Control,8.966666666666667
8947692,Test,2.066666666666667
8948004,Test,2.8333333333333335
8948012,Test,5.0
8948986,Test,2.533333333333333
8948990,Test,2.1333333333333333
8950069,Test,6.883333333333334
8950736,Control,2.8333333333333335
8950763,Test,3.4166666666666665
8950776,Test,4.666666666666667
8950911,Control,5.75
8950912,Test,2.8333333333333335
8951521,Test,2.9833333333333334
8951938,Control,7.366666666666666
8953118,Test,6.566666666666666
8953501,Control,16.016666666666666
8953734,Test,2.2333333333333334
8953993,Test,3.4166666666666665
8954124,Test,2.4833333333333334
8954158,Control,3.4166666666666665
8955074,Test,6.816666666666666
8955406,Control,5.533333333333333
8955423,Control,3.3833333333333333
8956074,Control,2.3666666666666667
8956495,Control,36.9
8956906,Test,8.583333333333334
8957177,Control,3.8
8957739,Test,6.766666666666667
8957750,Control,5.266666666666667
8957815,Control,6.133333333333334
8958048,Test,5.583333333333333
8958176,Test,1.7833333333333334
8958725,Control,6.05
8959036,Test,2.8333333333333335
8959084,Test,1.3833333333333333
8959138,Test,8.1
8959461,Control,4.866666666666666
8959530,Test,18.7
8960535,Control,2.2666666666666666
8960791,Test,2.3666666666666667
8961028,Control,10.616666666666667
8961128,Control,4.483333333333333
8961589,Test,5.15
8961689,Test,2.4166666666666665
8961892,Control,18.166666666666668
8962152,Control,6.55
8962172,Control,2.7333333333333334
8962405,Test,5.166666666666667
8962726,Test,28.416666666666668
8962817,Test,11.116666666666667
8963150,Test,5.45
8963162,Test,1.8666666666666667
8963925,Test,41.93333333333333
8964089,Test,42.81666666666667
8964656,Test,1.8
8964788,Test,4.3
8965111,Control,4.383333333333334
8965367,Test,4.833333333333333
8965464,Test,1.2333333333333334
8965755,Test,12.5
8966119,Test,3.2666666666666666
8966141,Test,6.166666666666667
8966228,Test,21.95
8966565,Control,9.933333333333334
8966674,Control,2.783333333333333
8966719,Test,2.2333333333333334
8966772,Test,7.35
8966814,Control,2.9166666666666665
8966943,Test,8.983333333333333
8967301,Control,3.283333333333333
8967720,Control,3.6333333333333333
8967825,Control,2.7666666666666666
8968222,Test,2.95
8968223,Test,2.4166666666666665
8968297,Control,3.6
8968672,Test,5.116666666666666
8968789,Control,11.483333333333333
8968939,Control,8.533333333333333
8969091,Test,2.7333333333333334
8969191,Test,3.0
8969692,Test,1.7833333333333334
8969939,Test,2.25
8970209,Control,3.433333333333333
8970337,Control,2.45
8970514,Test,3.5166666666666666
8970620,Test,7.8
8971132,Test,11.433333333333334
8971313,Test,1.3666666666666667
8971563,Control,1.1166666666666667
8971577,Test,2.9
8971654,Control,4.066666666666666
8972168,Control,7.483333333333333
8972482,Control,8.05
8974088,Control,7.75
8974887,Control,9.95
8975499,Test,5.766666666666667
8975574,Test,2.5166666666666666
8975831,Test,1.8666666666666667
8975963,Control,2.35
8976019,Test,4.7
8976119,Control,5.833333333333333
8976156,Control,13.483333333333333
8976740,Test,3.4833333333333334
8976765,Control,2.316666666666667
8976800,Control,3.4166666666666665
8978031,Control,10.083333333333334
8979772,Test,2.9833333333333334
8980102,Control,4.25
8980150,Control,2.35
8980288,Test,3.783333333333333
8980435,Control,3.45
8980558,Test,20.25
8980847,Test,3.6166666666666667
8981285,Test,1.1166666666666667
8981296,Control,5.7
8981322,Control,5.983333333333333
8981527,Test,1.55
8981928,Test,2.1333333333333333
8982518,Test,4.933333333333334
8982660,Control,1.7
8982741,Test,2.283333333333333
8982802,Control,8.383333333333333
8982875,Control,6.166666666666667
8983872,Control,3.933333333333333
8984094,Control,5.283333333333333
8984143,Control,9.133333333333333
8984189,Control,7.016666666666667
8984270,Test,5.866666666666666
8984405,Control,26.366666666666667
8984450,Control,2.1333333333333333
8984668,Test,1.8166666666666667
8984851,Control,1.3
8984872,Test,5.6
8984930,Test,2.3666666666666667
8985052,Control,1.7
8985316,Control,1.25
8985518,Control,6.666666666666667
8985747,Control,1.7666666666666666
8985808,Test,3.716666666666667
8986034,Control,1.7833333333333334
8986163,Test,4.883333333333334
8986298,Test,3.6166666666666667
8986507,Test,1.2333333333333334
8986740,Test,3.6333333333333333
8986820,Test,1.9
8987005,Test,4.116666666666666
8987178,Control,1.4666666666666666
8987351,Test,12.85
8987516,Test,2.8666666666666667
8987981,Control,4.083333333333333
8988125,Test,5.883333333333334
8988203,Test,1.55
8988300,Control,7.266666666666667
8988721,Control,21.1
8989552,Control,5.866666666666666
8989715,Test,3.75
8990227,Test,23.4
8990324,Control,1.6333333333333333
8990589,Test,32.666666666666664
8991025,Test,11.766666666666667
8991228,Test,1.6
8991607,Control,4.633333333333334
8992229,Control,17.933333333333334
8992296,Test,2.95
8993080,Control,3.4833333333333334
8993120,Test,3.4166666666666665
8993516,Test,1.5666666666666667
8994165,Control,4.466666666666667
8994429,Test,3.75
8994570,Test,8.483333333333333
8994880,Test,5.2
8995044,Test,16.4
8995063,Test,3.7666666666666666
8995260,Control,3.05
8995363,Control,3.7
8995664,Test,1.9833333333333334
8996595,Control,7.116666666666666
8996677,Test,4.85
8996903,Test,3.9166666666666665
8997426,Test,3.8666666666666667
8997922,Test,9.916666666666666
8998082,Control,4.116666666666666
8998966,Control,4.35
8999328,Test,3.75
8999686,Test,2.5166666666666666
8999959,Control,5.6
9000659,Test,2.8
9000762,Test,4.366666666666666
9000891,Control,6.783333333333333
9001291,Control,8.083333333333334
9002251,Control,3.45
9002320,Control,6.916666666666667
9002452,Control,2.966666666666667
9002539,Control,8.166666666666666
9002605,Test,1.7166666666666666
9003187,Control,4.783333333333333
9003412,Control,2.8
9004223,Control,1.6333333333333333
9004289,Control,4.85
9004568,Test,3.75
9004679,Control,9.616666666666667
9005188,Test,2.2666666666666666
9005558,Test,5.75
9005733,Test,2.933333333333333
9006010,Test,9.983333333333333
9006100,Test,8.2
9006366,Test,1.9333333333333333
9006692,Test,3.9
9007852,Test,8.333333333333334
9007970,Test,3.783333333333333
9008137,Control,3.966666666666667
9008485,Control,2.75
9009821,Control,12.233333333333333
9010050,Control,12.583333333333334
9010548,Control,5.933333333333334
9011170,Test,5.75
9012525,Control,6.416666666666667
9013527,Test,3.066666666666667
9013834,Test,3.05
9013878,Test,1.5333333333333334
9014045,Control,6.266666666666667
9014870,Control,3.033333333333333
9015448,Control,6.533333333333333
9016240,Control,3.9166666666666665
9016678,Test,2.1166666666666667
9017597,Test,4.583333333333333
9018011,Control,8.733333333333333
9018150,Test,3.316666666666667
9018325,Test,16.716666666666665
9018602,Control,9.866666666666667
9018705,Test,2.3333333333333335
9018854,Control,6.816666666666666
9019969,Control,12.816666666666666
9020037,Control,3.6666666666666665
9020045,Control,5.35
9020075,Control,2.183333333333333
9022088,Control,1.8666666666666667
9022566,Test,1.7833333333333334
9023221,Test,4.016666666666667
9023475,Control,5.416666666666667
9023510,Control,26.066666666666666
9023601,Test,6.1
9023746,Control,4.033333333333333
9024738,Control,5.066666666666666
9025014,Test,19.95
9025285,Control,10.416666666666666
9025414,Test,5.616666666666666
9025521,Test,2.466666666666667
9025989,Test,1.9833333333333334
9026435,Control,10.633333333333333
9026696,Control,3.2
9026974,Test,3.4166666666666665
9027485,Test,4.233333333333333
9027583,Test,7.9
9027736,Control,2.433333333333333
9027791,Control,3.1
9028616,Test,8.116666666666667
9028665,Control,9.483333333333333
9029171,Test,3.3
9029278,Test,2.2
9030458,Control,9.3
9030756,Test,2.7666666666666666
9031268,Control,3.6333333333333333
9031350,Control,19.166666666666668
9032080,Test,8.566666666666666
9032753,Control,5.083333333333333
9032952,Control,3.5166666666666666
9033815,Test,2.216666666666667
9033895,Test,1.3333333333333333
9034029,Test,24.666666666666668
9034191,Test,2.05
9034200,Control,32.46666666666667
9034477,Control,1.5833333333333333
9034572,Control,2.183333333333333
9034701,Test,1.7833333333333334
9034757,Control,2.783333333333333
9034979,Test,2.25
9035803,Test,5.316666666666666
9035900,Control,2.533333333333333
9035903,Control,1.75
9035983,Control,1.1
9036113,Test,1.75
9036135,Test,5.366666666666666
9036856,Control,4.283333333333333
9036864,Test,2.2333333333333334
9037504,Test,3.3833333333333333
9037718,Test,2.4833333333333334
9039422,Control,3.6
9039541,Control,3.4
9040013,Control,6.35
9040250,Control,3.433333333333333
9042035,Control,6.466666666666667
9042475,Control,2.1166666666666667
9043613,Test,6.2
9043680,Test,2.816666666666667
9043889,Control,5.55
9043926,Test,4.883333333333334
9044013,Control,3.2
9044094,Test,2.7
9044675,Test,3.5833333333333335
9045071,Test,2.7
9045073,Test,11.8
9045550,Control,5.516666666666667
9046131,Control,8.716666666666667
9046161,Control,7.1
9047167,Test,2.6
9047674,Test,2.966666666666667
9047771,Control,1.7333333333333334
9048757,Control,14.766666666666667
9049060,Test,10.366666666666667
9049428,Test,5.083333333333333
9049892,Test,11.533333333333333
9050287,Test,2.3
9050518,Test,14.883333333333333
9050748,Control,5.116666666666666
9050950,Control,2.3833333333333333
9051351,Test,1.8833333333333333
9051453,Control,12.783333333333333
9051501,Test,4.266666666666667
9051760,Control,7.283333333333333
9051839,Control,2.3666666666666667
9051913,Test,11.166666666666666
9052282,Control,10.1
9052308,Test,8.05
9052626,Control,5.066666666666666
9052716,Test,4.283333333333333
9052980,Test,6.533333333333333
9053591,Test,4.75
9055013,Control,3.1666666666666665
9055908,Test,4.133333333333334
9055966,Control,8.45
9056069,Test,4.533333333333333
9056097,Test,4.3
9056159,Test,4.866666666666666
9056180,Test,5.466666666666667
9056874,Control,2.5166666666666666
9057331,Test,6.583333333333333
9057681,Test,2.433333333333333
9058132,Test,4.616666666666666
9058208,Control,22.116666666666667
9058289,Control,4.0
9058569,Test,3.4
9058579,Control,6.45
9058953,Test,4.566666666666666
9059057,Test,2.6333333333333333
9059099,Test,3.283333333333333
9059154,Control,4.816666666666666
9059192,Control,9.95
9059219,Test,2.283333333333333
9059253,Control,3.433333333333333
9059406,Test,3.783333333333333
9059531,Control,5.4
9059634,Control,3.8
9059746,Test,12.7
9059926,Control,1.9166666666666667
9060189,Control,8.4
9060425,Test,4.016666666666667
9061007,Control,3.4833333333333334
9061628,Test,16.833333333333332
9061669,Control,1.5333333333333334
9061738,Test,3.2333333333333334
9061845,Control,11.933333333333334
9062208,Test,4.533333333333333
9062666,Test,4.75
9064068,Test,1.8166666666666667
9064720,Control,15.2
9065175,Test,11.6
9065824,Test,6.783333333333333
9066145,Control,6.35
9066243,Control,2.1
9066398,Control,3.65
9067031,Test,4.416666666666667
9067923,Control,1.7166666666666666
9068193,Test,3.55
9068673,Test,8.066666666666666
9068866,Control,6.133333333333334
9068935,Test,4.016666666666667
9069149,Test,8.683333333333334
9069153,Test,5.083333333333333
9069462,Control,8.1
9069548,Test,5.65
9069804,Test,3.35
9069966,Test,6.116666666666666
9070080,Control,1.6166666666666667
9070356,Test,3.0833333333333335
9070743,Control,1.6166666666666667
9070746,Test,10.383333333333333
9070866,Control,2.716666666666667
9070908,Control,5.433333333333334
9071130,Control,9.416666666666666
9071323,Control,3.55
9071796,Test,8.283333333333333
9072021,Test,3.1333333333333333
9072281,Control,1.45
9072561,Control,5.35
9072929,Control,8.716666666666667
9073501,Control,3.75
9073948,Control,2.8666666666666667
9074228,Control,5.316666666666666
9074374,Control,2.5166666666666666
9074859,Test,3.3333333333333335
9075150,Test,13.983333333333333
9075393,Control,3.9166666666666665
9076007,Test,6.3
9076129,Test,7.516666666666667
9076190,Control,3.933333333333333
9076273,Control,5.966666666666667
9076998,Control,2.05
9077159,Control,1.55
9077273,Test,2.1666666666666665
9077478,Test,1.85
9077544,Control,1.8166666666666667
9077799,Test,10.983333333333333
9078665,Test,1.3166666666666667
9078686,Control,6.866666666666666
9079825,Control,1.8666666666666667
9079865,Test,1.5333333333333334
9080038,Control,2.1166666666666667
9080198,Test,7.666666666666667
9080557,Control,1.4166666666666667
9080796,Test,7.283333333333333
9082137,Test,2.6
9082516,Test,6.4
9082610,Control,5.183333333333334
9083361,Control,5.533333333333333
9083506,Control,4.366666666666666
9083775,Test,3.966666666666667
9084523,Test,1.85
9086603,Test,5.033333333333333
9086611,Test,7.916666666666667
9086639,Test,3.216666666666667
9086783,Control,14.933333333333334
9087609,Test,3.0166666666666666
9087617,Test,1.5166666666666666
9088169,Control,5.416666666666667
9088935,Control,5.25
9089095,Test,2.466666666666667
9089219,Control,1.6833333333333333
9089595,Test,7.866666666666666
9089668,Test,2.55
9089805,Control,13.766666666666667
9090172,Control,9.7
9090954,Control,7.233333333333333
9091270,Test,5.633333333333334
9091474,Test,15.683333333333334
9091585,Control,12.783333333333333
9091709,Test,2.2
9092174,Test,3.65
9092629,Test,4.666666666666667
9092651,Control,3.3666666666666667
9092677,Test,6.083333333333333
9093278,Test,9.25
9094877,Control,18.133333333333333
9094936,Test,1.9833333333333334
9094992,Test,20.5
9095178,Test,2.783333333333333
9095428,Test,1.9333333333333333
9096264,Test,3.65
9096993,Control,13.483333333333333
9096994,Test,1.5666666666666667
9097207,Control,5.983333333333333
9097548,Test,9.2
9097687,Control,2.55
9097731,Control,21.9
9097776,Control,9.283333333333333
9097791,Control,2.683333333333333
9098452,Test,2.9833333333333334
9098507,Control,1.9833333333333334
9098523,Control,3.433333333333333
9098959,Control,5.45
9099065,Control,4.683333333333334
9099376,Test,1.55
9099836,Control,8.416666666666666
9100156,Test,2.25
9100219,Control,5.55
9100473,Test,4.883333333333334
9101443,Control,20.633333333333333
9102469,Control,3.683333333333333
9102754,Test,2.8833333333333333
9102987,Test,10.15
9103258,Test,3.6
9103512,Control,3.5
9103722,Test,2.0833333333333335
9103724,Control,8.8
9104320,Test,7.883333333333334
9105028,Test,6.933333333333334
9105658,Test,5.85
9106314,Test,4.9
9106700,Control,2.1
9106860,Test,1.9166666666666667
9107161,Control,2.75
9107346,Test,5.35
9108186,Test,2.6
9108332,Test,2.8333333333333335
9108723,Control,3.9
9108805,Test,3.9
9109114,Control,4.983333333333333
9109142,Control,3.066666666666667
9109169,Test,6.433333333333334
9110158,Test,1.7833333333333334
9110421,Control,2.75
9110521,Control,3.283333333333333
9110901,Control,2.316666666666667
9111035,Test,2.033333333333333
9111859,Control,9.066666666666666
9112089,Control,3.3833333333333333
9112160,Test,4.5
9112330,Test,1.9166666666666667
9112360,Control,5.783333333333333
9112702,Control,13.933333333333334
9112859,Control,5.833333333333333
9113602,Control,2.8833333333333333
9114074,Control,6.766666666666667
9114126,Test,4.0
9114360,Test,1.7
9114715,Test,23.183333333333334
9114853,Control,2.183333333333333
9114855,Test,2.316666666666667
9114930,Control,7.966666666666667
9115050,Control,2.3666666666666667
9115136,Test,3.1
9115264,Test,2.8
9115436,Test,3.966666666666667
9115560,Test,2.3833333333333333
9115808,Test,10.616666666666667
9115963,Test,4.683333333333334
9116217,Test,9.633333333333333
9116627,Test,12.033333333333333
9117173,Control,12.916666666666666
9118111,Control,2.5166666666666666
9118253,Control,10.533333333333333
9118633,Control,2.4166666666666665
9118928,Test,8.733333333333333
9119414,Test,2.5
9119435,Control,2.15
9119625,Control,8.166666666666666
9119907,Control,7.116666666666666
9120702,Test,2.4
9121023,Test,4.116666666666666
9121026,Control,3.3666666666666667
9122308,Control,4.0
9122332,Test,10.866666666666667
9123233,Test,3.2
9123442,Test,1.65
9123885,Control,1.6
9124265,Test,1.7166666666666666
9124545,Test,3.85
9126731,Test,6.4
9126956,Control,16.8
9127278,Test,3.7333333333333334
9127287,Control,1.9333333333333333
9127298,Test,2.2333333333333334
9127572,Control,15.483333333333333
9127678,Test,3.15
9128096,Test,4.1
9128098,Control,11.566666666666666
9128175,Control,3.15
9128344,Test,6.066666666666666
9128400,Test,3.2333333333333334
9128593,Control,4.616666666666666
9128690,Test,3.35
9128868,Control,2.45
9128986,Test,3.216666666666667
9129736,Control,4.183333333333334
9129855,Test,16.333333333333332
9129878,Control,4.583333333333333
9129912,Control,1.45
9129948,Control,3.683333333333333
9130095,Test,3.8
9130118,Test,4.2
9130383,Control,6.316666666666666
9130631,Control,7.133333333333334
9130823,Control,3.55
9131552,Test,5.866666666666666
9131734,Test,2.8833333333333333
9132649,Test,2.3833333333333333
9132749,Test,5.866666666666666
9132831,Test,9.416666666666666
9133920,Test,1.6833333333333333
9134207,Test,33.35
9134220,Test,8.766666666666667
9134636,Control,4.866666666666666
9134976,Test,3.95
9135395,Test,2.7666666666666666
9135444,Test,10.9
9135655,Control,1.8
9135689,Test,3.0166666666666666
9136016,Test,4.483333333333333
9136712,Control,11.25
9137500,Test,1.6833333333333333
9137627,Control,6.933333333333334
9137800,Test,10.0
9138140,Test,1.5333333333333334
9138956,Test,5.75
9139141,Control,5.383333333333334
9140349,Test,1.1
9140707,Test,3.2666666666666666
9141021,Test,1.5833333333333333
9141212,Control,13.45
9141569,Test,10.433333333333334
9141735,Control,1.7666666666666666
9141990,Control,1.8
9143192,Test,6.95
9144084,Test,1.5833333333333333
9144131,Test,1.9333333333333333
9145535,Test,2.216666666666667
9145611,Control,8.983333333333333
9147095,Test,4.033333333333333
9147181,Control,3.8
9147228,Control,2.4166666666666665
9147600,Test,1.55
9147871,Test,3.4166666666666665
9147938,Control,2.6333333333333333
9148510,Control,3.5833333333333335
9149348,Test,1.2333333333333334
9149605,Test,3.85
9149741,Test,3.3
9150149,Control,5.516666666666667
9150536,Control,5.883333333333334
9150604,Test,6.65
9150859,Test,4.2
9151225,Test,1.3166666666666667
9151290,Control,2.7333333333333334
9151400,Control,6.516666666666667
9151536,Test,10.3
9151563,Control,4.933333333333334
9151687,Test,3.5833333333333335
9152198,Control,11.733333333333333
9152344,Control,7.1
9152473,Control,12.55
9152586,Control,3.216666666666667
9152747,Control,4.733333333333333
9152843,Control,1.7666666666666666
9153853,Test,3.316666666666667
9154286,Test,1.8333333333333333
9154441,Control,4.783333333333333
9155946,Test,5.8
9156514,Control,15.283333333333333
9158093,Control,8.833333333333334
9158247,Control,2.5
9158440,Control,1.6666666666666667
9158801,Test,2.2666666666666666
9158808,Control,3.6666666666666665
9159121,Control,6.616666666666666
9159317,Control,9.4
9159331,Control,4.366666666666666
9159465,Test,3.95
9159526,Control,1.6833333333333333
9159652,Test,4.116666666666666
9160019,Control,9.683333333333334
9160341,Test,6.05
9160960,Control,5.45
9160980,Test,4.25
9161222,Control,35.916666666666664
9161436,Test,27.233333333333334
9161577,Test,1.5666666666666667
9161780,Control,12.233333333333333
9161866,Test,23.633333333333333
9162908,Control,4.45
9163259,Control,17.233333333333334
9163772,Test,4.45
9164246,Test,3.5833333333333335
9164248,Test,1.5333333333333334
9164450,Control,3.216666666666667
9164563,Control,11.4
9164734,Test,2.05
9164959,Test,1.5166666666666666
9165389,Test,2.1166666666666667
9165808,Control,2.933333333333333
9166062,Test,14.416666666666666
9166923,Control,4.6
9166983,Control,2.5
9168022,Test,2.55
9168213,Test,7.633333333333334
9168589,Test,4.516666666666667
9169205,Control,5.166666666666667
9169459,Test,13.9
9169605,Control,2.533333333333333
9169826,Test,5.083333333333333
9169849,Test,3.7333333333333334
9169891,Test,3.9833333333333334
9170417,Test,1.3666666666666667
9170496,Control,11.983333333333333
9171194,Control,2.066666666666667
9171553,Control,1.75
9171585,Test,7.633333333333334
9171816,Test,3.283333333333333
9171836,Test,2.716666666666667
9171879,Test,6.133333333333334
9172302,Test,22.65
9172549,Control,28.016666666666666
9172571,Control,6.016666666666667
9172762,Test,7.566666666666666
9172900,Test,2.3833333333333333
9173025,Control,5.85
9173546,Control,13.533333333333333
9173581,Control,7.516666666666667
9173661,Test,21.616666666666667
9173716,Control,11.733333333333333
9173795,Test,4.016666666666667
9174161,Control,4.25
9174792,Test,9.166666666666666
9175004,Control,2.183333333333333
9175342,Test,2.1
9175519,Test,6.0
9175524,Control,1.9333333333333333
9176530,Test,4.35
9176551,Test,1.6166666666666667
9176963,Test,1.7
9176964,Control,1.1666666666666667
9177075,Test,3.8
9177193,Test,3.283333333333333
9177631,Control,2.0166666666666666
9178158,Test,4.333333333333333
9179402,Control,7.183333333333334
9179508,Test,32.8
9180317,Test,4.0
9180822,Control,0.95
9181934,Test,39.416666666666664
9182109,Test,7.316666666666666
9182143,Control,2.7333333333333334
9182233,Control,5.916666666666667
9182399,Test,5.25
9183231,Test,4.95
9183251,Test,18.5
9183400,Control,2.9833333333333334
9183538,Test,1.9333333333333333
9184029,Control,13.0
9184276,Test,14.083333333333334
9184334,Control,3.033333333333333
9184626,Control,3.216666666666667
9185388,Test,1.7333333333333334
9185655,Test,4.283333333333333
9186168,Test,13.25
9186415,Test,3.316666666666667
9186473,Control,3.5166666666666666
9186575,Test,1.55
9186884,Control,2.7333333333333334
9187008,Control,26.216666666666665
9187532,Control,2.7666666666666666
9188174,Test,7.1
9188590,Test,2.933333333333333
9188595,Test,3.316666666666667
9188599,Test,4.166666666666667
9188646,Test,8.983333333333333
9188669,Control,18.1
9188890,Control,2.816666666666667
9189058,Control,10.816666666666666
9189182,Control,9.333333333333334
9189287,Control,8.816666666666666
9189325,Test,6.283333333333333
9189428,Control,11.066666666666666
9189520,Test,5.933333333333334
9190659,Test,2.7666666666666666
9190813,Test,3.783333333333333
9191139,Control,5.666666666666667
9191741,Control,3.75
9191817,Control,7.683333333333334
9192401,Control,4.766666666666667
9192446,Control,10.4
9192456,Test,3.85
9192625,Test,4.55
9192778,Test,4.916666666666667
9192936,Test,3.533333333333333
9193304,Test,7.433333333333334
9194226,Control,17.233333333333334
9194619,Test,2.6166666666666667
9194809,Control,7.583333333333333
9196113,Test,4.783333333333333
9196246,Test,3.45
9196593,Control,2.85
9196756,Test,6.3
9197259,Test,2.2333333333333334
9197446,Test,13.6
9197952,Control,8.033333333333333
9198239,Control,19.666666666666668
9198255,Control,3.6666666666666665
9198576,Test,3.1333333333333333
9198877,Test,3.0833333333333335
9200854,Control,4.45
9201597,Control,1.0833333333333333
9201661,Test,29.5
9202453,Test,1.9666666666666666
9202764,Control,32.15
9203317,Test,1.9166666666666667
9203388,Test,6.266666666666667
9204346,Test,3.45
9204785,Control,5.8
9205347,Control,13.45
9205510,Test,6.3
9205890,Test,5.066666666666666
9206028,Test,17.083333333333332
9206356,Test,2.533333333333333
9206652,Test,1.9833333333333334
9206760,Control,19.683333333333334
9206933,Control,4.166666666666667
9206989,Test,8.45
9207047,Test,4.75
9207565,Test,2.9166666666666665
9207913,Test,3.8
9207914,Test,5.533333333333333
9208111,Test,2.716666666666667
9208471,Test,2.716666666666667
9208835,Test,4.8
9208893,Test,4.3
9208903,Control,2.45
9208905,Test,12.65
9209403,Control,8.083333333333334
9209908,Control,1.5
9209925,Test,1.7333333333333334
9210764,Control,3.6166666666666667
9211539,Test,1.2166666666666666
9211898,Control,6.933333333333334
9211983,Test,19.516666666666666
9212170,Test,2.4166666666666665
9212245,Control,1.8833333333333333
9212533,Control,2.2333333333333334
9212543,Control,9.45
9212624,Test,35.55
9212682,Test,4.05
9212936,Control,4.6
9213240,Control,1.6666666666666667
9213604,Test,5.216666666666667
9213816,Test,6.416666666666667
9213837,Control,1.8333333333333333
9214189,Test,4.233333333333333
9214462,Control,8.5
9214877,Control,9.6
9215075,Control,1.9166666666666667
9215181,Test,1.95
9215294,Control,4.7
9215321,Test,2.716666666666667
9215572,Test,4.983333333333333
9215769,Test,1.55
9216606,Control,9.716666666666667
9216762,Control,11.35
9217608,Test,1.9
9217647,Control,2.85
9218276,Test,2.1166666666666667
9218351,Control,7.966666666666667
9218453,Control,11.083333333333334
9218546,Control,12.05
9218577,Control,3.7666666666666666
9218641,Test,4.583333333333333
9218872,Test,52.6
9218948,Control,2.7333333333333334
9219212,Test,2.25
9220127,Test,4.05
9220664,Test,5.383333333333334
9220880,Test,3.0
9220903,Test,8.283333333333333
9221013,Test,2.3666666666666667
9221129,Test,2.6
9221282,Test,2.816666666666667
9221288,Control,6.833333333333333
9221324,Test,1.5833333333333333
9221804,Test,7.7
9222139,Test,2.283333333333333
9222307,Test,6.333333333333333
9222392,Test,1.9166666666666667
9222610,Control,12.6
9222810,Test,2.466666666666667
9222982,Control,4.916666666666667
9223205,Test,4.366666666666666
9223714,Test,1.5833333333333333
9224033,Test,5.45
9224081,Control,5.35
9224100,Test,6.55
9224663,Test,1.9333333333333333
9224876,Control,2.65
9225036,Test,3.9166666666666665
9225615,Test,1.75
9225874,Test,2.1333333333333333
9225978,Test,4.75
9227588,Test,4.7
9227821,Test,1.9166666666666667
9227906,Test,2.0833333333333335
9228149,Control,5.733333333333333
9228237,Control,12.433333333333334
9228904,Control,6.816666666666666
9228974,Test,3.033333333333333
9229187,Control,10.95
9230222,Test,8.05
9230297,Test,5.083333333333333
9230421,Control,3.6
9230554,Test,2.2
9231200,Test,8.883333333333333
9231655,Control,7.783333333333333
9231877,Test,4.433333333333334
9232682,Test,7.816666666666666
9232913,Control,18.483333333333334
9233557,Test,7.516666666666667
9234362,Control,8.9
9234577,Test,7.133333333333334
9234878,Control,4.533333333333333
9235078,Test,9.4
9235498,Control,3.7333333333333334
9235731,Control,2.683333333333333
9235959,Control,4.616666666666666
9236867,Control,5.283333333333333
9236931,Test,5.5
9237119,Test,2.933333333333333
9237145,Control,14.616666666666667
9237252,Control,8.15
9237579,Test,26.4
9238045,Control,44.7
9238418,Control,3.75
9239071,Test,1.95
9239126,Test,8.283333333333333
9239428,Control,3.3333333333333335
9239505,Control,4.733333333333333
9239536,Test,15.75
9239782,Test,3.6
9239902,Test,25.933333333333334
9240755,Test,2.1333333333333333
9241063,Test,1.8833333333333333
9242111,Control,17.95
9242117,Test,4.35
9242446,Control,2.783333333333333
9242550,Test,3.95
9243506,Test,6.166666666666667
9243610,Control,1.5
9243681,Control,2.3666666666666667
9243700,Control,9.633333333333333
9243948,Test,2.0833333333333335
9244146,Control,2.033333333333333
9244149,Control,2.0
9244153,Control,1.4333333333333333
9244201,Test,7.266666666666667
9244581,Control,4.45
9244878,Test,6.733333333333333
9244920,Test,1.5333333333333334
9244940,Test,2.7
9245362,Test,10.283333333333333
9245399,Control,5.25
9245820,Control,5.35
9245893,Control,2.4833333333333334
9246043,Test,6.416666666666667
9246617,Control,4.216666666666667
9246780,Control,6.533333333333333
9246839,Control,23.85
9246963,Test,15.266666666666667
9247136,Control,6.45
9247313,Test,2.183333333333333
9247401,Control,5.666666666666667
9247578,Control,4.383333333333334
9247669,Test,12.483333333333333
9247791,Test,9.916666666666666
9247992,Test,3.9
9248229,Test,6.916666666666667
9249083,Test,7.183333333333334
9249208,Test,11.683333333333334
9249603,Test,7.633333333333334
9249867,Control,1.5
9249926,Test,9.35
9250072,Test,2.7
9250118,Control,4.5
9250390,Control,5.95
9250552,Control,3.2
9250672,Test,3.35
9251017,Test,2.933333333333333
9251172,Test,3.9
9251362,Test,5.366666666666666
9251802,Control,17.05
9251910,Control,4.166666666666667
9251955,Test,2.066666666666667
9252073,Test,4.616666666666666
9252292,Test,1.3666666666666667
9253375,Control,16.85
9253588,Control,3.7333333333333334
9253649,Control,1.3666666666666667
9254970,Test,2.283333333333333
9255097,Control,4.0
9255104,Control,16.2
9255891,Control,2.066666666666667
9255894,Test,0.8166666666666667
9257058,Control,25.233333333333334
9257507,Control,2.65
9257813,Test,8.316666666666666
9257933,Test,4.133333333333334
9257964,Test,3.1166666666666667
9257975,Test,2.25
9258559,Test,1.3666666666666667
9258568,Test,5.083333333333333
9258595,Test,9.116666666666667
9258987,Test,3.283333333333333
9259068,Test,18.116666666666667
9259106,Test,1.5666666666666667
9259620,Test,2.4
9260621,Test,1.9666666666666666
9260760,Control,4.416666666666667
9260966,Test,3.95
9261020,Test,24.65
9261041,Test,6.266666666666667
9261217,Control,2.683333333333333
9261250,Control,5.583333333333333
9261496,Control,1.6833333333333333
9261499,Test,1.6666666666666667
9262413,Control,3.966666666666667
9262601,Control,4.916666666666667
9262676,Test,3.75
9262828,Control,3.1166666666666667
9263432,Control,6.166666666666667
9264904,Test,2.7
9264924,Control,2.55
9265299,Test,5.383333333333334
9265410,Test,7.483333333333333
9266150,Test,2.4833333333333334
9266799,Control,13.8
9267164,Control,13.516666666666667
9267176,Test,8.05
9267320,Test,12.8
9267490,Test,11.833333333333334
9267535,Control,4.05
9268130,Control,3.7333333333333334
9268374,Test,2.5
9268647,Control,6.65
9268806,Test,2.966666666666667
9269060,Test,2.4833333333333334
9269500,Control,1.7333333333333334
9269688,Test,4.05
9270161,Control,8.366666666666667
9270264,Test,3.0
9270315,Test,4.983333333333333
9271098,Test,4.75
9271466,Test,2.35
9272404,Test,7.233333333333333
9272724,Test,2.25
9273012,Control,9.066666666666666
9273414,Control,6.4
9273417,Test,9.716666666666667
9273715,Test,2.2666666666666666
9273843,Test,2.7333333333333334
9273923,Control,3.533333333333333
9274372,Control,5.833333333333333
9274602,Test,8.733333333333333
9274883,Test,2.966666666666667
9275029,Test,2.3833333333333333
9275181,Test,6.3
9275573,Test,6.033333333333333
9276193,Control,6.716666666666667
9276611,Control,11.133333333333333
9276658,Test,3.183333333333333
9276875,Control,5.583333333333333
9276987,Test,4.8
9277380,Test,2.1
9278066,Test,17.583333333333332
9278100,Test,5.7
9278415,Test,8.666666666666666
9278443,Control,2.0
9278592,Test,2.433333333333333
9278876,Control,1.1333333333333333
9278882,Test,9.75
9279099,Test,4.466666666666667
9279103,Control,8.766666666666667
9279531,Test,2.05
9279545,Control,6.483333333333333
9279580,Test,16.583333333333332
9279684,Test,2.216666666666667
9280014,Test,2.6333333333333333
9280081,Control,4.9
9280304,Control,6.6
9280328,Control,20.25
9280668,Control,3.7666666666666666
9280709,Test,1.6166666666666667
9280874,Test,3.216666666666667
9281262,Control,2.466666666666667
9281323,Control,3.4833333333333334
9281398,Control,8.1
9281679,Control,7.033333333333333
9281816,Test,3.8833333333333333
9281938,Control,5.05
9281994,Test,6.233333333333333
9282393,Test,1.1833333333333333
9282432,Control,7.516666666666667
9282466,Control,6.6
9282633,Test,2.5
9282767,Test,5.4
9283102,Test,4.866666666666666
9283146,Control,6.05
9283472,Test,6.566666666666666
9283525,Test,3.4166666666666665
9283974,Test,1.65
9285028,Test,5.8
9285226,Test,1.2166666666666666
9285583,Test,5.916666666666667
9285608,Control,2.6166666666666667
9285944,Control,3.6166666666666667
9285946,Test,10.416666666666666
9286087,Control,9.883333333333333
9286207,Test,2.533333333333333
9286234,Test,1.95
9286288,Test,1.85
9286701,Test,3.1666666666666665
9286770,Test,4.083333333333333
9286916,Test,7.766666666666667
9286966,Test,7.15
9287118,Test,4.15
9287131,Test,2.2666666666666666
9287205,Test,24.733333333333334
9287702,Control,2.8833333333333333
9288209,Test,2.683333333333333
9288745,Test,1.9333333333333333
9288992,Test,3.0833333333333335
9289251,Test,12.016666666666667
9289320,Control,2.4
9289329,Test,3.7333333333333334
9289457,Test,1.3
9289579,Control,1.75
9290030,Test,2.3666666666666667
9290245,Control,6.75
9290249,Test,4.516666666666667
9290269,Test,2.1166666666666667
9290429,Control,3.8333333333333335
9290596,Test,2.3666666666666667
9290967,Control,3.8666666666666667
9291291,Control,12.983333333333333
9292160,Test,4.85
9292182,Test,4.166666666666667
9292391,Test,8.033333333333333
9292612,Control,2.3833333333333333
9292933,Test,8.633333333333333
9293110,Test,3.4
9293112,Control,5.783333333333333
9293238,Test,19.766666666666666
9293360,Test,3.0833333333333335
9293672,Test,2.783333333333333
9294027,Control,4.65
9294131,Test,2.1666666666666665
9295034,Control,12.316666666666666
9295408,Control,3.8833333333333333
9295457,Test,7.133333333333334
9295484,Control,5.25
9295772,Test,3.8333333333333335
9295921,Control,12.416666666666666
9296214,Test,17.583333333333332
9296636,Control,5.433333333333334
9296989,Control,1.9166666666666667
9297076,Test,2.316666666666667
9297486,Test,2.066666666666667
9297547,Control,3.45
9297665,Control,13.833333333333334
9298004,Test,2.8833333333333333
9298375,Control,1.6166666666666667
9299842,Control,3.05
9299887,Test,18.05
9300933,Test,3.033333333333333
9301583,Control,50.63333333333333
9301632,Control,4.066666666666666
9302175,Control,14.383333333333333
9302194,Control,7.833333333333333
9302667,Test,24.85
9303416,Test,3.183333333333333
9303817,Control,3.9
9304012,Control,2.9166666666666665
9304086,Test,3.9
9304931,Control,2.9166666666666665
9305373,Test,0.95
9305449,Test,1.5166666666666666
9305815,Control,3.8833333333333333
9305842,Control,6.883333333333334
9306790,Test,5.383333333333334
9306875,Test,4.266666666666667
9307063,Test,49.083333333333336
9307092,Control,2.716666666666667
9307390,Test,5.883333333333334
9307530,Control,3.85
9307679,Test,2.05
9308200,Test,3.3
9308831,Test,1.75
9308869,Test,5.0
9308901,Test,2.4833333333333334
9309067,Test,8.1
9309343,Control,5.666666666666667
9309575,Control,7.916666666666667
9309624,Test,4.816666666666666
9310498,Control,12.083333333333334
9310803,Control,2.316666666666667
9311445,Control,3.9166666666666665
9312518,Control,4.166666666666667
9312698,Test,6.216666666666667
9313219,Test,2.6
9313352,Control,7.216666666666667
9314054,Control,6.433333333333334
9314424,Control,3.5833333333333335
9315226,Test,3.2333333333333334
9315526,Test,2.45
9315987,Test,4.433333333333334
9315996,Test,4.183333333333334
9316615,Control,5.0
9316616,Test,0.9833333333333333
9316980,Test,2.3
9317327,Test,5.816666666666666
9317920,Test,3.566666666666667
9318961,Test,8.533333333333333
9319290,Test,1.5166666666666666
9319596,Control,13.916666666666666
9319758,Test,5.466666666666667
9319811,Test,2.2
9319822,Test,2.1
9319959,Control,5.95
9320265,Control,5.366666666666666
9320742,Test,1.5
9321160,Control,1.5166666666666666
9321917,Control,27.35
9322129,Test,1.7666666666666666
9322239,Test,1.6833333333333333
9322395,Control,3.6166666666666667
9322805,Test,3.9833333333333334
9323420,Control,3.183333333333333
9323446,Control,4.166666666666667
9323460,Test,2.8833333333333333
9325262,Control,1.8833333333333333
9325289,Test,3.8333333333333335
9325547,Control,8.866666666666667
9325743,Control,8.933333333333334
9325984,Control,6.166666666666667
9326114,Test,3.183333333333333
9326496,Test,4.666666666666667
9326789,Control,4.266666666666667
9327099,Test,2.433333333333333
9327231,Control,3.8666666666666667
9327267,Test,13.566666666666666
9327681,Control,3.0
9327761,Test,1.0333333333333334
9328423,Control,13.05
9328539,Control,4.533333333333333
9328726,Control,1.8333333333333333
9329051,Control,4.2
9329404,Test,2.716666666666667
9329699,Test,5.9
9330012,Test,3.9833333333333334
9330032,Control,2.8666666666666667
9330910,Test,3.0833333333333335
9330958,Control,9.35
9331129,Test,2.9166666666666665
9331303,Control,6.583333333333333
9331315,Test,2.066666666666667
9331489,Control,2.1
9331531,Control,18.016666666666666
9331684,Test,9.616666666666667
9331760,Control,2.5166666666666666
9331765,Control,11.216666666666667
9331887,Test,6.166666666666667
9331980,Control,18.733333333333334
9333117,Control,35.28333333333333
9333441,Test,26.383333333333333
9333749,Control,6.933333333333334
9334240,Control,9.5
9334478,Test,5.583333333333333
9334788,Control,2.3833333333333333
9335218,Control,1.4
9335333,Test,5.133333333333334
9335590,Test,2.4
9335666,Control,3.066666666666667
9335749,Control,4.0
9335897,Control,3.5
9335990,Test,10.383333333333333
9336181,Control,4.4
9336321,Test,1.3166666666666667
9336541,Test,11.366666666666667
9337964,Test,4.116666666666666
9337989,Test,33.53333333333333
9338000,Test,9.466666666666667
9338568,Test,9.633333333333333
9339324,Test,11.6
9339477,Control,2.783333333333333
9339716,Test,3.433333333333333
9339804,Test,2.8833333333333333
9340016,Control,7.75
9340301,Control,5.483333333333333
9341024,Test,16.95
9341159,Test,16.166666666666668
9341180,Control,12.0
9341371,Test,2.283333333333333
9341510,Control,5.516666666666667
9341634,Test,1.9333333333333333
9341975,Test,2.3666666666666667
9342097,Test,1.5
9342499,Control,1.9166666666666667
9342554,Control,3.2333333333333334
9342718,Test,8.216666666666667
9342917,Control,5.466666666666667
9342924,Control,4.583333333333333
9343444,Control,4.533333333333333
9343590,Test,2.4
9343636,Control,4.5
9343822,Test,5.733333333333333
9344005,Control,1.6666666666666667
9344444,Test,1.2
9344585,Test,6.033333333333333
9344945,Test,10.133333333333333
9346404,Test,1.25
9346486,Control,3.4
9347167,Test,4.916666666666667
9347703,Test,3.1666666666666665
9347944,Control,4.516666666666667
9348332,Control,2.75
9348657,Control,3.6166666666666667
9348822,Control,3.05
9348903,Control,12.583333333333334
9349677,Control,5.016666666666667
9349855,Test,7.166666666666667
9349923,Control,6.283333333333333
9350128,Test,2.6666666666666665
9351229,Control,25.016666666666666
9351315,Test,1.6333333333333333
9351949,Control,3.25
9352538,Test,2.5
9352816,Control,24.266666666666666
9353417,Test,2.1666666666666665
9353814,Control,2.35
9354633,Test,3.2333333333333334
9354858,Test,6.5
9355994,Test,15.55
9356001,Test,14.066666666666666
9356321,Test,1.7833333333333334
9356338,Test,3.2666666666666666
9356825,Control,4.6
9356922,Control,5.083333333333333
9357020,Test,15.75
9357458,Control,2.1333333333333333
9357572,Test,1.7833333333333334
9357695,Test,3.2
9358257,Control,1.65
9358513,Control,10.066666666666666
9358626,Control,2.283333333333333
9358682,Control,8.2
9358802,Test,2.8
9359596,Control,2.466666666666667
9359715,Control,1.8333333333333333
9360100,Control,2.3333333333333335
9360276,Control,2.3666666666666667
9360535,Test,8.683333333333334
9361103,Control,27.85
9361140,Control,9.266666666666667
9361231,Control,1.4
9361627,Control,6.933333333333334
9362131,Test,2.65
9362246,Test,8.25
9362363,Control,6.0
9362949,Test,10.95
9363195,Test,5.033333333333333
9363715,Control,3.35
9364005,Test,3.8
9364089,Control,19.9
9364546,Control,36.483333333333334
9364729,Test,13.8
9364875,Control,3.45
9365607,Test,13.5
9366611,Control,4.666666666666667
9367025,Test,1.3333333333333333
9367060,Test,4.35
9367319,Control,15.35
9368027,Control,10.4
9368220,Test,4.566666666666666
9368389,Test,2.0166666666666666
9368520,Control,4.0
9368637,Control,12.033333333333333
9369501,Control,3.3666666666666667
9369908,Control,1.8166666666666667
9369989,Test,1.8166666666666667
9370023,Control,4.816666666666666
9370276,Test,15.216666666666667
9370301,Test,8.6
9370325,Control,9.116666666666667
9371388,Control,2.5833333333333335
9371642,Test,3.966666666666667
9371773,Test,2.716666666666667
9372934,Test,22.383333333333333
9373092,Control,4.2
9373265,Control,5.683333333333334
9373489,Control,14.666666666666666
9374016,Control,2.4166666666666665
9374152,Test,2.9
9374460,Test,7.6
9374835,Test,2.5
9375129,Test,2.3
9376050,Test,2.066666666666667
9376767,Test,1.7166666666666666
9376975,Control,8.9
9377390,Control,15.166666666666666
9377464,Control,2.85
9377551,Control,7.333333333333333
9377571,Control,11.133333333333333
9377779,Control,6.233333333333333
9377916,Control,2.5166666666666666
9378146,Control,3.15
9378588,Test,3.716666666666667
9378650,Control,4.016666666666667
9379016,Control,2.8666666666666667
9379303,Test,25.483333333333334
9379390,Control,8.266666666666667
9379563,Test,4.35
9379616,Test,6.666666666666667
9380150,Control,3.2666666666666666
9381192,Test,3.1166666666666667
9381346,Control,5.366666666666666
9382040,Control,4.65
9382137,Control,3.283333333333333
9382259,Control,3.5833333333333335
9382750,Control,8.416666666666666
9382780,Control,2.6
9383009,Control,4.416666666666667
9383164,Test,5.05
9384038,Test,5.65
9384373,Test,1.3333333333333333
9384465,Test,2.4833333333333334
9384691,Control,5.583333333333333
9384985,Test,5.916666666666667
9385015,Test,18.716666666666665
9385360,Control,10.283333333333333
9385756,Test,4.4
9386056,Test,4.983333333333333
9386153,Control,3.4166666666666665
9386426,Test,2.8
9386447,Control,5.433333333333334
9386463,Test,10.0
9386546,Control,8.95
9386619,Control,3.4
9386850,Test,7.816666666666666
9386902,Test,4.55
9387217,Control,1.3833333333333333
9387224,Test,4.416666666666667
9387746,Control,13.666666666666666
9388092,Control,4.066666666666666
9389266,Test,2.9833333333333334
9389415,Control,1.65
9389525,Test,4.7
9389733,Test,5.716666666666667
9389999,Control,7.333333333333333
9390009,Control,4.383333333333334
9390249,Control,4.1
9390816,Control,34.18333333333333
9390879,Test,2.7666666666666666
9391298,Test,4.683333333333334
9391627,Test,5.916666666666667
9391814,Test,10.733333333333333
9391886,Control,3.25
9392075,Control,5.216666666666667
9392302,Test,1.55
9393194,Test,5.433333333333334
9394113,Test,11.133333333333333
9395104,Test,21.366666666666667
9395640,Test,9.816666666666666
9396373,Control,3.3333333333333335
9396561,Test,26.883333333333333
9396709,Test,5.433333333333334
9397101,Control,6.233333333333333
9397189,Control,9.4
9397699,Test,1.0833333333333333
9397973,Test,12.5
9398460,Control,4.216666666666667
9398666,Test,4.016666666666667
9398933,Test,25.65
9398963,Test,2.0833333333333335
9399521,Test,1.4333333333333333
9399620,Control,3.1
9400246,Test,7.466666666666667
9400397,Control,7.266666666666667
9400478,Control,4.416666666666667
9400650,Control,25.416666666666668
9400844,Control,2.35
9401593,Control,3.6333333333333333
9401788,Test,4.233333333333333
9402013,Control,11.166666666666666
9402252,Test,1.6666666666666667
9402268,Control,6.016666666666667
9402587,Control,3.716666666666667
9402612,Test,2.1166666666666667
9402618,Test,2.3666666666666667
9402690,Test,2.65
9402694,Control,5.316666666666666
9402699,Control,6.133333333333334
9403166,Test,6.35
9403921,Control,10.466666666666667
9404172,Control,8.6
9404298,Control,1.2833333333333334
9404359,Control,5.95
9404494,Test,8.7
9404516,Control,11.516666666666667
9404528,Test,5.766666666666667
9404539,Control,2.183333333333333
9404688,Control,3.8
9404711,Test,3.25
9404972,Test,4.683333333333334
9405128,Test,10.85
9405578,Control,26.016666666666666
9405961,Control,4.4
9406052,Control,5.1
9406349,Control,4.0
9406651,Test,4.9
9407250,Test,1.8333333333333333
9408108,Control,11.183333333333334
9408869,Control,1.75
9408992,Test,4.45
9409062,Control,3.1166666666666667
9409148,Test,2.466666666666667
9409160,Control,6.283333333333333
9409347,Test,8.266666666666667
9409779,Test,7.5
9409795,Test,7.9
9409836,Control,14.133333333333333
9409908,Control,1.9833333333333334
9410549,Test,83.13333333333334
9410648,Control,2.75
9411127,Test,2.7666666666666666
9411147,Test,1.1666666666666667
9411433,Test,8.4
9411537,Test,4.35
9411823,Test,4.65
9412146,Test,2.9
9412339,Control,6.316666666666666
9412633,Test,2.183333333333333
9413608,Control,3.4
9413627,Test,6.85
9413786,Control,4.3
9414493,Test,5.65
9414625,Test,2.9833333333333334
9415388,Test,6.266666666666667
9416016,Test,10.983333333333333
9416381,Test,16.95
9416487,Test,5.283333333333333
9416653,Control,6.566666666666666
9417859,Test,3.55
9418418,Control,2.716666666666667
9418751,Control,3.716666666666667
9418880,Test,2.816666666666667
9419152,Control,12.583333333333334
9419222,Test,2.3
9419230,Control,8.116666666666667
9419417,Test,6.233333333333333
9419464,Control,4.45
9420690,Control,6.883333333333334
9420825,Test,3.7666666666666666
9420931,Control,6.966666666666667
9421220,Test,8.0
9422536,Control,8.316666666666666
9423009,Control,5.95
9423248,Control,3.8833333333333333
9423825,Test,7.466666666666667
9423971,Control,3.466666666666667
9424438,Control,3.4833333333333334
9424502,Control,6.883333333333334
9424618,Control,4.65
9425392,Test,5.8
9425999,Test,2.7666666666666666
9426031,Control,5.416666666666667
9426272,Control,6.333333333333333
9426700,Control,4.45
9426724,Test,12.85
9427685,Test,4.233333333333333
9427939,Control,3.9166666666666665
9428003,Control,31.1
9428509,Control,1.5
9429325,Control,1.5666666666666667
9429653,Test,14.316666666666666
9429852,Test,2.1
9430245,Test,3.25
9430648,Test,4.466666666666667
9430937,Control,3.8333333333333335
9431562,Control,4.983333333333333
9431997,Test,4.5
9432051,Test,1.1833333333333333
9432135,Control,1.95
9432466,Test,2.966666666666667
9432754,Control,15.966666666666667
9432876,Control,3.433333333333333
9433703,Control,2.0833333333333335
9433789,Test,12.933333333333334
9434151,Control,1.2333333333333334
9434640,Control,23.6
9434801,Control,4.133333333333334
9434878,Test,8.1
9434907,Control,2.85
9435107,Test,1.6166666666666667
9435205,Test,3.6
9435892,Test,4.616666666666666
9436140,Test,6.883333333333334
9436357,Test,1.2666666666666666
9436398,Control,2.4833333333333334
9436513,Control,3.55
9437350,Test,10.283333333333333
9438460,Control,12.366666666666667
9438507,Control,5.683333333333334
9438621,Test,4.883333333333334
9439086,Test,2.1
9439137,Test,2.316666666666667
9439273,Test,7.6
9439294,Test,2.3666666666666667
9439343,Control,4.683333333333334
9439384,Test,2.2333333333333334
9439774,Control,4.983333333333333
9439910,Test,4.233333333333333
9440593,Control,1.9
9440795,Control,4.616666666666666
9440884,Control,10.8
9440940,Control,4.25
9441056,Control,5.883333333333334
9441391,Control,5.283333333333333
9441519,Test,7.333333333333333
9441561,Control,4.016666666666667
9441943,Control,3.8666666666666667
9442369,Control,5.866666666666666
9442411,Test,7.333333333333333
9442883,Test,2.05
9443496,Control,8.55
9443692,Test,7.683333333333334
9443811,Test,2.85
9444621,Test,2.3666666666666667
9444789,Control,1.7833333333333334
9444871,Control,25.116666666666667
9444890,Control,6.5
9445402,Test,3.316666666666667
9446994,Control,20.233333333333334
9447077,Test,3.2333333333333334
9447128,Test,6.35
9447325,Test,3.066666666666667
9448917,Test,2.2
9449406,Control,2.2333333333333334
9449550,Test,18.566666666666666
9449889,Control,16.05
9450242,Control,3.066666666666667
9450972,Control,4.816666666666666
9451391,Test,6.816666666666666
9451729,Test,5.05
9451964,Control,2.25
9452134,Control,3.5166666666666666
9452833,Control,2.3333333333333335
9452903,Test,1.8666666666666667
9453694,Control,2.2666666666666666
9453906,Control,7.133333333333334
9454031,Test,10.083333333333334
9455830,Control,3.033333333333333
9455842,Test,5.55
9455946,Test,3.0833333333333335
9456228,Test,1.3166666666666667
9456356,Control,11.3
9456475,Test,1.7666666666666666
9456512,Control,3.783333333333333
9456668,Test,3.0166666666666666
9456922,Control,2.783333333333333
9457052,Test,14.216666666666667
9457142,Test,2.5166666666666666
9457273,Control,4.383333333333334
9457344,Test,1.95
9458112,Test,10.666666666666666
9458283,Test,5.816666666666666
9458953,Control,2.6666666666666665
9459281,Control,2.2
9459879,Control,1.2833333333333334
9459952,Control,2.8
9460332,Test,20.633333333333333
9460446,Test,2.2
9460602,Test,2.3666666666666667
9460935,Test,26.583333333333332
9460951,Control,5.1
9460978,Control,2.6
9461348,Test,10.15
9461443,Control,10.333333333333334
9461446,Test,5.9
9461515,Control,5.766666666666667
9461619,Control,1.85
9461714,Test,4.5
9462213,Test,4.4
9462455,Test,3.7333333333333334
9462600,Test,1.7833333333333334
9463417,Test,1.2666666666666666
9463510,Control,2.3833333333333333
9463714,Control,7.683333333333334
9463775,Test,1.4166666666666667
9463951,Control,6.383333333333334
9464794,Test,8.266666666666667
9464958,Control,13.266666666666667
9465015,Test,1.0166666666666666
9465071,Test,3.3833333333333333
9465504,Control,1.5
9465725,Control,8.266666666666667
9466171,Control,3.783333333333333
9466213,Control,15.883333333333333
9466333,Test,64.13333333333334
9466538,Test,12.733333333333333
9466623,Control,5.483333333333333
9466891,Test,8.866666666666667
9466957,Control,8.05
9467545,Test,4.433333333333334
9468405,Control,6.283333333333333
9468676,Control,9.0
9469078,Test,4.366666666666666
9469532,Test,3.7
9470158,Test,3.8666666666666667
9470219,Test,2.75
9470260,Control,12.916666666666666
9470581,Control,1.85
9471459,Test,1.7333333333333334
9471545,Control,6.433333333333334
9471934,Control,2.566666666666667
9472337,Control,16.783333333333335
9472361,Test,2.8833333333333333
9472462,Control,11.416666666666666
9472815,Test,5.883333333333334
9473567,Control,4.366666666666666
9474768,Test,2.65
9475023,Test,2.966666666666667
9475518,Test,7.35
9475871,Test,2.6
9476282,Test,10.083333333333334
9476286,Test,6.6
9476669,Control,18.533333333333335
9476934,Test,2.9
9477115,Test,3.65
9477172,Test,3.95
9477332,Test,4.083333333333333
9477401,Control,5.533333333333333
9477573,Control,7.416666666666667
9477940,Test,2.7
9478184,Test,1.6333333333333333
9478339,Control,7.983333333333333
9478703,Test,18.05
9478730,Control,5.216666666666667
9479474,Control,1.3333333333333333
9480124,Control,1.95
9480602,Test,8.133333333333333
9480795,Control,6.7
9481101,Test,0.9666666666666667
9481495,Control,4.15
9481649,Control,23.566666666666666
9481786,Test,4.2
9482109,Control,4.166666666666667
9482164,Test,1.7166666666666666
9482404,Test,12.583333333333334
9482928,Test,4.05
9483015,Control,4.15
9483420,Control,0.9833333333333333
9483870,Test,5.866666666666666
9484395,Test,15.766666666666667
9484494,Test,8.516666666666667
9484526,Test,3.0166666666666666
9484710,Test,3.3666666666666667
9484805,Test,6.5
9484909,Control,3.716666666666667
9485320,Test,17.183333333333334
9486229,Control,4.733333333333333
9486310,Test,5.083333333333333
9486407,Test,1.8166666666666667
9486932,Test,2.95
9487079,Test,4.616666666666666
9487391,Test,5.216666666666667
9487623,Test,2.933333333333333
9488244,Control,1.9
9488613,Control,4.566666666666666
9489239,Control,10.083333333333334
9489462,Test,2.216666666666667
9489571,Control,2.05
9489722,Test,5.05
9489902,Control,2.6333333333333333
9490292,Control,2.4833333333333334
9490302,Test,19.5
9490599,Control,1.7
9491462,Test,2.683333333333333
9491552,Test,2.033333333333333
9491600,Test,3.783333333333333
9491805,Test,2.35
9492168,Control,1.8666666666666667
9492376,Control,6.9
9492513,Test,0.7166666666666667
9493365,Test,3.466666666666667
9494036,Control,2.966666666666667
9494167,Test,3.6666666666666665
9494258,Test,1.2333333333333334
9494972,Control,3.3666666666666667
9495046,Test,5.866666666666666
9495136,Test,10.15
9495674,Test,11.85
9496081,Test,7.05
9496781,Test,3.683333333333333
9497044,Test,18.316666666666666
9497139,Control,17.683333333333334
9497226,Test,12.783333333333333
9497286,Test,2.7
9497997,Test,6.633333333333334
9498187,Test,1.4166666666666667
9498329,Control,2.2333333333333334
9498438,Test,5.683333333333334
9499078,Test,2.35
9499259,Control,3.15
9500168,Test,1.95
9500491,Test,6.616666666666666
9500752,Test,6.766666666666667
9500922,Control,33.05
9501023,Test,15.1
9501698,Test,2.466666666666667
9501714,Control,18.4
9501776,Test,1.9166666666666667
9501838,Test,4.183333333333334
9502048,Control,2.95
9502210,Control,7.35
9502275,Test,2.5
9502403,Test,8.85
9503398,Test,6.55
9503630,Test,5.766666666666667
9503923,Test,2.9166666666666665
9504248,Control,0.8833333333333333
9504886,Control,2.9
9505393,Test,10.05
9505609,Control,12.316666666666666
9506481,Control,7.366666666666666
9506863,Test,6.15
9507421,Control,2.533333333333333
9507433,Control,1.3833333333333333
9507924,Test,2.783333333333333
9508403,Test,1.6333333333333333
9508722,Test,2.2666666666666666
9508923,Control,4.35
9509446,Test,4.933333333333334
9509464,Test,4.983333333333333
9509478,Test,2.4833333333333334
9509555,Test,7.166666666666667
9509869,Control,5.65
9510039,Test,4.15
9510233,Test,2.75
9510327,Test,8.733333333333333
9510333,Test,1.5833333333333333
9510802,Test,15.1
9511159,Test,2.6333333333333333
9511384,Control,8.25
9511822,Test,3.066666666666667
9511828,Test,9.933333333333334
9511869,Test,1.7
9512025,Control,4.833333333333333
9512063,Test,2.1
9512448,Control,1.85
9512477,Control,4.4
9512785,Control,9.516666666666667
9513138,Control,3.283333333333333
9513675,Control,6.016666666666667
9513705,Test,1.0166666666666666
9513978,Test,1.7333333333333334
9514335,Test,7.816666666666666
9514497,Test,1.7
9516166,Test,7.866666666666666
9516553,Test,1.5666666666666667
9516559,Control,1.45
9516710,Test,17.783333333333335
9516750,Test,1.4166666666666667
9516763,Test,9.766666666666667
9516885,Test,18.533333333333335
9517246,Test,1.6833333333333333
9517489,Test,1.9833333333333334
9517523,Test,2.95
9517536,Control,4.683333333333334
9517540,Control,2.433333333333333
9517773,Test,3.5166666666666666
9518543,Control,2.0
9518545,Test,2.85
9519014,Test,2.716666666666667
9519150,Test,13.866666666666667
9519220,Control,13.366666666666667
9519918,Control,12.65
9519936,Control,16.516666666666666
9520090,Control,10.9
9520667,Test,4.083333333333333
9521078,Control,10.45
9521500,Test,3.316666666666667
9521658,Control,2.6666666666666665
9522035,Control,4.55
9522306,Control,4.266666666666667
9522528,Control,7.116666666666666
9522546,Control,5.433333333333334
9522922,Test,3.7666666666666666
9523115,Test,3.3833333333333333
9523156,Control,5.15
9523552,Control,3.4166666666666665
9524089,Test,4.0
9525187,Test,46.2
9525223,Control,15.716666666666667
9525241,Test,7.6
9525559,Control,5.533333333333333
9525724,Control,4.15
9526170,Control,9.55
9526209,Control,2.95
9527588,Control,2.433333333333333
9527640,Test,2.433333333333333
9527937,Control,3.8333333333333335
9528028,Control,5.483333333333333
9528790,Control,4.283333333333333
9528795,Control,5.65
9529062,Control,3.75
9529648,Control,2.35
9529806,Control,1.9833333333333334
9530040,Test,5.816666666666666
9530114,Control,5.816666666666666
9530171,Control,3.05
9530567,Test,4.566666666666666
9531073,Control,3.55
9531590,Control,9.116666666666667
9532529,Control,4.633333333333334
9533955,Control,2.3333333333333335
9534102,Test,2.1
9534176,Control,2.6166666666666667
9534189,Test,2.216666666666667
9534366,Test,4.716666666666667
9534462,Control,8.616666666666667
9534819,Control,18.45
9535364,Test,17.5
9535483,Control,2.8333333333333335
9535940,Test,4.166666666666667
9537000,Control,1.5333333333333334
9537641,Test,34.3
9537679,Control,4.183333333333334
9537724,Control,4.85
9538841,Test,1.9833333333333334
9538905,Test,7.783333333333333
9539032,Control,3.4
9539194,Test,5.266666666666667
9540266,Test,3.8833333333333333
9541086,Control,8.233333333333333
9541236,Test,5.016666666666667
9541276,Test,2.3
9541879,Control,5.233333333333333
9542219,Control,7.583333333333333
9542338,Test,17.783333333333335
9542357,Control,8.383333333333333
9542428,Control,2.2333333333333334
9542549,Control,7.733333333333333
9543750,Test,1.6666666666666667
9543769,Control,5.783333333333333
9543802,Test,2.6666666666666665
9543903,Control,2.3666666666666667
9543920,Test,5.4
9544407,Test,2.2
9545139,Test,4.066666666666666
9545144,Test,6.5
9545231,Control,19.333333333333332
9545378,Test,2.9833333333333334
9545728,Test,1.2
9546908,Test,3.1666666666666665
9547432,Test,5.383333333333334
9547888,Test,5.5
9548360,Test,11.35
9549571,Test,2.216666666666667
9550257,Control,7.166666666666667
9550519,Control,5.75
9551191,Test,2.8
9551583,Test,4.783333333333333
9551767,Test,6.416666666666667
9551810,Test,4.966666666666667
9551824,Test,1.2166666666666666
9552050,Control,3.3333333333333335
9552062,Control,17.883333333333333
9552319,Control,4.266666666666667
9552351,Control,2.0166666666666666
9552647,Control,5.483333333333333
9552811,Test,3.85
9552879,Test,1.7166666666666666
9552912,Test,16.733333333333334
9553206,Control,5.366666666666666
9553233,Test,4.066666666666666
9553777,Test,2.6166666666666667
9554603,Control,1.1833333333333333
9554608,Control,19.45
9554795,Test,3.6
9555295,Control,4.183333333333334
9556096,Test,2.75
9557232,Control,5.3
9557333,Control,12.216666666666667
9557360,Control,8.066666666666666
9557638,Control,2.3666666666666667
9557825,Test,2.216666666666667
9558928,Control,1.2666666666666666
9558971,Control,1.7
9559068,Test,1.8166666666666667
9559072,Control,2.8666666666666667
9559591,Test,12.683333333333334
9560202,Test,11.383333333333333
9560313,Control,4.316666666666666
9560411,Control,2.1666666666666665
9560978,Test,2.9
9561396,Test,3.0833333333333335
9562144,Test,1.6166666666666667
9563050,Control,14.916666666666666
9563624,Test,8.3
9564062,Test,17.283333333333335
9564559,Test,3.5166666666666666
9564786,Control,5.016666666666667
9565168,Test,11.533333333333333
9565223,Test,3.3833333333333333
9565543,Control,2.6166666666666667
9565614,Control,3.966666666666667
9566117,Test,10.083333333333334
9566165,Control,9.95
9566183,Control,5.95
9566239,Test,2.966666666666667
9566397,Test,8.516666666666667
9566456,Control,2.4
9566621,Control,2.5
9566907,Test,2.4166666666666665
9568097,Test,2.4833333333333334
9568650,Control,3.316666666666667
9568973,Control,3.1666666666666665
9569411,Test,3.2666666666666666
9570385,Control,6.516666666666667
9570424,Control,4.766666666666667
9570741,Test,3.3333333333333335
9571170,Test,2.8333333333333335
9571509,Test,2.683333333333333
9571825,Test,1.8666666666666667
9571993,Control,3.15
9572005,Test,3.65
9572248,Test,2.1666666666666665
9572701,Control,10.616666666666667
9572729,Test,1.9666666666666666
9573327,Control,3.25
9573657,Test,4.35
9573768,Control,4.816666666666666
9573863,Test,4.066666666666666
9573967,Control,1.75
9573973,Control,1.8166666666666667
9574316,Control,3.033333333333333
9574514,Control,4.383333333333334
9574629,Control,4.083333333333333
9575051,Control,5.3
9575313,Test,4.166666666666667
9575330,Test,22.116666666666667
9575576,Test,2.8666666666666667
9575821,Test,5.316666666666666
9576687,Test,6.333333333333333
9577290,Control,6.216666666666667
9577370,Control,2.216666666666667
9577508,Control,3.3833333333333333
9577560,Test,1.5833333333333333
9578004,Test,1.5666666666666667
9578094,Test,1.0833333333333333
9578246,Test,1.5333333333333334
9578281,Test,6.566666666666666
9578914,Control,2.4
9578977,Control,3.1666666666666665
9579688,Test,3.316666666666667
9580921,Test,11.566666666666666
9581142,Control,1.3166666666666667
9581688,Test,2.4833333333333334
9581744,Test,8.8
9581854,Control,3.3333333333333335
9582040,Control,7.966666666666667
9582266,Test,3.15
9582317,Test,2.2
9582430,Control,8.966666666666667
9582515,Test,4.316666666666666
9582963,Test,1.9
9583148,Test,8.383333333333333
9583150,Test,1.2333333333333334
9583832,Test,1.5666666666666667
9584266,Control,16.233333333333334
9584408,Control,12.733333333333333
9584436,Test,9.5
9585363,Test,7.45
9585593,Test,3.183333333333333
9585598,Test,1.2333333333333334
9585752,Control,12.2
9585887,Test,12.783333333333333
9585939,Control,5.85
9585944,Test,2.75
9586139,Test,8.55
9586701,Test,4.766666666666667
9586826,Control,5.233333333333333
9587157,Control,1.9166666666666667
9587164,Control,2.6
9587439,Control,4.25
9587814,Control,3.2
9587816,Test,1.75
9588403,Test,3.683333333333333
9588516,Test,1.8
9588606,Test,1.4833333333333334
9588775,Control,6.383333333333334
9589670,Test,5.15
9589889,Test,4.15
9590656,Test,3.4
9590892,Control,4.033333333333333
9591005,Control,5.683333333333334
9591145,Test,1.85
9591707,Control,1.7166666666666666
9592900,Test,2.283333333333333
9592984,Test,19.3
9593338,Test,5.966666666666667
9593457,Control,3.05
9593515,Test,1.3166666666666667
9593590,Test,3.2333333333333334
9594093,Control,3.533333333333333
9594106,Control,5.266666666666667
9595233,Control,3.55
9596904,Test,1.4
9597398,Control,9.5
9597731,Test,6.966666666666667
9597768,Test,6.183333333333334
9597985,Test,7.416666666666667
9598389,Test,1.55
9599317,Test,2.183333333333333
9599581,Control,6.25
9599611,Control,24.333333333333332
9599779,Control,2.4833333333333334
9599804,Control,3.85
9599895,Test,4.633333333333334
9600060,Test,11.816666666666666
9600075,Test,20.266666666666666
9600763,Test,10.483333333333333
9601433,Control,3.55
9601679,Test,5.8
9602051,Control,15.133333333333333
9602251,Control,5.066666666666666
9602386,Control,2.15
9603341,Control,4.383333333333334
9603506,Control,4.95
9604594,Control,3.9166666666666665
9605345,Test,3.3
9605578,Control,5.833333333333333
9605796,Control,7.233333333333333
9605920,Test,10.116666666666667
9606146,Control,2.433333333333333
9606483,Control,3.783333333333333
9606541,Test,9.083333333333334
9607036,Test,5.383333333333334
9607461,Control,15.816666666666666
9607484,Test,1.8666666666666667
9608160,Control,4.416666666666667
9608642,Test,9.733333333333333
9608673,Test,1.2833333333333334
9608866,Control,2.3666666666666667
9609929,Control,2.1333333333333333
9610725,Test,5.05
9610827,Test,5.666666666666667
9611031,Test,1.6833333333333333
9611285,Test,0.9166666666666666
9611289,Test,5.466666666666667
9612831,Control,13.866666666666667
9613600,Test,3.0166666666666666
9614486,Test,5.866666666666666
9615182,Control,4.483333333333333
9615268,Test,2.1666666666666665
9615396,Control,2.1333333333333333
9616031,Test,1.9166666666666667
9616240,Test,5.2
9616541,Test,11.933333333333334
9616732,Control,5.316666666666666
9616872,Control,2.6666666666666665
9616879,Control,4.5
9617756,Control,3.6666666666666665
9618239,Test,23.05
9619307,Test,4.05
9619981,Control,1.5333333333333334
9620080,Test,4.55
9620368,Test,2.4833333333333334
9620424,Test,4.933333333333334
9620668,Test,3.0833333333333335
9621245,Control,6.216666666666667
9621690,Test,2.216666666666667
9621768,Test,2.566666666666667
9622331,Test,3.25
9622642,Test,5.2
9622786,Test,3.45
9623251,Test,2.3666666666666667
9623278,Control,5.283333333333333
9624407,Test,8.15
9624543,Test,7.566666666666666
9624621,Control,3.4
9624739,Control,11.4
9625484,Control,2.7
9625506,Control,1.7833333333333334
9625688,Control,4.033333333333333
9625960,Test,7.583333333333333
9626258,Test,2.466666666666667
9627002,Control,10.216666666666667
9627124,Control,9.833333333333334
9627836,Test,9.45
9628216,Test,10.15
9628627,Control,1.3333333333333333
9628678,Control,4.316666666666666
9628857,Control,5.5
9629144,Test,3.8833333333333333
9629210,Test,2.283333333333333
9629829,Control,8.933333333333334
9630732,Test,2.05
9631077,Control,4.483333333333333
9631463,Control,20.933333333333334
9632093,Control,2.5
9632177,Control,4.366666666666666
9633573,Test,5.166666666666667
9633577,Control,4.016666666666667
9634041,Control,3.1166666666666667
9634044,Test,4.833333333333333
9634085,Control,2.95
9634441,Control,11.383333333333333
9634527,Test,9.833333333333334
9635244,Control,3.2333333333333334
9635595,Control,23.116666666666667
9635914,Control,2.216666666666667
9636169,Test,2.433333333333333
9636753,Test,9.85
9636768,Control,3.0
9636891,Test,23.666666666666668
9637216,Test,5.583333333333333
9637289,Control,4.033333333333333
9637981,Test,11.466666666666667
9638063,Test,11.183333333333334
9638116,Control,4.333333333333333
9638485,Control,5.183333333333334
9639027,Test,8.516666666666667
9639038,Test,3.2333333333333334
9639218,Test,9.933333333333334
9639863,Test,1.6833333333333333
9640024,Control,6.516666666666667
9640084,Control,15.6
9640127,Control,6.133333333333334
9640237,Test,2.2
9640735,Test,7.45
9641585,Test,4.516666666666667
9641810,Control,14.816666666666666
9641922,Test,2.6666666666666665
9642091,Test,1.65
9642243,Test,2.433333333333333
9642367,Control,16.633333333333333
9642462,Control,2.7333333333333334
9642582,Test,1.0833333333333333
9642590,Test,2.966666666666667
9643123,Control,3.6
9643231,Control,7.0
9643848,Control,15.383333333333333
9643987,Test,5.483333333333333
9644231,Test,2.3666666666666667
9644436,Control,3.0833333333333335
9644794,Test,11.433333333333334
9645151,Test,5.583333333333333
9645276,Test,3.35
9646006,Test,1.8
9646052,Test,3.2666666666666666
9646284,Test,6.966666666666667
9646410,Test,5.766666666666667
9646764,Control,16.25
9646770,Test,1.8
9646949,Control,2.85
9647114,Test,8.916666666666666
9647384,Control,2.35
9647951,Test,7.15
9648153,Test,6.9
9648192,Control,11.366666666666667
9648575,Test,1.8166666666666667
9648714,Control,1.65
9648788,Test,10.983333333333333
9648830,Test,2.85
9648932,Test,2.45
9649288,Test,13.25
9649593,Test,12.333333333333334
9649700,Control,9.333333333333334
9650145,Test,2.433333333333333
9650414,Test,6.1
9650790,Test,17.15
9651254,Control,6.216666666666667
9651358,Test,11.533333333333333
9651415,Test,2.3833333333333333
9651697,Test,5.15
9651860,Test,3.05
9651925,Test,4.816666666666666
9652308,Test,1.7833333333333334
9653388,Test,4.666666666666667
9653521,Control,1.4333333333333333
9653620,Control,5.316666666666666
9653889,Test,19.883333333333333
9654101,Control,0.95
9654165,Test,1.7166666666666666
9654380,Test,4.933333333333334
9654477,Control,6.216666666666667
9654726,Control,3.9166666666666665
9655121,Test,1.9166666666666667
9655295,Test,4.316666666666666
9655405,Control,4.783333333333333
9655912,Test,1.8833333333333333
9656018,Control,16.883333333333333
9656424,Test,2.5166666666666666
9656513,Test,4.833333333333333
9657291,Test,4.366666666666666
9657390,Control,6.8
9657960,Control,5.1
9658480,Test,3.1333333333333333
9658835,Test,1.2166666666666666
9659067,Control,3.45
9659535,Control,5.933333333333334
9659583,Test,2.35
9659609,Control,4.433333333333334
9659656,Test,6.433333333333334
9659818,Test,3.8
9659921,Test,2.3833333333333333
9659987,Test,9.566666666666666
9660142,Control,5.616666666666666
9660158,Control,6.083333333333333
9660238,Test,2.1
9660484,Test,2.8833333333333333
9660581,Control,3.85
9660731,Control,2.566666666666667
9660940,Control,5.316666666666666
9661207,Control,6.5
9661253,Control,12.633333333333333
9661426,Test,3.55
9661591,Control,2.2
9661895,Test,3.6333333333333333
9661896,Test,4.983333333333333
9663138,Test,7.933333333333334
9663163,Control,9.433333333333334
9663593,Test,8.366666666666667
9663819,Test,3.5833333333333335
9664057,Control,71.55
9664272,Control,2.8833333333333333
9664692,Control,2.85
9664772,Test,1.9666666666666666
9664834,Test,5.266666666666667
9665019,Test,2.7
9665382,Control,6.5
9665524,Control,2.566666666666667
9666293,Control,2.216666666666667
9666366,Test,8.383333333333333
9666391,Control,28.9
9667497,Test,2.5166666666666666
9667799,Test,2.466666666666667
9668146,Test,3.1666666666666665
9669024,Control,10.783333333333333
9669175,Test,8.85
9669255,Test,0.7833333333333333
9669426,Control,19.9
9669628,Test,19.433333333333334
9669723,Control,6.183333333333334
9670293,Control,8.716666666666667
9670348,Test,24.416666666666668
9670485,Test,3.7
9670804,Test,14.483333333333333
9671649,Test,4.4
9671726,Test,6.483333333333333
9672716,Control,5.65
9672983,Control,4.066666666666666
9673113,Test,7.7
9673235,Test,8.666666666666666
9673536,Control,7.366666666666666
9673982,Control,1.6333333333333333
9674668,Control,2.6333333333333333
9675198,Control,3.9166666666666665
9675229,Test,3.3666666666666667
9675490,Control,2.0833333333333335
9676119,Test,29.633333333333333
9676241,Control,7.116666666666666
9676457,Test,4.766666666666667
9677027,Test,5.466666666666667
9677152,Test,2.9
9677377,Test,3.25
9677689,Control,4.166666666666667
9677776,Test,17.15
9677826,Control,1.35
9677939,Test,5.4
9678253,Test,2.6666666666666665
9678288,Control,2.6166666666666667
9678419,Test,4.05
9678667,Test,4.4
9678771,Control,2.5166666666666666
9679406,Control,1.7333333333333334
9679615,Test,4.183333333333334
9680074,Test,4.416666666666667
9680276,Control,2.8833333333333333
9680525,Test,1.95
9680683,Test,2.05
9680717,Test,3.2666666666666666
9681169,Control,31.3
9681414,Test,3.466666666666667
9681771,Control,4.4
9681783,Control,3.7666666666666666
9682462,Test,5.966666666666667
9682469,Test,1.7166666666666666
9682711,Control,2.783333333333333
9683032,Test,3.0833333333333335
9683046,Test,7.966666666666667
9683640,Test,18.583333333333332
9683691,Test,6.233333333333333
9684126,Test,1.2833333333333334
9684490,Test,5.6
9684674,Control,7.583333333333333
9684889,Test,5.283333333333333
9685222,Test,8.883333333333333
9685360,Control,6.033333333333333
9685510,Test,2.75
9685596,Control,5.116666666666666
9685772,Control,1.9666666666666666
9685920,Control,1.8666666666666667
9685962,Test,2.9
9686237,Test,1.2166666666666666
9686300,Control,8.183333333333334
9686977,Test,7.566666666666666
9687894,Control,1.6666666666666667
9688091,Control,6.583333333333333
9688507,Control,6.1
9689015,Control,4.833333333333333
9689259,Control,5.166666666666667
9689693,Test,2.716666666666667
9690466,Test,2.1333333333333333
9690558,Test,2.6166666666666667
9690614,Test,2.9833333333333334
9690885,Test,1.4166666666666667
9690919,Control,3.566666666666667
9691057,Test,2.066666666666667
9691121,Test,22.366666666666667
9691201,Test,1.8
9691282,Control,9.266666666666667
9691601,Test,2.3833333333333333
9691978,Test,2.8
9693009,Control,4.166666666666667
9693798,Control,2.8333333333333335
9694436,Control,10.383333333333333
9694706,Control,1.95
9694803,Test,6.2
9695265,Test,3.55
9695857,Test,4.116666666666666
9695890,Control,3.4166666666666665
9696002,Control,7.966666666666667
9696365,Control,2.566666666666667
9696533,Control,16.0
9696696,Test,2.1333333333333333
9696703,Test,4.583333333333333
9697309,Test,4.133333333333334
9697551,Control,3.55
9697625,Control,4.416666666666667
9697821,Test,7.366666666666666
9697912,Test,2.8833333333333333
9698005,Control,3.8333333333333335
9698071,Test,1.3833333333333333
9698409,Control,1.7666666666666666
9698656,Test,3.1333333333333333
9700037,Test,4.35
9700462,Control,3.316666666666667
9700536,Test,5.55
9700688,Control,2.0833333333333335
9701087,Test,11.466666666666667
9701979,Control,2.25
9702505,Test,4.7
9702626,Control,5.283333333333333
9702685,Control,1.3
9703028,Control,2.783333333333333
9703336,Control,2.683333333333333
9704091,Test,1.7333333333333334
9704271,Test,7.416666666666667
9704686,Control,7.55
9704872,Test,2.15
9704887,Control,7.05
9705533,Control,2.2333333333333334
9705553,Test,12.666666666666666
9706109,Test,2.65
9706860,Control,13.683333333333334
9706879,Control,2.783333333333333
9707238,Test,1.5666666666666667
9707262,Test,1.5833333333333333
9707451,Test,14.783333333333333
9707859,Control,19.85
9708352,Control,17.15
9708531,Control,1.2833333333333334
9708611,Test,5.2
9708694,Test,5.583333333333333
9709541,Test,1.8
9709646,Control,3.716666666666667
9709654,Control,2.8
9709813,Control,2.2
9710008,Test,1.35
9710210,Test,9.2
9710697,Control,41.2
9711004,Test,4.283333333333333
9711074,Control,3.1333333333333333
9711093,Test,10.816666666666666
9711488,Control,3.0833333333333335
9711513,Control,2.283333333333333
9712021,Test,15.1
9712643,Test,4.75
9712676,Control,4.366666666666666
9713227,Test,2.316666666666667
9714140,Test,10.266666666666667
9714233,Control,9.9
9714234,Control,6.866666666666666
9714731,Test,5.1
9714870,Test,2.4
9715239,Control,1.9
9715509,Test,2.15
9716767,Control,4.116666666666666
9716956,Test,1.2
9717008,Control,4.85
9717121,Test,5.5
9717302,Test,1.5666666666666667
9717875,Control,3.4833333333333334
9718754,Test,1.8166666666666667
9718806,Control,2.433333333333333
9719269,Test,1.4833333333333334
9719474,Control,1.4833333333333334
9720223,Control,9.9
9720790,Test,4.566666666666666
9721014,Test,3.066666666666667
9721206,Control,10.133333333333333
9721368,Test,8.816666666666666
9721424,Test,3.95
9721734,Control,5.85
9722282,Control,4.55
9723734,Test,6.133333333333334
9724470,Control,2.1666666666666665
9724888,Test,34.53333333333333
9724943,Test,4.85
9724990,Test,1.7
9725005,Control,3.4833333333333334
9725500,Test,5.733333333333333
9725677,Test,3.183333333333333
9725718,Test,4.766666666666667
9725805,Control,5.766666666666667
9725807,Test,6.066666666666666
9725922,Test,2.2
9726076,Test,8.183333333333334
9726084,Control,5.6
9726273,Control,2.283333333333333
9726474,Test,12.733333333333333
9726561,Test,2.85
9726680,Test,2.0833333333333335
9726851,Test,9.95
9727712,Control,8.383333333333333
9727724,Test,9.1
9727883,Test,2.283333333333333
9727959,Control,8.333333333333334
9728651,Control,8.233333333333333
9728657,Test,1.9833333333333334
9728732,Control,2.933333333333333
9729013,Test,2.816666666666667
9729392,Control,10.15
9730509,Control,7.4
9730777,Control,5.983333333333333
9730778,Test,10.066666666666666
9730813,Test,3.1333333333333333
9730984,Control,5.05
9731779,Control,5.266666666666667
9733107,Control,6.033333333333333
9733454,Control,3.85
9734274,Test,3.75
9734308,Control,7.9
9734632,Control,5.033333333333333
9735061,Control,3.85
9735541,Control,3.283333333333333
9736081,Control,3.7
9736647,Control,5.65
9736845,Test,1.95
9736915,Control,2.783333333333333
9737013,Control,12.866666666666667
9737117,Test,1.45
9737169,Test,4.8
9737204,Test,10.033333333333333
9737288,Test,6.483333333333333
9738042,Test,3.3666666666666667
9738273,Control,3.433333333333333
9738828,Control,6.483333333333333
9739339,Control,3.35
9739374,Test,4.383333333333334
9739905,Test,9.25
9740191,Test,4.516666666666667
9740309,Control,4.966666666666667
9740330,Control,3.466666666666667
9740374,Control,3.9
9740514,Test,3.466666666666667
9740561,Control,2.7666666666666666
9740656,Control,2.8666666666666667
9740905,Test,1.2666666666666666
9741252,Control,4.85
9741876,Control,2.683333333333333
9742118,Test,1.45
9742844,Control,9.8
9743459,Control,1.4666666666666666
9744074,Control,7.516666666666667
9744503,Control,5.816666666666666
9744625,Test,1.15
9744723,Test,6.483333333333333
9745466,Control,4.533333333333333
9745511,Test,7.816666666666666
9745786,Control,7.083333333333333
9746326,Control,2.7333333333333334
9746455,Test,1.4333333333333333
9746855,Test,10.75
9747131,Test,2.4833333333333334
9747532,Control,2.566666666666667
9748293,Test,1.0
9748499,Test,2.9166666666666665
9749403,Control,1.8833333333333333
9749516,Test,17.116666666666667
9749636,Test,4.766666666666667
9749751,Test,1.8166666666666667
9749944,Control,10.683333333333334
9750016,Control,5.8
9750214,Control,4.666666666666667
9750488,Test,2.1
9750590,Test,1.8333333333333333
9750722,Test,7.033333333333333
9752006,Test,4.033333333333333
9752107,Control,4.666666666666667
9752962,Control,7.55
9753276,Test,4.716666666666667
9753307,Control,1.6333333333333333
9754222,Test,4.45
9754297,Control,4.1
9754728,Control,5.516666666666667
9754775,Control,8.3
9755087,Test,8.116666666666667
9755324,Control,12.616666666666667
9755965,Control,10.166666666666666
9756335,Control,22.2
9756537,Test,7.033333333333333
9757868,Test,2.3666666666666667
9757888,Test,1.1333333333333333
9758429,Control,12.716666666666667
9758508,Test,2.316666666666667
9758529,Test,2.3
9759719,Control,8.383333333333333
9760523,Test,5.716666666666667
9760675,Control,2.0
9761433,Control,4.65
9761555,Test,3.7666666666666666
9761728,Test,10.133333333333333
9762179,Test,1.7333333333333334
9762490,Test,2.5
9762794,Test,2.683333333333333
9763368,Test,6.433333333333334
9763453,Control,19.116666666666667
9763488,Test,2.716666666666667
9763741,Control,5.233333333333333
9764115,Test,3.3
9764177,Control,7.316666666666666
9764688,Test,3.683333333333333
9764698,Test,2.3
9764702,Test,5.85
9765226,Test,1.65
9765552,Control,7.833333333333333
9765988,Test,23.3
9766137,Control,1.4833333333333334
9766629,Test,3.95
9767104,Control,3.3666666666666667
9767375,Control,47.86666666666667
9767465,Test,3.2
9767681,Control,4.533333333333333
9768141,Test,1.6166666666666667
9768328,Test,1.55
9768451,Test,3.35
9768615,Test,1.9833333333333334
9768948,Control,12.9
9769690,Control,8.15
9770521,Control,24.3
9770973,Test,4.116666666666666
9771204,Control,4.316666666666666
9771287,Control,7.9
9772051,Test,1.3333333333333333
9772437,Control,2.683333333333333
9772582,Test,5.566666666666666
9772647,Test,8.3
9772694,Test,5.35
9772979,Test,12.6
9773072,Test,1.8333333333333333
9774375,Test,3.716666666666667
9774539,Test,1.3833333333333333
9774553,Test,1.8333333333333333
9774559,Test,2.716666666666667
9774602,Control,5.983333333333333
9774877,Test,12.766666666666667
9775028,Test,6.8
9775504,Test,12.3
9776350,Control,6.333333333333333
9776846,Control,12.283333333333333
9777140,Control,3.0166666666666666
9777475,Test,1.4333333333333333
9777569,Test,3.7333333333333334
9777880,Control,1.8333333333333333
9777919,Test,1.6
9777974,Test,6.683333333333334
9778121,Test,8.416666666666666
9778461,Test,1.1666666666666667
9778475,Test,5.35
9779014,Control,3.5
9779242,Test,27.683333333333334
9779270,Control,4.4
9779317,Control,7.6
9780034,Control,3.533333333333333
9780489,Control,1.9166666666666667
9781128,Test,3.9
9783064,Test,4.8
9783233,Test,3.5
9783619,Control,3.4166666666666665
9784052,Control,5.533333333333333
9784125,Test,1.3333333333333333
9784340,Test,7.683333333333334
9784360,Control,2.4166666666666665
9784576,Control,7.233333333333333
9784827,Test,2.4
9785209,Test,3.2333333333333334
9785572,Test,3.2
9785963,Test,1.7666666666666666
9786441,Test,2.5
9786601,Control,13.0
9786636,Test,2.5
9786865,Control,12.1
9787079,Control,4.366666666666666
9787289,Test,3.05
9787372,Test,3.783333333333333
9787741,Control,4.416666666666667
9787747,Test,1.85
9787927,Test,2.9166666666666665
9788611,Control,6.55
9788667,Test,2.3666666666666667
9788789,Control,7.55
9788829,Test,5.35
9789056,Control,3.4166666666666665
9789519,Control,3.433333333333333
9790438,Control,10.566666666666666
9790489,Test,2.816666666666667
9790636,Test,3.316666666666667
9791397,Test,2.3666666666666667
9791481,Control,5.016666666666667
9791771,Control,1.75
9791896,Control,7.9
9791984,Control,5.616666666666666
9792206,Test,4.65
9792435,Control,5.7
9792505,Control,8.166666666666666
9792593,Test,19.466666666666665
9793096,Control,11.05
9793340,Control,11.066666666666666
9793551,Control,4.583333333333333
9793791,Test,1.4833333333333334
9794098,Test,3.933333333333333
9794196,Test,3.6333333333333333
9794313,Test,8.633333333333333
9794858,Test,1.4333333333333333
9794955,Test,1.85
9795026,Control,8.816666666666666
9795301,Control,6.783333333333333
9795683,Control,5.05
9795687,Control,9.266666666666667
9795698,Test,1.8166666666666667
9795752,Test,3.5166666666666666
9795920,Test,10.533333333333333
9795972,Test,1.9333333333333333
9796176,Control,2.05
9796394,Test,1.5666666666666667
9797297,Control,4.116666666666666
9797408,Control,2.9833333333333334
9797544,Test,4.633333333333334
9797596,Control,2.2
9797718,Test,13.116666666666667
9797821,Test,2.066666666666667
9797884,Test,1.7333333333333334
9798407,Control,12.95
9798472,Test,4.25
9799670,Control,3.95
9799677,Control,7.383333333333334
9799728,Control,2.7
9800099,Test,3.3333333333333335
9800304,Test,11.366666666666667
9801146,Test,1.4166666666666667
9801266,Test,3.4166666666666665
9801271,Control,1.7666666666666666
9802022,Test,5.616666666666666
9803469,Control,2.25
9803595,Test,2.1333333333333333
9804023,Test,4.25
9804197,Control,1.1333333333333333
9804328,Test,2.75
9805367,Control,3.1166666666666667
9805491,Test,2.2
9806793,Control,14.65
9806840,Test,4.016666666666667
9807197,Test,10.466666666666667
9807333,Control,18.133333333333333
9807800,Control,2.716666666666667
9807872,Test,3.25
9808588,Test,19.016666666666666
9808929,Test,3.0166666666666666
9809166,Control,4.616666666666666
9809505,Control,3.3333333333333335
9810092,Control,7.5
9810326,Test,31.583333333333332
9810496,Test,4.933333333333334
9810735,Control,8.183333333333334
9811512,Control,2.5
9811778,Test,2.05
9811880,Control,5.95
9811932,Test,20.933333333333334
9811987,Control,7.133333333333334
9812116,Test,2.35
9812321,Test,1.5666666666666667
9812643,Test,22.683333333333334
9812702,Control,3.5166666666666666
9812753,Control,5.5
9812859,Control,6.25
9813126,Test,7.5
9813394,Control,4.55
9813495,Test,2.9
9814150,Control,3.6666666666666665
9814273,Control,6.916666666666667
9814755,Test,3.3333333333333335
9814812,Test,6.65
9814833,Control,2.8333333333333335
9814849,Control,6.333333333333333
9815123,Test,2.8833333333333333
9815230,Control,2.533333333333333
9815282,Test,1.5833333333333333
9815599,Control,5.566666666666666
9815914,Test,2.15
9817162,Control,4.7
9818086,Test,2.433333333333333
9818508,Test,11.366666666666667
9818694,Control,11.966666666666667
9818807,Test,3.533333333333333
9819734,Control,18.15
9820349,Test,4.35
9820853,Control,3.1
9820934,Control,3.4166666666666665
9821262,Test,1.3666666666666667
9821593,Control,3.8833333333333333
9821959,Test,2.6166666666666667
9821995,Test,2.183333333333333
9822876,Control,4.733333333333333
9823479,Control,2.716666666666667
9823725,Test,5.15
9823874,Control,3.3333333333333335
9824178,Test,2.3333333333333335
9824309,Control,2.1166666666666667
9824394,Test,13.033333333333333
9824704,Test,6.383333333333334
9825024,Test,11.483333333333333
9825116,Test,6.9
9825338,Test,1.65
9825607,Control,14.733333333333333
9825808,Test,6.733333333333333
9825827,Control,6.983333333333333
9825833,Control,2.683333333333333
9825964,Test,13.883333333333333
9825994,Control,25.916666666666668
9826144,Control,1.4666666666666666
9826220,Control,3.7
9826969,Control,6.966666666666667
9827995,Test,6.333333333333333
9828089,Control,5.4
9828885,Control,1.4666666666666666
9829569,Control,1.7333333333333334
9830414,Control,1.6833333333333333
9830820,Control,9.133333333333333
9831016,Test,6.883333333333334
9831463,Test,16.583333333333332
9832488,Test,2.5
9832892,Control,3.316666666666667
9833183,Control,2.1166666666666667
9833588,Test,2.533333333333333
9833729,Test,3.966666666666667
9834242,Control,3.783333333333333
9834586,Control,1.85
9835297,Test,7.883333333333334
9836403,Control,8.866666666666667
9836487,Test,5.883333333333334
9837208,Control,1.35
9837394,Test,10.3
9838295,Control,5.983333333333333
9839451,Test,2.9166666666666665
9839536,Control,7.5
9839859,Test,4.183333333333334
9840868,Control,6.05
9840956,Test,2.533333333333333
9841027,Test,2.183333333333333
9841587,Test,7.816666666666666
9842475,Control,1.9333333333333333
9842563,Test,2.066666666666667
9842699,Test,8.116666666666667
9842770,Control,4.616666666666666
9842865,Test,2.283333333333333
9843822,Control,1.5666666666666667
9843998,Test,4.85
9844061,Test,2.8
9844262,Test,2.716666666666667
9844338,Control,2.3333333333333335
9844493,Control,12.4
9844963,Test,1.4833333333333334
9845351,Test,3.466666666666667
9845705,Test,2.933333333333333
9846402,Test,1.2833333333333334
9846467,Control,15.85
9846764,Control,15.016666666666667
9847076,Test,7.483333333333333
9847730,Control,3.466666666666667
9848708,Test,10.05
9848741,Control,3.6
9848978,Test,4.566666666666666
9849562,Test,2.316666666666667
9849606,Test,1.2833333333333334
9849656,Test,3.216666666666667
9849710,Test,20.583333333333332
9850294,Control,6.216666666666667
9851327,Control,4.916666666666667
9851598,Test,3.35
9851640,Test,1.2
9851672,Test,4.45
9851927,Control,1.65
9852252,Test,7.616666666666666
9852355,Test,4.85
9852469,Control,5.533333333333333
9852740,Test,1.0833333333333333
9852814,Control,4.966666666666667
9853259,Control,4.55
9853329,Control,43.36666666666667
9853868,Control,5.533333333333333
9854028,Test,19.266666666666666
9854179,Test,2.9833333333333334
9855236,Test,2.933333333333333
9855280,Test,2.4833333333333334
9855557,Control,6.05
9855979,Test,38.88333333333333
9856081,Control,2.5166666666666666
9857108,Control,3.5
9857251,Test,8.533333333333333
9857448,Test,3.0166666666666666
9857870,Test,1.7
9858062,Test,4.666666666666667
9858310,Test,14.883333333333333
9858493,Control,7.183333333333334
9859629,Test,4.066666666666666
9860216,Control,6.55
9860877,Test,2.35
9862091,Test,2.3833333333333333
9862146,Control,11.583333333333334
9862840,Test,19.75
9863059,Control,6.916666666666667
9863070,Test,6.783333333333333
9863604,Control,5.333333333333333
9863644,Test,9.416666666666666
9864147,Control,4.483333333333333
9864187,Test,2.283333333333333
9864385,Control,4.2
9864467,Test,7.6
9865183,Control,2.95
9865615,Control,3.6333333333333333
9866232,Control,2.75
9866234,Test,4.416666666666667
9866491,Test,1.7666666666666666
9866595,Test,6.35
9866776,Test,3.2333333333333334
9867278,Control,9.266666666666667
9868222,Control,6.416666666666667
9868692,Control,2.2
9868939,Test,4.1
9869094,Control,2.75
9869254,Test,3.7666666666666666
9870360,Control,2.8666666666666667
9870533,Control,2.9833333333333334
9870969,Test,8.35
9871076,Control,3.716666666666667
9871603,Test,6.166666666666667
9871658,Control,2.216666666666667
9872389,Control,3.183333333333333
9872392,Control,4.183333333333334
9872674,Control,3.783333333333333
9872848,Control,3.216666666666667
9872979,Test,5.933333333333334
9873194,Control,3.566666666666667
9873583,Test,4.016666666666667
9873924,Test,2.316666666666667
9874898,Control,13.266666666666667
9874982,Test,7.416666666666667
9875262,Test,2.1
9875372,Test,9.4
9875600,Test,2.433333333333333
9875629,Control,2.2333333333333334
9875946,Control,4.7
9876209,Test,5.966666666666667
9876315,Test,5.216666666666667
9877819,Control,23.65
9877834,Test,15.383333333333333
9878029,Test,9.333333333333334
9878162,Control,2.75
9878179,Test,4.133333333333334
9878337,Control,4.533333333333333
9878614,Control,2.3
9878739,Test,4.35
9878904,Control,4.533333333333333
9879012,Control,3.1
9879325,Test,6.3
9880179,Test,2.9166666666666665
9880596,Test,8.866666666666667
9880785,Test,5.283333333333333
9880902,Control,8.333333333333334
9880923,Control,4.35
9881248,Control,2.8833333333333333
9881287,Control,5.016666666666667
9881395,Control,8.283333333333333
9882073,Test,2.5833333333333335
9882286,Control,1.4666666666666666
9882516,Test,1.7833333333333334
9882553,Test,2.6666666666666665
9882582,Test,2.783333333333333
9883336,Test,1.3
9883616,Control,2.0833333333333335
9883785,Control,23.066666666666666
9884285,Test,3.25
9884321,Control,2.85
9884451,Test,6.0
9884504,Test,2.75
9884508,Test,7.916666666666667
9884785,Control,2.3833333333333333
9885283,Test,2.466666666666667
9885354,Test,9.216666666666667
9885740,Control,3.3833333333333333
9886214,Test,10.15
9886280,Test,10.866666666666667
9886721,Test,2.3666666666666667
9886872,Control,5.866666666666666
9886993,Test,1.4166666666666667
9887022,Test,55.0
9887195,Test,4.216666666666667
9887206,Test,2.533333333333333
9887430,Test,4.433333333333334
9887451,Test,2.5833333333333335
9888151,Control,5.35
9888375,Control,5.116666666666666
9888471,Control,30.95
9888495,Control,2.7666666666666666
9888660,Control,3.05
9888783,Test,3.15
9888844,Test,3.8333333333333335
9888937,Control,3.45
9889459,Control,5.683333333333334
9889578,Test,12.916666666666666
9889738,Test,6.916666666666667
9889907,Control,6.816666666666666
9889913,Test,2.35
9890346,Test,2.6333333333333333
9890350,Test,3.033333333333333
9890489,Control,5.366666666666666
9890511,Test,18.4
9891451,Control,8.4
9891646,Test,2.033333333333333
9892018,Test,6.533333333333333
9892159,Test,6.233333333333333
9892434,Control,17.116666666666667
9892505,Control,2.7
9892743,Test,5.733333333333333
9892972,Test,50.61666666666667
9893613,Control,1.45
9893778,Control,3.6
9894476,Control,3.2333333333333334
9895197,Control,2.5166666666666666
9895333,Test,42.05
9895741,Control,2.55
9895888,Control,11.583333333333334
9896436,Test,4.916666666666667
9896912,Control,5.933333333333334
9896942,Test,3.8
9897300,Test,6.516666666666667
9897347,Test,2.55
9897542,Control,4.65
9898407,Control,3.45
9898856,Control,8.916666666666666
9899904,Control,4.5
9900401,Control,5.85
9900704,Control,6.333333333333333
9900823,Control,1.6166666666666667
9901958,Test,2.3666666666666667
9902427,Test,3.55
9902565,Test,2.5166666666666666
9902742,Control,4.683333333333334
9902877,Control,3.816666666666667
9903340,Control,2.566666666666667
9903573,Test,7.333333333333333
9904011,Control,2.1
9904069,Control,9.583333333333334
9904207,Test,1.3333333333333333
9904896,Test,7.15
9905146,Control,5.933333333333334
9905906,Test,8.933333333333334
9906057,Control,6.066666666666666
9906255,Test,3.5
9906392,Control,5.016666666666667
9906489,Test,2.3666666666666667
9906609,Test,1.4666666666666666
9906729,Test,5.066666666666666
9906955,Control,3.1166666666666667
9907037,Control,8.366666666666667
9907174,Test,3.05
9907653,Test,3.066666666666667
9908182,Control,5.0
9908372,Test,3.533333333333333
9908488,Test,3.2
9908706,Control,9.4
9908836,Control,7.0
9909088,Control,2.2333333333333334
9909236,Test,12.266666666666667
9909730,Control,15.6
9910139,Control,3.1
9910425,Control,1.2
9910551,Control,4.3
9911013,Test,2.25
9911061,Test,4.3
9912025,Control,1.4833333333333334
9912156,Control,3.216666666666667
9912415,Test,3.933333333333333
9912563,Control,6.533333333333333
9912757,Test,2.1333333333333333
9912935,Test,6.433333333333334
9913342,Test,1.25
9913653,Control,2.216666666666667
9913793,Test,2.6666666666666665
9913967,Test,2.9
9914222,Control,1.75
9914297,Test,2.066666666666667
9914393,Control,4.416666666666667
9914877,Test,2.316666666666667
9915602,Control,14.9
9916208,Control,11.083333333333334
9916676,Test,31.016666666666666
9916722,Test,13.716666666666667
9917115,Control,3.4166666666666665
9917847,Control,3.05
9917901,Control,2.183333333333333
9917903,Test,4.9
9918249,Control,2.15
9918317,Control,2.466666666666667
9918806,Test,9.566666666666666
9918970,Test,5.65
9919053,Test,5.0
9919106,Test,2.8833333333333333
9919505,Test,2.566666666666667
9919765,Test,5.116666666666666
9919802,Test,30.866666666666667
9919928,Test,1.3833333333333333
9920068,Control,2.7333333333333334
9920073,Control,3.25
9920743,Test,2.4166666666666665
9920774,Control,2.1
9920870,Control,2.1333333333333333
9921411,Test,12.083333333333334
9921452,Test,1.25
9922667,Control,3.95
9922705,Control,4.45
9922747,Control,4.65
9922830,Test,3.9
9922958,Test,7.666666666666667
9923115,Control,9.35
9923135,Control,13.1
9923243,Test,2.2666666666666666
9923347,Test,3.6333333333333333
9923595,Control,8.066666666666666
9924218,Test,4.45
9924300,Control,5.45
9924379,Control,14.516666666666667
9924413,Test,11.333333333333334
9924657,Test,2.2666666666666666
9924809,Test,27.366666666666667
9924963,Control,6.25
9925000,Test,3.0
9925418,Test,4.95
9925748,Test,15.633333333333333
9927271,Test,12.916666666666666
9927319,Test,1.6166666666666667
9927328,Control,1.9
9927522,Control,6.3
9928401,Control,3.9
9928646,Test,1.6333333333333333
9928657,Control,3.1333333333333333
9928734,Control,5.75
9928778,Control,1.7
9928840,Test,6.6
9928912,Test,2.25
9929565,Test,4.516666666666667
9930063,Test,7.116666666666666
9931722,Test,3.933333333333333
9931960,Control,2.3833333333333333
9932164,Test,1.3
9932367,Control,4.283333333333333
9932951,Test,5.35
9933481,Control,4.25
9933766,Control,9.25
9935196,Control,18.166666666666668
9935303,Control,1.1666666666666667
9935398,Test,7.183333333333334
9935417,Control,6.233333333333333
9935493,Test,4.916666666666667
9935561,Test,1.6
9935587,Test,5.3
9935799,Control,4.45
9935819,Test,17.166666666666668
9936686,Test,2.433333333333333
9937269,Control,21.3
9937743,Control,10.466666666666667
9937888,Test,2.0166666666666666
9938104,Test,4.016666666666667
9938114,Control,8.233333333333333
9938688,Test,1.5333333333333334
9938863,Control,3.7666666666666666
9939021,Test,3.6166666666666667
9939253,Control,6.95
9939260,Control,4.283333333333333
9939412,Test,31.733333333333334
9939805,Control,8.616666666666667
9939876,Test,2.5833333333333335
9939889,Control,1.4666666666666666
9941048,Control,5.75
9941376,Test,4.766666666666667
9942850,Test,2.8
9943578,Test,2.316666666666667
9943617,Test,26.15
9943749,Control,37.21666666666667
9944129,Test,2.683333333333333
9944156,Control,1.0
9944167,Control,2.25
9944190,Test,1.05
9944715,Control,9.183333333333334
9944818,Control,5.15
9944948,Control,4.3
9945309,Control,4.733333333333333
9946042,Test,8.716666666666667
9946099,Test,32.0
9946311,Test,6.116666666666666
9947548,Control,16.55
9947843,Test,13.766666666666667
9947963,Test,8.216666666666667
9948098,Control,11.316666666666666
9948208,Test,2.533333333333333
9948277,Control,2.7333333333333334
9948339,Control,21.15
9948844,Test,3.2333333333333334
9951010,Test,3.433333333333333
9951296,Test,5.333333333333333
9951563,Test,4.016666666666667
9952738,Control,5.683333333333334
9953208,Test,9.733333333333333
9953656,Test,12.966666666666667
9953790,Test,11.366666666666667
9955052,Test,7.133333333333334
9955114,Control,2.2333333333333334
9955191,Test,1.8333333333333333
9955208,Control,3.283333333333333
9955445,Control,8.366666666666667
9955650,Test,3.6166666666666667
9956232,Test,9.983333333333333
9956494,Test,15.383333333333333
9956593,Control,5.583333333333333
9956903,Test,4.4
9956954,Test,5.066666666666666
9957176,Control,8.833333333333334
9957239,Control,9.616666666666667
9957263,Test,3.85
9957303,Control,9.483333333333333
9957316,Control,4.75
9957402,Control,2.3666666666666667
9957871,Test,13.35
9958200,Test,1.4333333333333333
9959121,Test,12.233333333333333
9959659,Test,17.116666666666667
9959787,Test,1.5333333333333334
9959937,Control,2.216666666666667
9960137,Test,3.066666666666667
9960778,Test,9.25
9961437,Test,1.6833333333333333
9961502,Control,1.6833333333333333
9961684,Control,4.833333333333333
9961809,Control,3.75
9962276,Control,2.5833333333333335
9962929,Control,2.2333333333333334
9963117,Test,3.1166666666666667
9963681,Test,1.7166666666666666
9964277,Test,6.666666666666667
9964541,Test,4.4
9964910,Test,6.05
9964997,Test,1.9166666666666667
9965335,Test,3.5166666666666666
9965685,Test,1.3333333333333333
9965963,Control,6.65
9966028,Test,2.25
9966141,Control,22.583333333333332
9966704,Test,5.466666666666667
9966933,Control,1.2
9967298,Test,6.5
9967533,Test,10.083333333333334
9967744,Control,2.0
9967908,Test,5.083333333333333
9968024,Control,7.466666666666667
9968197,Test,2.9833333333333334
9968985,Test,3.8833333333333333
9969431,Test,1.75
9969821,Test,29.933333333333334
9969880,Control,3.0
9970501,Test,2.8666666666666667
9971481,Test,1.85
9971928,Test,5.85
9971962,Test,300.25
9972523,Test,6.633333333333334
9972610,Control,8.05
9972616,Control,4.6
9972992,Test,25.133333333333333
9973919,Test,3.6666666666666665
9974154,Test,5.2
9974466,Test,6.0
9974892,Test,1.7333333333333334
9975849,Control,4.6
9976102,Control,9.5
9976206,Control,11.016666666666667
9976578,Test,12.966666666666667
9976784,Control,2.3666666666666667
9977138,Control,9.966666666666667
9977189,Test,2.4166666666666665
9977341,Test,2.0
9977599,Test,5.25
9977902,Control,4.566666666666666
9978038,Control,7.483333333333333
9978138,Control,2.95
9978295,Test,14.8
9978868,Test,5.5
9979091,Test,4.283333333333333
9979358,Test,1.9333333333333333
9979846,Control,4.233333333333333
9980320,Test,3.15
9980327,Test,3.4833333333333334
9980566,Control,14.583333333333334
9980622,Test,4.6
9981420,Control,12.1
9981755,Control,2.2
9982215,Test,37.516666666666666
9982239,Test,2.35
9982969,Control,7.4
9982970,Control,3.066666666666667
9983426,Test,3.9833333333333334
9983987,Test,2.716666666666667
9984010,Control,4.666666666666667
9984341,Test,3.05
9984717,Test,4.3
9985127,Control,1.9666666666666666
9985251,Control,15.783333333333333
9985298,Test,5.2
9985540,Test,4.116666666666666
9985559,Control,2.7333333333333334
9985932,Test,3.683333333333333
9987051,Test,1.6
9987707,Test,23.983333333333334
9988530,Test,2.15
9988775,Control,2.6166666666666667
9988883,Test,6.083333333333333
9988960,Control,4.916666666666667
9989135,Test,4.733333333333333
9989306,Test,4.566666666666666
9989513,Test,3.6
9989589,Control,2.3666666666666667
9989637,Control,3.966666666666667
9990036,Control,2.5
9990056,Test,8.833333333333334
9990356,Test,3.05
9990452,Control,4.833333333333333
9990768,Test,1.9166666666666667
9991076,Test,10.733333333333333
9991130,Control,2.8333333333333335
9991244,Test,1.1833333333333333
9991468,Control,2.5
9991918,Test,5.766666666666667
9991980,Test,2.9166666666666665
9992229,Control,4.416666666666667
9992871,Control,3.1666666666666665
9993047,Control,2.8666666666666667
9993386,Test,3.9833333333333334
9994020,Control,3.033333333333333
9994115,Test,5.333333333333333
9994407,Control,8.033333333333333
9994764,Test,12.366666666666667
9995084,Control,7.75
9995400,Control,4.716666666666667
9996137,Control,4.5
9996404,Control,23.166666666666668
9996711,Control,11.433333333333334
9996901,Test,1.95
9997114,Control,4.966666666666667
9997125,Control,2.966666666666667
9997470,Control,43.766666666666666
9998156,Test,2.7666666666666666
9998346,Control,12.466666666666667
9998773,Test,4.916666666666667
9998851,Test,2.75
9999009,Test,2.85
9999400,Test,1.9833333333333334
9999729,Test,1.25
